liga,temporada,time,jogador,nacionalidade,posicao,idade,partidas,titularidades,minutos,gols,assistencias,gols_assistencias,gols_sem_penaltis,gols_90,assistencias_90,gols_assistencias_90
ITA-Serie A,2122,Atalanta,Davide Zappacosta,ITA,"MF,DF",29.0,34,29,2345,1,5,6,1,0.04,0.19,0.23
ITA-Serie A,2122,Atalanta,Duván Zapata,COL,FW,30.0,24,20,1722,10,4,14,7,0.52,0.21,0.73
ITA-Serie A,2122,Atalanta,Giuseppe Pezzella,ITA,"MF,DF",23.0,21,10,1072,0,2,2,0,0.0,0.17,0.17
ITA-Serie A,2122,Atalanta,Hans Hateboer,NED,"MF,DF",27.0,21,16,1386,0,0,0,0,0.0,0.0,0.0
ITA-Serie A,2122,Atalanta,Joakim Mæhle,DEN,MF,24.0,26,15,1471,1,1,2,1,0.06,0.06,0.12
ITA-Serie A,2122,Atalanta,Luis Muriel,COL,"FW,MF",30.0,27,17,1539,9,8,17,7,0.53,0.47,0.99
ITA-Serie A,2122,Atalanta,Mario Pašalić,CRO,"MF,FW",26.0,37,24,2002,13,6,19,13,0.58,0.27,0.85
ITA-Serie A,2122,Atalanta,Marten de Roon,NED,"MF,DF",30.0,30,28,2548,3,0,3,3,0.11,0.0,0.11
ITA-Serie A,2122,Atalanta,Matteo Pessina,ITA,"MF,FW",24.0,27,18,1438,1,1,2,1,0.06,0.06,0.13
ITA-Serie A,2122,Atalanta,Remo Freuler,SUI,MF,29.0,29,28,2369,1,3,4,1,0.04,0.11,0.15
ITA-Serie A,2122,Atalanta,Ruslan Malinovskyi,UKR,"MF,FW",28.0,30,19,1592,6,5,11,6,0.34,0.28,0.62
ITA-Serie A,2122,Atalanta,Teun Koopmeiners,NED,MF,23.0,30,23,2126,4,1,5,4,0.17,0.04,0.21
ITA-Serie A,2122,Bologna,Aaron Hickey,SCO,"MF,DF",19.0,36,34,2820,5,1,6,5,0.16,0.03,0.19
ITA-Serie A,2122,Bologna,Jerdy Schouten,NED,MF,24.0,17,16,1392,1,1,2,1,0.06,0.06,0.13
ITA-Serie A,2122,Bologna,Lorenzo De Silvestri,ITA,"MF,DF",33.0,31,27,2294,3,2,5,3,0.12,0.08,0.2
ITA-Serie A,2122,Bologna,Marko Arnautović,AUT,FW,32.0,33,32,2694,14,1,15,12,0.47,0.03,0.5
ITA-Serie A,2122,Bologna,Mattias Svanberg,SWE,MF,22.0,36,31,2564,3,3,6,3,0.11,0.11,0.21
ITA-Serie A,2122,Bologna,Musa Barrow,GAM,"MF,FW",22.0,34,25,2134,6,6,12,6,0.25,0.25,0.51
ITA-Serie A,2122,Bologna,Nicolás Domínguez,ARG,MF,23.0,28,23,2015,0,3,3,0,0.0,0.13,0.13
ITA-Serie A,2122,Bologna,Riccardo Orsolini,ITA,"FW,MF",24.0,29,21,1785,6,3,9,4,0.3,0.15,0.45
ITA-Serie A,2122,Bologna,Roberto Soriano,ITA,MF,30.0,35,32,2622,0,4,4,0,0.0,0.14,0.14
ITA-Serie A,2122,Cagliari,Alberto Grassi,ITA,MF,26.0,30,26,2174,0,1,1,0,0.0,0.04,0.04
ITA-Serie A,2122,Cagliari,Alessandro Deiola,ITA,MF,25.0,33,28,2129,4,1,5,4,0.17,0.04,0.21
ITA-Serie A,2122,Cagliari,Babis Lykogiannis,GRE,"MF,DF",27.0,28,21,1817,1,0,1,1,0.05,0.0,0.05
ITA-Serie A,2122,Cagliari,Dalbert Henrique,BRA,MF,27.0,28,27,2081,0,2,2,0,0.0,0.09,0.09
ITA-Serie A,2122,Cagliari,Gabriele Zappa,ITA,"MF,DF",21.0,25,11,1144,0,0,0,0,0.0,0.0,0.0
ITA-Serie A,2122,Cagliari,Gastón Pereiro,URU,"FW,MF",26.0,29,9,975,4,2,6,4,0.37,0.18,0.55
ITA-Serie A,2122,Cagliari,João Pedro,ITA,FW,29.0,37,37,3323,13,4,17,10,0.35,0.11,0.46
ITA-Serie A,2122,Cagliari,Keita Baldé,SEN,FW,26.0,26,14,1229,3,1,4,3,0.22,0.07,0.29
ITA-Serie A,2122,Cagliari,Leonardo Pavoletti,ITA,FW,32.0,33,14,1518,5,1,6,5,0.3,0.06,0.36
ITA-Serie A,2122,Cagliari,Nahitan Nández,URU,MF,25.0,21,16,1523,0,2,2,0,0.0,0.12,0.12
ITA-Serie A,2122,Cagliari,Raoul Bellanova,ITA,MF,21.0,31,27,2496,1,2,3,1,0.04,0.07,0.11
ITA-Serie A,2122,Cagliari,Răzvan Marin,ROU,MF,25.0,36,31,2816,0,5,5,0,0.0,0.16,0.16
ITA-Serie A,2122,Empoli,Andrea Pinamonti,ITA,FW,22.0,36,32,2869,13,2,15,9,0.41,0.06,0.47
ITA-Serie A,2122,Empoli,Federico Di Francesco,ITA,"FW,MF",27.0,26,17,1367,5,0,5,5,0.33,0.0,0.33
ITA-Serie A,2122,Empoli,Filippo Bandinelli,ITA,MF,26.0,35,24,1955,2,3,5,2,0.09,0.14,0.23
ITA-Serie A,2122,Empoli,Kristjan Asllani,ALB,MF,19.0,23,14,1353,1,1,2,1,0.07,0.07,0.13
ITA-Serie A,2122,Empoli,Liam Henderson,SCO,MF,25.0,38,23,2020,2,3,5,2,0.09,0.13,0.22
ITA-Serie A,2122,Empoli,Nedim Bajrami,ALB,MF,22.0,35,23,2054,6,5,11,3,0.26,0.22,0.48
ITA-Serie A,2122,Empoli,Nicolas Haas,SUI,MF,25.0,16,11,1001,0,2,2,0,0.0,0.18,0.18
ITA-Serie A,2122,Empoli,Patrick Cutrone,ITA,FW,23.0,28,15,1401,3,0,3,3,0.19,0.0,0.19
ITA-Serie A,2122,Empoli,Samuele Ricci,ITA,MF,19.0,21,17,1530,1,1,2,1,0.06,0.06,0.12
ITA-Serie A,2122,Empoli,Szymon Żurkowski,POL,MF,23.0,35,29,2307,6,2,8,6,0.23,0.08,0.31
ITA-Serie A,2122,Fiorentina,Alfred Duncan,GHA,MF,28.0,33,21,1931,2,2,4,2,0.09,0.09,0.19
ITA-Serie A,2122,Fiorentina,Dušan Vlahović,SRB,FW,21.0,21,21,1857,17,2,19,12,0.82,0.1,0.92
ITA-Serie A,2122,Fiorentina,Gaetano Castrovilli,ITA,MF,24.0,23,16,1391,1,1,2,1,0.06,0.06,0.13
ITA-Serie A,2122,Fiorentina,Giacomo Bonaventura,ITA,MF,31.0,31,28,2266,4,4,8,4,0.16,0.16,0.32
ITA-Serie A,2122,Fiorentina,José Callejón,ESP,FW,34.0,30,16,1298,1,2,3,1,0.07,0.14,0.21
ITA-Serie A,2122,Fiorentina,Lucas Torreira,URU,MF,25.0,31,26,2195,5,1,6,5,0.21,0.04,0.25
ITA-Serie A,2122,Fiorentina,Nicolás González,ARG,FW,23.0,33,26,2357,7,6,13,4,0.27,0.23,0.5
ITA-Serie A,2122,Fiorentina,Riccardo Saponara,ITA,FW,29.0,29,13,1284,3,3,6,3,0.21,0.21,0.42
ITA-Serie A,2122,Fiorentina,Riccardo Sottil,ITA,FW,22.0,24,14,1239,3,2,5,3,0.22,0.15,0.36
ITA-Serie A,2122,Fiorentina,Sofyan Amrabat,MAR,MF,24.0,23,8,944,1,0,1,1,0.1,0.0,0.1
ITA-Serie A,2122,Fiorentina,Youssef Maleh,MAR,MF,22.0,28,11,1019,2,2,4,2,0.18,0.18,0.35
ITA-Serie A,2122,Genoa,Andrea Cambiaso,ITA,"MF,DF",21.0,26,21,1790,1,4,5,1,0.05,0.2,0.25
ITA-Serie A,2122,Genoa,Caleb Ekuban,GHA,"FW,MF",27.0,30,18,1716,1,2,3,1,0.05,0.1,0.16
ITA-Serie A,2122,Genoa,Filippo Melegoni,ITA,MF,22.0,25,10,980,1,0,1,1,0.09,0.0,0.09
ITA-Serie A,2122,Genoa,Manolo Portanova,ITA,MF,21.0,24,17,1322,1,0,1,1,0.07,0.0,0.07
ITA-Serie A,2122,Genoa,Mattia Destro,ITA,FW,30.0,27,21,1744,9,1,10,9,0.46,0.05,0.52
ITA-Serie A,2122,Genoa,Milan Badelj,CRO,MF,32.0,34,34,2844,1,0,1,1,0.03,0.0,0.03
ITA-Serie A,2122,Genoa,Nicolò Rovella,ITA,MF,19.0,21,16,1468,0,3,3,0,0.0,0.18,0.18
ITA-Serie A,2122,Genoa,Pablo Galdames Millán,CHI,MF,24.0,19,11,1028,0,0,0,0,0.0,0.0,0.0
ITA-Serie A,2122,Genoa,Stefano Sturaro,ITA,MF,28.0,25,24,1766,0,0,0,0,0.0,0.0,0.0
ITA-Serie A,2122,Hellas Verona,Adrien Tameze,CMR,MF,27.0,38,26,2574,4,2,6,4,0.14,0.07,0.21
ITA-Serie A,2122,Hellas Verona,Antonín Barák,CZE,"MF,FW",26.0,29,27,2340,11,4,15,7,0.42,0.15,0.58
ITA-Serie A,2122,Hellas Verona,Bosko Sutalo,CRO,"DF,MF",21.0,24,6,920,0,0,0,0,0.0,0.0,0.0
ITA-Serie A,2122,Hellas Verona,Darko Lazović,SRB,MF,30.0,34,32,2766,1,7,8,1,0.03,0.23,0.26
ITA-Serie A,2122,Hellas Verona,Davide Faraoni,ITA,MF,29.0,32,30,2572,4,5,9,4,0.14,0.17,0.31
ITA-Serie A,2122,Hellas Verona,Gianluca Caprari,ITA,"MF,FW",28.0,35,33,2739,12,7,19,10,0.39,0.23,0.62
ITA-Serie A,2122,Hellas Verona,Giovanni Simeone,ARG,FW,26.0,35,32,2653,17,5,22,17,0.58,0.17,0.75
ITA-Serie A,2122,Hellas Verona,Ivan Ilić,SRB,MF,20.0,32,30,2526,1,3,4,1,0.04,0.11,0.14
ITA-Serie A,2122,Hellas Verona,Kevin Lasagna,ITA,"MF,FW",28.0,28,11,1184,2,4,6,2,0.15,0.3,0.46
ITA-Serie A,2122,Hellas Verona,Miguel Veloso,POR,MF,35.0,22,17,1343,0,3,3,0,0.0,0.2,0.2
ITA-Serie A,2122,Hellas Verona,Nicolò Casale,ITA,"DF,MF",23.0,36,30,2586,0,1,1,0,0.0,0.03,0.03
ITA-Serie A,2122,Inter,Denzel Dumfries,NED,MF,25.0,33,21,2028,5,4,9,5,0.22,0.18,0.4
ITA-Serie A,2122,Inter,Edin Džeko,BIH,FW,35.0,36,27,2469,13,6,19,13,0.47,0.22,0.69
ITA-Serie A,2122,Inter,Federico Dimarco,ITA,"DF,MF",23.0,32,13,1430,2,3,5,2,0.13,0.19,0.31
ITA-Serie A,2122,Inter,Hakan Çalhanoğlu,TUR,MF,27.0,34,33,2480,7,12,19,4,0.25,0.44,0.69
ITA-Serie A,2122,Inter,Ivan Perišić,CRO,MF,32.0,35,35,2821,8,6,14,7,0.26,0.19,0.45
ITA-Serie A,2122,Inter,Joaquín Correa,ARG,FW,26.0,26,12,1025,6,1,7,6,0.53,0.09,0.61
ITA-Serie A,2122,Inter,Lautaro Martínez,ARG,FW,23.0,35,28,2282,21,3,24,18,0.83,0.12,0.95
ITA-Serie A,2122,Inter,Marcelo Brozović,CRO,MF,28.0,35,35,2937,2,1,3,2,0.06,0.03,0.09
ITA-Serie A,2122,Inter,Matteo Darmian,ITA,MF,31.0,25,18,1507,2,1,3,2,0.12,0.06,0.18
ITA-Serie A,2122,Inter,Nicolò Barella,ITA,MF,24.0,36,36,2913,3,11,14,3,0.09,0.34,0.43
ITA-Serie A,2122,Juventus,Adrien Rabiot,FRA,MF,26.0,32,28,2285,0,2,2,0,0.0,0.08,0.08
ITA-Serie A,2122,Juventus,Arthur Melo,BRA,MF,24.0,20,11,962,0,0,0,0,0.0,0.0,0.0
ITA-Serie A,2122,Juventus,Danilo,BRA,"DF,MF",30.0,22,22,1893,1,2,3,1,0.05,0.1,0.14
ITA-Serie A,2122,Juventus,Dušan Vlahović,SRB,FW,21.0,15,12,1076,7,1,8,7,0.59,0.08,0.67
ITA-Serie A,2122,Juventus,Federico Bernardeschi,ITA,"MF,FW",27.0,28,16,1475,1,3,4,1,0.06,0.18,0.24
ITA-Serie A,2122,Juventus,Juan Cuadrado,COL,"MF,DF",33.0,33,28,2487,4,3,7,4,0.14,0.11,0.25
ITA-Serie A,2122,Juventus,Luca Pellegrini,ITA,"DF,MF",22.0,18,15,1107,0,1,1,0,0.0,0.08,0.08
ITA-Serie A,2122,Juventus,Manuel Locatelli,ITA,MF,23.0,31,23,2160,3,3,6,3,0.12,0.12,0.25
ITA-Serie A,2122,Juventus,Moise Kean,ITA,FW,21.0,32,12,1098,5,2,7,5,0.41,0.16,0.57
ITA-Serie A,2122,Juventus,Paulo Dybala,ARG,"FW,MF",27.0,29,26,2061,10,5,15,9,0.44,0.22,0.66
ITA-Serie A,2122,Juventus,Rodrigo Bentancur,URU,MF,24.0,19,13,1155,0,1,1,0,0.0,0.08,0.08
ITA-Serie A,2122,Juventus,Weston McKennie,USA,MF,22.0,21,15,1369,3,0,3,3,0.2,0.0,0.2
ITA-Serie A,2122,Juventus,Álvaro Morata,ESP,"FW,MF",28.0,35,26,2302,9,4,13,8,0.35,0.16,0.51
ITA-Serie A,2122,Lazio,Ciro Immobile,ITA,FW,31.0,31,31,2711,27,2,29,20,0.9,0.07,0.96
ITA-Serie A,2122,Lazio,Danilo Cataldi,ITA,MF,26.0,32,19,1707,1,2,3,1,0.05,0.11,0.16
ITA-Serie A,2122,Lazio,Felipe Anderson,BRA,FW,28.0,38,33,2888,6,8,14,6,0.19,0.25,0.44
ITA-Serie A,2122,Lazio,Lucas Leiva,BRA,MF,34.0,35,19,1697,0,0,0,0,0.0,0.0,0.0
ITA-Serie A,2122,Lazio,Luis Alberto,ESP,MF,28.0,34,27,2353,5,9,14,5,0.19,0.34,0.54
ITA-Serie A,2122,Lazio,Mattia Zaccagni,ITA,FW,26.0,29,21,1876,4,5,9,4,0.19,0.24,0.43
ITA-Serie A,2122,Lazio,Pedro,ESP,FW,34.0,32,25,2033,9,4,13,9,0.4,0.18,0.58
ITA-Serie A,2122,Lazio,Sergej Milinković-Savić,SRB,MF,26.0,37,36,3100,11,10,21,11,0.32,0.29,0.61
ITA-Serie A,2122,Lazio,Toma Bašić,CRO,MF,24.0,29,9,982,0,2,2,0,0.0,0.18,0.18
ITA-Serie A,2122,Milan,Alessandro Florenzi,ITA,"DF,MF",30.0,24,12,1152,2,0,2,2,0.16,0.0,0.16
ITA-Serie A,2122,Milan,Alexis Saelemaekers,BEL,MF,22.0,36,22,1865,1,3,4,1,0.05,0.14,0.19
ITA-Serie A,2122,Milan,Brahim Díaz,MAR,MF,21.0,31,25,1855,3,3,6,3,0.15,0.15,0.29
ITA-Serie A,2122,Milan,Franck Kessié,CIV,MF,24.0,31,25,2308,6,0,6,4,0.23,0.0,0.23
ITA-Serie A,2122,Milan,Ismaël Bennacer,ALG,MF,23.0,31,15,1525,2,1,3,2,0.12,0.06,0.18
ITA-Serie A,2122,Milan,Junior Messias,BRA,MF,30.0,26,14,1428,5,2,7,5,0.32,0.13,0.44
ITA-Serie A,2122,Milan,Olivier Giroud,FRA,FW,34.0,29,22,1892,11,3,14,9,0.52,0.14,0.67
ITA-Serie A,2122,Milan,Rade Krunić,BIH,MF,27.0,28,15,1416,0,1,1,0,0.0,0.06,0.06
ITA-Serie A,2122,Milan,Rafael Leão,POR,MF,22.0,34,31,2605,11,10,21,11,0.38,0.35,0.73
ITA-Serie A,2122,Milan,Sandro Tonali,ITA,MF,21.0,36,31,2600,5,2,7,5,0.17,0.07,0.24
ITA-Serie A,2122,Milan,Zlatan Ibrahimović,SWE,FW,39.0,23,11,1016,8,2,10,8,0.71,0.18,0.89
ITA-Serie A,2122,Napoli,Dries Mertens,BEL,"FW,MF",34.0,30,16,1384,11,1,12,10,0.72,0.07,0.78
ITA-Serie A,2122,Napoli,Elif Elmas,MKD,MF,21.0,37,12,1620,3,4,7,3,0.17,0.22,0.39
ITA-Serie A,2122,Napoli,Fabián Ruiz Peña,ESP,MF,25.0,32,29,2384,7,4,11,7,0.26,0.15,0.42
ITA-Serie A,2122,Napoli,Frank Anguissa,CMR,MF,25.0,25,21,1926,0,1,1,0,0.0,0.05,0.05
ITA-Serie A,2122,Napoli,Hirving Lozano,MEX,"MF,FW",26.0,30,20,1613,5,5,10,5,0.28,0.28,0.56
ITA-Serie A,2122,Napoli,Lorenzo Insigne,ITA,"MF,FW",30.0,32,28,2290,11,8,19,2,0.43,0.31,0.75
ITA-Serie A,2122,Napoli,Matteo Politano,ITA,"MF,FW",27.0,33,20,1650,3,4,7,3,0.16,0.22,0.38
ITA-Serie A,2122,Napoli,Piotr Zieliński,POL,MF,27.0,35,26,2086,6,5,11,6,0.26,0.22,0.47
ITA-Serie A,2122,Napoli,Stanislav Lobotka,SVK,MF,26.0,23,19,1686,1,0,1,1,0.05,0.0,0.05
ITA-Serie A,2122,Napoli,Victor Osimhen,NGA,FW,22.0,27,23,1983,14,2,16,14,0.64,0.09,0.73
ITA-Serie A,2122,Roma,Bryan Cristante,ITA,MF,26.0,34,29,2678,2,0,2,2,0.07,0.0,0.07
ITA-Serie A,2122,Roma,Henrikh Mkhitaryan,ARM,MF,32.0,31,29,2495,5,6,11,5,0.18,0.22,0.4
ITA-Serie A,2122,Roma,Jordan Veretout,FRA,MF,28.0,36,26,2319,4,8,12,3,0.16,0.31,0.47
ITA-Serie A,2122,Roma,Lorenzo Pellegrini,ITA,MF,25.0,28,27,2289,9,3,12,7,0.35,0.12,0.47
ITA-Serie A,2122,Roma,Matías Viña,URU,"DF,MF",23.0,26,18,1565,0,1,1,0,0.0,0.06,0.06
ITA-Serie A,2122,Roma,Nicolò Zaniolo,ITA,"FW,MF",22.0,28,23,1971,2,1,3,2,0.09,0.05,0.14
ITA-Serie A,2122,Roma,Rick Karsdorp,NED,"MF,DF",26.0,36,32,2883,0,2,2,0,0.0,0.06,0.06
ITA-Serie A,2122,Roma,Stephan El Shaarawy,ITA,MF,28.0,27,8,1055,3,0,3,3,0.26,0.0,0.26
ITA-Serie A,2122,Roma,Tammy Abraham,ENG,FW,23.0,37,36,3084,17,4,21,14,0.5,0.12,0.61
ITA-Serie A,2122,Salernitana,Federico Bonazzoli,ITA,"FW,MF",24.0,32,19,1866,10,0,10,8,0.48,0.0,0.48
ITA-Serie A,2122,Salernitana,Francesco Di Tacchio,ITA,"MF,DF",31.0,18,14,1255,0,0,0,0,0.0,0.0,0.0
ITA-Serie A,2122,Salernitana,Franck Ribéry,FRA,"MF,FW",38.0,23,16,1421,0,2,2,0,0.0,0.13,0.13
ITA-Serie A,2122,Salernitana,Grigoris Kastanos,CYP,"MF,FW",23.0,27,16,1348,1,1,2,1,0.07,0.07,0.13
ITA-Serie A,2122,Salernitana,Ivan Radovanović,SRB,"DF,MF",32.0,14,12,1053,1,1,2,1,0.09,0.09,0.17
ITA-Serie A,2122,Salernitana,Joel Obi,NGA,MF,30.0,21,12,1143,0,1,1,0,0.0,0.08,0.08
ITA-Serie A,2122,Salernitana,Lassana Coulibaly,MLI,MF,25.0,31,29,2332,0,0,0,0,0.0,0.0,0.0
ITA-Serie A,2122,Salernitana,Luca Ranieri,ITA,"DF,MF",22.0,27,25,2103,1,0,1,1,0.04,0.0,0.04
ITA-Serie A,2122,Salernitana,Milan Đurić,BIH,FW,31.0,33,23,2165,5,4,9,4,0.21,0.17,0.37
ITA-Serie A,2122,Salernitana,Nadir Zortea,ITA,"MF,DF",22.0,29,13,1410,1,2,3,1,0.06,0.13,0.19
ITA-Serie A,2122,Salernitana,Pasquale Mazzocchi,ITA,"MF,DF",26.0,15,15,1269,0,2,2,0,0.0,0.14,0.14
ITA-Serie A,2122,Salernitana,Riccardo Gagliolo,SWE,"DF,MF",31.0,17,12,1138,0,1,1,0,0.0,0.08,0.08
ITA-Serie A,2122,Salernitana,Wajdi Kechrida,TUN,"MF,DF",25.0,17,10,952,0,1,1,0,0.0,0.09,0.09
ITA-Serie A,2122,Salernitana,Éderson Silva,BRA,MF,22.0,15,13,1147,2,1,3,2,0.16,0.08,0.24
ITA-Serie A,2122,Sampdoria,Adrien Silva,POR,MF,32.0,17,12,1083,0,1,1,0,0.0,0.08,0.08
ITA-Serie A,2122,Sampdoria,Albin Ekdal,SWE,MF,32.0,26,19,1637,1,0,1,1,0.05,0.0,0.05
ITA-Serie A,2122,Sampdoria,Antonio Candreva,ITA,MF,34.0,36,36,3119,7,10,17,6,0.2,0.29,0.49
ITA-Serie A,2122,Sampdoria,Fabio Quagliarella,ITA,FW,38.0,33,19,1664,4,2,6,3,0.22,0.11,0.32
ITA-Serie A,2122,Sampdoria,Francesco Caputo,ITA,FW,33.0,36,31,2790,11,3,14,11,0.35,0.1,0.45
ITA-Serie A,2122,Sampdoria,Manolo Gabbiadini,ITA,"FW,MF",29.0,18,15,1140,6,2,8,6,0.47,0.16,0.63
ITA-Serie A,2122,Sampdoria,Morten Thorsby,NOR,MF,25.0,35,35,2943,3,1,4,3,0.09,0.03,0.12
ITA-Serie A,2122,Sampdoria,Tomás Rincón,VEN,MF,33.0,17,13,1166,0,0,0,0,0.0,0.0,0.0
ITA-Serie A,2122,Sassuolo,Davide Frattesi,ITA,MF,21.0,36,35,2854,4,3,7,4,0.13,0.09,0.22
ITA-Serie A,2122,Sassuolo,Domenico Berardi,ITA,"MF,FW",26.0,33,33,2819,15,14,29,9,0.48,0.45,0.93
ITA-Serie A,2122,Sassuolo,Giacomo Raspadori,ITA,"MF,FW",21.0,36,32,2740,10,4,14,10,0.33,0.13,0.46
ITA-Serie A,2122,Sassuolo,Gianluca Scamacca,ITA,FW,22.0,36,25,2146,16,0,16,15,0.67,0.0,0.67
ITA-Serie A,2122,Sassuolo,Giorgos Kyriakopoulos,GRE,"DF,MF",25.0,29,22,1975,0,5,5,0,0.0,0.23,0.23
ITA-Serie A,2122,Sassuolo,Grégoire Defrel,MTQ,"FW,MF",30.0,38,11,1362,2,2,4,2,0.13,0.13,0.26
ITA-Serie A,2122,Sassuolo,Hamed Junior Traorè,CIV,MF,21.0,31,21,1775,7,2,9,7,0.35,0.1,0.46
ITA-Serie A,2122,Sassuolo,Matheus Henrique,BRA,MF,23.0,25,10,1078,0,1,1,0,0.0,0.08,0.08
ITA-Serie A,2122,Sassuolo,Maxime Lopez,FRA,MF,23.0,35,33,2938,2,1,3,2,0.06,0.03,0.09
ITA-Serie A,2122,Spezia,Arkadiusz Reca,POL,"DF,MF",26.0,25,22,1772,0,2,2,0,0.0,0.1,0.1
ITA-Serie A,2122,Spezia,Daniele Verde,ITA,"MF,FW",25.0,33,21,1957,8,6,14,7,0.37,0.28,0.64
ITA-Serie A,2122,Spezia,Emmanuel Gyasi,GHA,"MF,FW",27.0,36,35,3035,6,0,6,6,0.18,0.0,0.18
ITA-Serie A,2122,Spezia,Giulio Maggiore,ITA,MF,23.0,35,33,2819,2,3,5,2,0.06,0.1,0.16
ITA-Serie A,2122,Spezia,Jakub Kiwior,POL,MF,21.0,22,21,1964,0,0,0,0,0.0,0.0,0.0
ITA-Serie A,2122,Spezia,Kevin Agudelo,COL,"MF,FW",22.0,23,12,1237,3,1,4,3,0.22,0.07,0.29
ITA-Serie A,2122,Spezia,M'Bala Nzola,ANG,FW,24.0,21,10,1068,2,1,3,2,0.17,0.08,0.25
ITA-Serie A,2122,Spezia,Rey Manaj,ALB,FW,24.0,30,19,1768,5,0,5,3,0.25,0.0,0.25
ITA-Serie A,2122,Spezia,Salvador Ferrer,ESP,"DF,MF",23.0,27,14,1495,0,3,3,0,0.0,0.18,0.18
ITA-Serie A,2122,Spezia,Simone Bastoni,ITA,"MF,DF",24.0,31,26,2288,3,3,6,3,0.12,0.12,0.24
ITA-Serie A,2122,Spezia,Viktor Kovalenko,UKR,MF,25.0,26,16,1325,1,3,4,1,0.07,0.2,0.27
ITA-Serie A,2122,Torino,Andrea Belotti,ITA,FW,27.0,22,16,1371,8,1,9,5,0.53,0.07,0.59
ITA-Serie A,2122,Torino,Antonio Sanabria,PAR,FW,25.0,29,22,1803,6,1,7,6,0.3,0.05,0.35
ITA-Serie A,2122,Torino,Dennis Praet,BEL,MF,27.0,23,17,1539,2,2,4,2,0.12,0.12,0.23
ITA-Serie A,2122,Torino,Josip Brekalo,CRO,MF,23.0,32,26,2286,7,2,9,7,0.28,0.08,0.35
ITA-Serie A,2122,Torino,Marko Pjaca,CRO,MF,26.0,24,13,1149,3,0,3,3,0.23,0.0,0.23
ITA-Serie A,2122,Torino,Mërgim Vojvoda,KVX,MF,26.0,29,22,1976,0,3,3,0,0.0,0.14,0.14
ITA-Serie A,2122,Torino,Ola Aina,NGA,MF,24.0,21,17,1437,0,0,0,0,0.0,0.0,0.0
ITA-Serie A,2122,Torino,Rolando Mandragora,ITA,MF,24.0,21,16,1319,0,2,2,0,0.0,0.14,0.14
ITA-Serie A,2122,Torino,Saša Lukić,SRB,MF,24.0,35,34,2982,5,4,9,2,0.15,0.12,0.27
ITA-Serie A,2122,Torino,Tommaso Pobega,ITA,MF,22.0,33,24,2240,4,2,6,4,0.16,0.08,0.24
ITA-Serie A,2122,Torino,Wilfried Singo,CIV,MF,20.0,35,32,2607,3,4,7,3,0.1,0.14,0.24
ITA-Serie A,2122,Udinese,Beto,GNB,FW,23.0,28,24,2173,11,0,11,11,0.46,0.0,0.46
ITA-Serie A,2122,Udinese,Destiny Udogie,ITA,"MF,DF",18.0,35,29,2477,5,3,8,5,0.18,0.11,0.29
ITA-Serie A,2122,Udinese,Gerard Deulofeu,ESP,"FW,MF",27.0,34,31,2616,13,5,18,12,0.45,0.17,0.62
ITA-Serie A,2122,Udinese,Ignacio Pussetto,ARG,"FW,MF",25.0,28,11,1204,4,4,8,3,0.3,0.3,0.6
ITA-Serie A,2122,Udinese,Isaac Success,NGA,FW,25.0,22,11,911,2,6,8,2,0.2,0.59,0.79
ITA-Serie A,2122,Udinese,Jean-Victor Makengo,FRA,MF,23.0,33,26,2351,1,3,4,1,0.04,0.11,0.15
ITA-Serie A,2122,Udinese,Nahuel Molina,ARG,MF,23.0,35,31,2638,7,2,9,7,0.24,0.07,0.31
ITA-Serie A,2122,Udinese,Roberto Pereyra,ARG,"MF,FW",30.0,24,22,1794,3,5,8,2,0.15,0.25,0.4
ITA-Serie A,2122,Udinese,Tolgay Arslan,GER,MF,30.0,30,22,1658,1,0,1,1,0.05,0.0,0.05
ITA-Serie A,2122,Udinese,Walace,BRA,MF,26.0,36,33,2970,1,0,1,1,0.03,0.0,0.03
ITA-Serie A,2122,Venezia,Antonio Vacca,ITA,MF,31.0,21,15,1064,0,0,0,0,0.0,0.0,0.0
ITA-Serie A,2122,Venezia,David Okereke,NGA,"FW,MF",23.0,32,24,2053,7,0,7,7,0.31,0.0,0.31
ITA-Serie A,2122,Venezia,Dennis Johnsen,NOR,"FW,MF",23.0,26,17,1445,1,2,3,1,0.06,0.12,0.19
ITA-Serie A,2122,Venezia,Domen Črnigoj,SVN,MF,25.0,34,22,1881,3,1,4,3,0.14,0.05,0.19
ITA-Serie A,2122,Venezia,Ethan Ampadu,WAL,"MF,DF",20.0,29,26,2282,0,3,3,0,0.0,0.12,0.12
ITA-Serie A,2122,Venezia,Gianluca Busio,USA,MF,19.0,29,23,1950,1,1,2,1,0.05,0.05,0.09
ITA-Serie A,2122,Venezia,Mattia Aramu,ITA,"MF,FW",26.0,32,25,2100,7,5,12,4,0.3,0.21,0.51
ITA-Serie A,2122,Venezia,Mickaël Cuisance,FRA,MF,21.0,13,13,918,0,0,0,0,0.0,0.0,0.0
ITA-Serie A,2122,Venezia,Ridgeciano Haps,SUR,"DF,MF",28.0,25,24,2056,1,1,2,1,0.04,0.04,0.09
ITA-Serie A,2122,Venezia,Sofian Kiyine,MAR,"MF,FW",23.0,26,14,1239,1,0,1,1,0.07,0.0,0.07
ITA-Serie A,2122,Venezia,Thomas Henry,FRA,FW,26.0,33,23,2115,9,2,11,9,0.38,0.09,0.47
ITA-Serie A,2223,Atalanta,Ademola Lookman,NGA,"FW,MF",24.0,31,20,1729,13,6,19,10,0.68,0.31,0.99
ITA-Serie A,2223,Atalanta,Davide Zappacosta,ITA,MF,30.0,21,18,1471,4,2,6,4,0.24,0.12,0.37
ITA-Serie A,2223,Atalanta,Duván Zapata,COL,FW,31.0,25,16,1390,2,2,4,2,0.13,0.13,0.26
ITA-Serie A,2223,Atalanta,Hans Hateboer,NED,"MF,DF",28.0,17,17,1397,1,1,2,1,0.06,0.06,0.13
ITA-Serie A,2223,Atalanta,Joakim Mæhle,DEN,MF,25.0,34,25,2209,3,3,6,3,0.12,0.12,0.24
ITA-Serie A,2223,Atalanta,Luis Muriel,COL,"FW,MF",31.0,29,10,1073,3,3,6,2,0.25,0.25,0.5
ITA-Serie A,2223,Atalanta,Mario Pašalić,CRO,MF,27.0,32,24,1769,5,2,7,5,0.25,0.1,0.36
ITA-Serie A,2223,Atalanta,Marten de Roon,NED,MF,31.0,35,34,2964,3,1,4,3,0.09,0.03,0.12
ITA-Serie A,2223,Atalanta,Rasmus Højlund,DEN,FW,19.0,32,20,1834,9,2,11,9,0.44,0.1,0.54
ITA-Serie A,2223,Atalanta,Teun Koopmeiners,NED,MF,24.0,33,32,2858,10,4,14,8,0.31,0.13,0.44
ITA-Serie A,2223,Atalanta,Éderson Silva,BRA,MF,23.0,35,25,2215,1,1,2,1,0.04,0.04,0.08
ITA-Serie A,2223,Bologna,Andrea Cambiaso,ITA,"DF,MF",22.0,32,25,2170,0,3,3,0,0.0,0.12,0.12
ITA-Serie A,2223,Bologna,Gary Medel,CHI,"MF,DF",34.0,29,17,1478,0,1,1,0,0.0,0.06,0.06
ITA-Serie A,2223,Bologna,Jerdy Schouten,NED,MF,25.0,33,29,2509,0,2,2,0,0.0,0.07,0.07
ITA-Serie A,2223,Bologna,Lewis Ferguson,SCO,MF,22.0,32,27,2314,7,0,7,7,0.27,0.0,0.27
ITA-Serie A,2223,Bologna,Marko Arnautović,AUT,FW,33.0,21,18,1530,10,0,10,7,0.59,0.0,0.59
ITA-Serie A,2223,Bologna,Michel Aebischer,SUI,"MF,FW",25.0,32,18,1542,1,0,1,1,0.06,0.0,0.06
ITA-Serie A,2223,Bologna,Musa Barrow,GAM,"MF,FW",23.0,32,26,1960,3,8,11,3,0.14,0.37,0.51
ITA-Serie A,2223,Bologna,Nicolás Domínguez,ARG,MF,24.0,31,26,2300,3,2,5,3,0.12,0.08,0.2
ITA-Serie A,2223,Bologna,Nikola Moro,CRO,MF,24.0,26,12,1226,1,5,6,1,0.07,0.37,0.44
ITA-Serie A,2223,Bologna,Riccardo Orsolini,ITA,"MF,FW",25.0,32,22,2124,11,4,15,8,0.47,0.17,0.64
ITA-Serie A,2223,Bologna,Roberto Soriano,ITA,MF,31.0,27,15,1326,1,3,4,1,0.07,0.2,0.27
ITA-Serie A,2223,Cremonese,Charles Pickel,COD,MF,25.0,33,30,2483,1,0,1,1,0.04,0.0,0.04
ITA-Serie A,2223,Cremonese,Cristian Buonaiuto,ITA,"MF,FW",29.0,29,7,980,1,0,1,0,0.09,0.0,0.09
ITA-Serie A,2223,Cremonese,Cyriel Dessers,NGA,FW,27.0,26,19,1587,6,1,7,6,0.34,0.06,0.4
ITA-Serie A,2223,Cremonese,Daniel Ciofani,ITA,FW,37.0,32,10,1060,8,0,8,5,0.68,0.0,0.68
ITA-Serie A,2223,Cremonese,David Okereke,NGA,"FW,MF",24.0,33,25,2266,7,0,7,6,0.28,0.0,0.28
ITA-Serie A,2223,Cremonese,Emanuele Valeri,ITA,"MF,DF",23.0,37,31,2785,2,3,5,2,0.06,0.1,0.16
ITA-Serie A,2223,Cremonese,Frank Tsadjout,ITA,FW,23.0,20,14,1051,3,1,4,3,0.26,0.09,0.34
ITA-Serie A,2223,Cremonese,Leonardo Sernicola,ITA,"MF,DF",25.0,32,27,2317,2,2,4,2,0.08,0.08,0.16
ITA-Serie A,2223,Cremonese,Marco Benassi,ITA,MF,27.0,15,11,998,0,0,0,0,0.0,0.0,0.0
ITA-Serie A,2223,Cremonese,Michele Castagnetti,ITA,MF,32.0,27,14,1412,0,1,1,0,0.0,0.06,0.06
ITA-Serie A,2223,Cremonese,Soualiho Meïté,FRA,MF,28.0,31,28,2366,0,2,2,0,0.0,0.08,0.08
ITA-Serie A,2223,Empoli,Alberto Grassi,ITA,MF,27.0,25,14,1194,0,0,0,0,0.0,0.0,0.0
ITA-Serie A,2223,Empoli,Filippo Bandinelli,ITA,MF,27.0,35,28,2263,2,0,2,2,0.08,0.0,0.08
ITA-Serie A,2223,Empoli,Francesco Caputo,ITA,FW,34.0,21,20,1708,5,4,9,3,0.26,0.21,0.47
ITA-Serie A,2223,Empoli,Jean-Daniel Akpa-Akpro,CIV,MF,29.0,24,16,1356,1,1,2,1,0.07,0.07,0.13
ITA-Serie A,2223,Empoli,Liam Henderson,SCO,MF,26.0,25,11,1007,0,1,1,0,0.0,0.09,0.09
ITA-Serie A,2223,Empoli,Martin Satriano,URU,FW,21.0,31,20,1705,2,1,3,2,0.11,0.05,0.16
ITA-Serie A,2223,Empoli,Nedim Bajrami,ALB,"MF,FW",23.0,19,8,940,1,1,2,1,0.1,0.1,0.19
ITA-Serie A,2223,Empoli,Nicolas Haas,SUI,MF,26.0,24,12,1156,1,1,2,1,0.08,0.08,0.16
ITA-Serie A,2223,Empoli,Nicolò Cambiaghi,ITA,"FW,MF",21.0,28,12,1285,6,1,7,6,0.42,0.07,0.49
ITA-Serie A,2223,Empoli,Răzvan Marin,ROU,MF,26.0,33,28,2538,2,4,6,2,0.07,0.14,0.21
ITA-Serie A,2223,Empoli,Tommaso Baldanzi,ITA,MF,19.0,26,24,1772,4,0,4,4,0.2,0.0,0.2
ITA-Serie A,2223,Fiorentina,Alfred Duncan,GHA,MF,29.0,25,13,1103,1,0,1,1,0.08,0.0,0.08
ITA-Serie A,2223,Fiorentina,Antonín Barák,CZE,MF,27.0,30,21,1799,2,0,2,2,0.1,0.0,0.1
ITA-Serie A,2223,Fiorentina,Arthur Cabral,BRA,FW,24.0,28,15,1432,8,1,9,6,0.5,0.06,0.57
ITA-Serie A,2223,Fiorentina,Christian Kouamé,CIV,"FW,MF",24.0,28,22,1866,4,4,8,4,0.19,0.19,0.39
ITA-Serie A,2223,Fiorentina,Giacomo Bonaventura,ITA,MF,32.0,30,21,1911,5,1,6,5,0.24,0.05,0.28
ITA-Serie A,2223,Fiorentina,Jonathan Ikone,FRA,"MF,FW",24.0,33,24,2007,4,4,8,4,0.18,0.18,0.36
ITA-Serie A,2223,Fiorentina,Luka Jović,SRB,FW,24.0,31,16,1534,6,3,9,6,0.35,0.18,0.53
ITA-Serie A,2223,Fiorentina,Nicolás González,ARG,"FW,MF",24.0,24,13,1354,6,1,7,4,0.4,0.07,0.47
ITA-Serie A,2223,Fiorentina,Riccardo Saponara,ITA,"MF,FW",30.0,29,14,1208,4,3,7,4,0.3,0.22,0.52
ITA-Serie A,2223,Fiorentina,Rolando Mandragora,ITA,MF,25.0,29,22,1950,2,4,6,2,0.09,0.18,0.28
ITA-Serie A,2223,Fiorentina,Sofyan Amrabat,MAR,MF,25.0,29,24,1998,0,1,1,0,0.0,0.05,0.05
ITA-Serie A,2223,Hellas Verona,Adrien Tameze,CMR,MF,28.0,37,35,3031,0,0,0,0,0.0,0.0,0.0
ITA-Serie A,2223,Hellas Verona,Darko Lazović,SRB,MF,31.0,30,27,2242,4,5,9,4,0.16,0.2,0.36
ITA-Serie A,2223,Hellas Verona,Davide Faraoni,ITA,"MF,DF",30.0,23,19,1485,2,3,5,2,0.12,0.18,0.3
ITA-Serie A,2223,Hellas Verona,Fabio Depaoli,ITA,MF,25.0,31,24,2173,2,2,4,2,0.08,0.08,0.17
ITA-Serie A,2223,Hellas Verona,Josh Doig,SCO,MF,20.0,22,15,1354,2,3,5,2,0.13,0.2,0.33
ITA-Serie A,2223,Hellas Verona,Kevin Lasagna,ITA,"FW,MF",29.0,26,17,1572,1,2,3,1,0.06,0.11,0.17
ITA-Serie A,2223,Hellas Verona,Miguel Veloso,POR,MF,36.0,22,14,1163,0,0,0,0,0.0,0.0,0.0
ITA-Serie A,2223,Hellas Verona,Milan Đurić,BIH,FW,32.0,28,14,1366,1,1,2,1,0.07,0.07,0.13
ITA-Serie A,2223,Hellas Verona,Ondrej Duda,SVK,MF,27.0,15,11,1061,0,0,0,0,0.0,0.0,0.0
ITA-Serie A,2223,Hellas Verona,Simone Verdi,ITA,"MF,FW",30.0,24,12,1096,5,0,5,4,0.41,0.0,0.41
ITA-Serie A,2223,Hellas Verona,Thomas Henry,FRA,FW,27.0,16,13,1030,2,0,2,2,0.17,0.0,0.17
ITA-Serie A,2223,Inter,Denzel Dumfries,NED,MF,26.0,34,25,2218,1,4,5,1,0.04,0.16,0.2
ITA-Serie A,2223,Inter,Edin Džeko,BIH,FW,36.0,33,18,1732,9,3,12,9,0.47,0.16,0.62
ITA-Serie A,2223,Inter,Federico Dimarco,ITA,"MF,DF",24.0,33,26,2069,4,3,7,4,0.17,0.13,0.3
ITA-Serie A,2223,Inter,Hakan Çalhanoğlu,TUR,MF,28.0,33,28,2363,3,6,9,2,0.11,0.23,0.34
ITA-Serie A,2223,Inter,Henrikh Mkhitaryan,ARM,MF,33.0,31,24,1986,3,2,5,3,0.14,0.09,0.23
ITA-Serie A,2223,Inter,Joaquín Correa,ARG,FW,27.0,26,12,950,3,1,4,3,0.28,0.09,0.38
ITA-Serie A,2223,Inter,Lautaro Martínez,ARG,FW,24.0,38,27,2576,21,6,27,20,0.73,0.21,0.94
ITA-Serie A,2223,Inter,Marcelo Brozović,CRO,MF,29.0,28,19,1770,3,5,8,3,0.15,0.25,0.41
ITA-Serie A,2223,Inter,Matteo Darmian,ITA,"MF,DF",32.0,31,24,2025,1,2,3,1,0.04,0.09,0.13
ITA-Serie A,2223,Inter,Nicolò Barella,ITA,MF,25.0,35,31,2613,6,6,12,6,0.21,0.21,0.41
ITA-Serie A,2223,Inter,Robin Gosens,GER,MF,28.0,32,11,1184,3,0,3,3,0.23,0.0,0.23
ITA-Serie A,2223,Inter,Romelu Lukaku,BEL,FW,29.0,25,19,1660,10,6,16,8,0.54,0.33,0.87
ITA-Serie A,2223,Juventus,Adrien Rabiot,FRA,MF,27.0,32,31,2748,8,4,12,8,0.26,0.13,0.39
ITA-Serie A,2223,Juventus,Arkadiusz Milik,POL,FW,28.0,27,17,1586,7,1,8,7,0.4,0.06,0.45
ITA-Serie A,2223,Juventus,Dušan Vlahović,SRB,FW,22.0,27,22,1925,10,2,12,8,0.47,0.09,0.56
ITA-Serie A,2223,Juventus,Fabio Miretti,ITA,"MF,FW",18.0,27,14,1234,0,2,2,0,0.0,0.15,0.15
ITA-Serie A,2223,Juventus,Filip Kostić,SRB,"MF,FW",29.0,37,33,2564,3,8,11,3,0.11,0.28,0.39
ITA-Serie A,2223,Juventus,Juan Cuadrado,COL,"MF,DF",34.0,31,24,2078,1,3,4,1,0.04,0.13,0.17
ITA-Serie A,2223,Juventus,Leandro Paredes,ARG,MF,28.0,25,8,977,1,0,1,1,0.09,0.0,0.09
ITA-Serie A,2223,Juventus,Manuel Locatelli,ITA,MF,24.0,32,29,2446,0,2,2,0,0.0,0.07,0.07
ITA-Serie A,2223,Juventus,Mattia De Sciglio,ITA,"MF,DF",29.0,17,11,1042,0,0,0,0,0.0,0.0,0.0
ITA-Serie A,2223,Juventus,Moise Kean,ITA,FW,22.0,28,11,995,6,0,6,6,0.54,0.0,0.54
ITA-Serie A,2223,Juventus,Nicolò Fagioli,ITA,MF,21.0,26,17,1520,3,3,6,3,0.18,0.18,0.36
ITA-Serie A,2223,Juventus,Weston McKennie,USA,MF,23.0,15,13,1052,1,1,2,1,0.09,0.09,0.17
ITA-Serie A,2223,Juventus,Ángel Di María,ARG,"FW,MF",34.0,26,15,1363,4,4,8,3,0.26,0.26,0.53
ITA-Serie A,2223,Lazio,Ciro Immobile,ITA,FW,32.0,31,27,2219,12,5,17,8,0.49,0.2,0.69
ITA-Serie A,2223,Lazio,Danilo Cataldi,ITA,MF,27.0,29,26,1921,0,1,1,0,0.0,0.05,0.05
ITA-Serie A,2223,Lazio,Felipe Anderson,BRA,FW,29.0,38,35,2958,9,2,11,9,0.27,0.06,0.33
ITA-Serie A,2223,Lazio,Luis Alberto,ESP,MF,29.0,35,27,2442,6,7,13,5,0.22,0.26,0.48
ITA-Serie A,2223,Lazio,Mattia Zaccagni,ITA,FW,27.0,35,33,2770,10,6,16,9,0.32,0.19,0.52
ITA-Serie A,2223,Lazio,Matías Vecino,URU,MF,30.0,32,17,1691,2,0,2,2,0.11,0.0,0.11
ITA-Serie A,2223,Lazio,Pedro,ESP,FW,35.0,36,17,1898,4,3,7,4,0.19,0.14,0.33
ITA-Serie A,2223,Lazio,Sergej Milinković-Savić,SRB,MF,27.0,36,34,3022,9,8,17,9,0.27,0.24,0.51
ITA-Serie A,2223,Lecce,Alexis Blin,FRA,MF,25.0,35,26,2376,1,0,1,1,0.04,0.0,0.04
ITA-Serie A,2223,Lecce,Assan Ceesay,GAM,FW,28.0,34,20,1812,6,0,6,5,0.3,0.0,0.3
ITA-Serie A,2223,Lecce,Federico Di Francesco,ITA,"FW,MF",28.0,36,23,2031,2,2,4,2,0.09,0.09,0.18
ITA-Serie A,2223,Lecce,Gabriel Strefezza,BRA,"FW,MF",25.0,35,30,2442,8,4,12,6,0.29,0.15,0.44
ITA-Serie A,2223,Lecce,Joan Gonzàlez,ESP,MF,20.0,35,26,2197,1,3,4,1,0.04,0.12,0.16
ITA-Serie A,2223,Lecce,Lameck Banda,ZAM,"FW,MF",21.0,36,19,1636,2,1,3,2,0.11,0.06,0.17
ITA-Serie A,2223,Lecce,Lorenzo Colombo,ITA,FW,20.0,33,18,1515,5,2,7,4,0.3,0.12,0.42
ITA-Serie A,2223,Lecce,Morten Hjulmand,DEN,MF,23.0,35,34,2962,0,4,4,0,0.0,0.12,0.12
ITA-Serie A,2223,Lecce,Remi Oudin,FRA,"MF,FW",25.0,31,12,1321,3,0,3,3,0.2,0.0,0.2
ITA-Serie A,2223,Milan,Alexis Saelemaekers,BEL,MF,23.0,30,14,1403,2,3,5,2,0.13,0.19,0.32
ITA-Serie A,2223,Milan,Ante Rebić,CRO,"MF,FW",28.0,23,10,980,3,2,5,3,0.28,0.18,0.46
ITA-Serie A,2223,Milan,Brahim Díaz,MAR,MF,22.0,33,27,1925,6,7,13,6,0.28,0.33,0.61
ITA-Serie A,2223,Milan,Charles De Ketelaere,BEL,MF,21.0,32,9,1116,0,1,1,0,0.0,0.08,0.08
ITA-Serie A,2223,Milan,Divock Origi,BEL,"FW,MF",27.0,27,10,1027,2,1,3,2,0.18,0.09,0.26
ITA-Serie A,2223,Milan,Ismaël Bennacer,ALG,MF,24.0,28,24,2007,2,2,4,2,0.09,0.09,0.18
ITA-Serie A,2223,Milan,Junior Messias,BRA,MF,31.0,25,19,1498,5,2,7,5,0.3,0.12,0.42
ITA-Serie A,2223,Milan,Olivier Giroud,FRA,FW,35.0,33,25,2139,13,5,18,10,0.55,0.21,0.76
ITA-Serie A,2223,Milan,Rade Krunić,BIH,MF,28.0,23,18,1657,0,1,1,0,0.0,0.05,0.05
ITA-Serie A,2223,Milan,Rafael Leão,POR,MF,23.0,35,28,2421,15,8,23,15,0.56,0.3,0.86
ITA-Serie A,2223,Milan,Sandro Tonali,ITA,MF,22.0,34,30,2713,2,7,9,2,0.07,0.23,0.3
ITA-Serie A,2223,Milan,Theo Hernández,FRA,"DF,MF",24.0,32,32,2771,4,3,7,3,0.13,0.1,0.23
ITA-Serie A,2223,Monza,Andrea Colpani,ITA,MF,23.0,27,10,948,4,1,5,4,0.38,0.09,0.47
ITA-Serie A,2223,Monza,Andrea Petagna,ITA,FW,27.0,31,19,1663,4,5,9,3,0.22,0.27,0.49
ITA-Serie A,2223,Monza,Carlos Augusto,BRA,MF,23.0,35,35,3083,6,5,11,6,0.18,0.15,0.32
ITA-Serie A,2223,Monza,Dany Mota,POR,"FW,MF",24.0,29,21,1912,5,1,6,5,0.24,0.05,0.28
ITA-Serie A,2223,Monza,Gianluca Caprari,ITA,"MF,FW",29.0,37,32,2441,5,2,7,4,0.18,0.07,0.26
ITA-Serie A,2223,Monza,Matteo Pessina,ITA,MF,25.0,35,34,2932,5,3,8,2,0.15,0.09,0.25
ITA-Serie A,2223,Monza,Nicolò Rovella,ITA,MF,20.0,25,21,1740,1,2,3,1,0.05,0.1,0.16
ITA-Serie A,2223,Monza,Patrick Ciurria,ITA,MF,27.0,36,31,2753,6,5,11,6,0.2,0.16,0.36
ITA-Serie A,2223,Monza,Pepín,EQG,MF,25.0,25,11,1123,0,2,2,0,0.0,0.16,0.16
ITA-Serie A,2223,Monza,Samuele Birindelli,ITA,MF,23.0,31,14,1400,0,1,1,0,0.0,0.06,0.06
ITA-Serie A,2223,Monza,Stefano Sensi,ITA,MF,26.0,28,21,1618,3,1,4,3,0.17,0.06,0.22
ITA-Serie A,2223,Napoli,Elif Elmas,MKD,"MF,FW",22.0,36,14,1627,6,3,9,5,0.33,0.17,0.5
ITA-Serie A,2223,Napoli,Frank Anguissa,CMR,MF,26.0,36,36,3050,3,5,8,3,0.09,0.15,0.24
ITA-Serie A,2223,Napoli,Giacomo Raspadori,ITA,"FW,MF",22.0,25,10,911,2,2,4,2,0.2,0.2,0.4
ITA-Serie A,2223,Napoli,Hirving Lozano,MEX,"FW,MF",27.0,32,20,1605,3,3,6,2,0.17,0.17,0.34
ITA-Serie A,2223,Napoli,Khvicha Kvaratskhelia,GEO,FW,21.0,34,30,2518,12,10,22,10,0.43,0.36,0.79
ITA-Serie A,2223,Napoli,Matteo Politano,ITA,FW,28.0,27,14,1166,3,3,6,1,0.23,0.23,0.46
ITA-Serie A,2223,Napoli,Piotr Zieliński,POL,MF,28.0,37,27,2287,3,8,11,3,0.12,0.31,0.43
ITA-Serie A,2223,Napoli,Stanislav Lobotka,SVK,MF,27.0,38,34,3101,1,1,2,1,0.03,0.03,0.06
ITA-Serie A,2223,Napoli,Victor Osimhen,NGA,FW,23.0,32,30,2566,26,4,30,24,0.91,0.14,1.05
ITA-Serie A,2223,Roma,Andrea Belotti,ITA,FW,28.0,31,11,1146,0,2,2,0,0.0,0.16,0.16
ITA-Serie A,2223,Roma,Bryan Cristante,ITA,MF,27.0,36,34,2938,1,1,2,1,0.03,0.03,0.06
ITA-Serie A,2223,Roma,Edoardo Bove,ITA,"MF,DF",20.0,22,10,992,1,0,1,1,0.09,0.0,0.09
ITA-Serie A,2223,Roma,Leonardo Spinazzola,ITA,MF,29.0,26,18,1654,1,4,5,1,0.05,0.22,0.27
ITA-Serie A,2223,Roma,Lorenzo Pellegrini,ITA,MF,26.0,32,29,2545,4,5,9,2,0.14,0.18,0.32
ITA-Serie A,2223,Roma,Nemanja Matić,SRB,MF,33.0,35,16,1852,2,2,4,2,0.1,0.1,0.19
ITA-Serie A,2223,Roma,Nicola Zalewski,POL,"MF,DF",20.0,33,26,2197,2,1,3,2,0.08,0.04,0.12
ITA-Serie A,2223,Roma,Paulo Dybala,ARG,"MF,FW",28.0,25,21,1739,12,6,18,7,0.62,0.31,0.93
ITA-Serie A,2223,Roma,Stephan El Shaarawy,ITA,MF,29.0,29,14,1523,7,2,9,7,0.41,0.12,0.53
ITA-Serie A,2223,Roma,Tammy Abraham,ENG,FW,24.0,38,24,2189,8,3,11,8,0.33,0.12,0.45
ITA-Serie A,2223,Roma,Zeki Çelik,TUR,"MF,DF",25.0,24,16,1504,0,1,1,0,0.0,0.06,0.06
ITA-Serie A,2223,Salernitana,Antonio Candreva,ITA,MF,35.0,35,32,2726,7,4,11,7,0.23,0.13,0.36
ITA-Serie A,2223,Salernitana,Boulaye Dia,SEN,"FW,MF",25.0,33,27,2518,16,6,22,15,0.57,0.21,0.79
ITA-Serie A,2223,Salernitana,Domagoj Bradarić,CRO,"MF,DF",22.0,31,24,2250,0,3,3,0,0.0,0.12,0.12
ITA-Serie A,2223,Salernitana,Federico Bonazzoli,ITA,FW,25.0,24,12,1119,2,1,3,2,0.16,0.08,0.24
ITA-Serie A,2223,Salernitana,Grigoris Kastanos,CYP,MF,24.0,28,13,1286,2,1,3,2,0.14,0.07,0.21
ITA-Serie A,2223,Salernitana,Krzysztof Piątek,POL,FW,27.0,33,23,2140,4,5,9,3,0.17,0.21,0.38
ITA-Serie A,2223,Salernitana,Lassana Coulibaly,MLI,MF,26.0,35,34,2892,3,3,6,3,0.09,0.09,0.19
ITA-Serie A,2223,Salernitana,Pasquale Mazzocchi,ITA,MF,27.0,27,23,1958,2,3,5,2,0.09,0.14,0.23
ITA-Serie A,2223,Salernitana,Tonny Vilhena,NED,MF,27.0,33,27,2265,4,1,5,4,0.16,0.04,0.2
ITA-Serie A,2223,Sampdoria,Abdelhamid Sabiri,MAR,MF,25.0,18,12,1069,2,0,2,1,0.17,0.0,0.17
ITA-Serie A,2223,Sampdoria,Alessandro Zanoli,ITA,"MF,DF",21.0,22,16,1540,2,3,5,2,0.12,0.18,0.29
ITA-Serie A,2223,Sampdoria,Bartosz Bereszyński,POL,"DF,MF",30.0,15,15,1198,0,0,0,0,0.0,0.0,0.0
ITA-Serie A,2223,Sampdoria,Filip Đuričić,SRB,MF,30.0,32,27,2171,3,0,3,3,0.12,0.0,0.12
ITA-Serie A,2223,Sampdoria,Francesco Caputo,ITA,FW,34.0,15,13,1094,1,0,1,1,0.08,0.0,0.08
ITA-Serie A,2223,Sampdoria,Harry Winks,ENG,MF,26.0,20,19,1716,0,0,0,0,0.0,0.0,0.0
ITA-Serie A,2223,Sampdoria,Manolo Gabbiadini,ITA,"FW,MF",30.0,35,27,2354,7,2,9,7,0.27,0.08,0.34
ITA-Serie A,2223,Sampdoria,Mehdi Léris,ALG,MF,24.0,32,29,2460,1,1,2,1,0.04,0.04,0.07
ITA-Serie A,2223,Sampdoria,Sam Lammers,NED,FW,25.0,19,13,1100,1,1,2,1,0.08,0.08,0.16
ITA-Serie A,2223,Sampdoria,Tommaso Augello,ITA,"MF,DF",27.0,37,35,3061,2,5,7,2,0.06,0.15,0.21
ITA-Serie A,2223,Sampdoria,Tomás Rincón,VEN,MF,34.0,34,30,2555,0,2,2,0,0.0,0.07,0.07
ITA-Serie A,2223,Sassuolo,Andrea Pinamonti,ITA,FW,23.0,32,25,2161,5,0,5,4,0.21,0.0,0.21
ITA-Serie A,2223,Sassuolo,Armand Lauriente,FRA,"FW,MF",23.0,28,27,2175,7,6,13,6,0.29,0.25,0.54
ITA-Serie A,2223,Sassuolo,Davide Frattesi,ITA,MF,22.0,36,35,2873,7,0,7,7,0.22,0.0,0.22
ITA-Serie A,2223,Sassuolo,Domenico Berardi,ITA,"FW,MF",27.0,26,22,1866,12,7,19,5,0.58,0.34,0.92
ITA-Serie A,2223,Sassuolo,Grégoire Defrel,MTQ,FW,31.0,27,13,1167,2,1,3,2,0.15,0.08,0.23
ITA-Serie A,2223,Sassuolo,Kristian Thorstvedt,NOR,MF,23.0,31,13,1136,2,1,3,2,0.16,0.08,0.24
ITA-Serie A,2223,Sassuolo,Matheus Henrique,BRA,MF,24.0,30,21,1947,4,1,5,4,0.18,0.05,0.23
ITA-Serie A,2223,Sassuolo,Maxime Lopez,FRA,MF,24.0,30,25,2296,0,0,0,0,0.0,0.0,0.0
ITA-Serie A,2223,Spezia,Albin Ekdal,SWE,MF,33.0,31,18,1734,0,2,2,0,0.0,0.1,0.1
ITA-Serie A,2223,Spezia,Arkadiusz Reca,POL,"MF,DF",27.0,30,24,2173,1,1,2,1,0.04,0.04,0.08
ITA-Serie A,2223,Spezia,Daniele Verde,ITA,"FW,MF",26.0,25,11,998,3,0,3,2,0.27,0.0,0.27
ITA-Serie A,2223,Spezia,Emil Holm,SWE,MF,22.0,20,17,1393,1,1,2,1,0.06,0.06,0.13
ITA-Serie A,2223,Spezia,Emmanuel Gyasi,GHA,"FW,MF",28.0,35,35,2810,2,0,2,2,0.06,0.0,0.06
ITA-Serie A,2223,Spezia,Ethan Ampadu,WAL,"DF,MF",21.0,31,31,2639,0,1,1,0,0.0,0.03,0.03
ITA-Serie A,2223,Spezia,Jakub Kiwior,POL,"DF,MF",22.0,17,17,1443,0,0,0,0,0.0,0.0,0.0
ITA-Serie A,2223,Spezia,Kelvin Amian,FRA,"DF,MF",24.0,30,26,2372,0,1,1,0,0.0,0.04,0.04
ITA-Serie A,2223,Spezia,Kevin Agudelo,COL,"MF,FW",23.0,34,23,2131,0,1,1,0,0.0,0.04,0.04
ITA-Serie A,2223,Spezia,M'Bala Nzola,ANG,FW,25.0,31,29,2653,13,2,15,10,0.44,0.07,0.51
ITA-Serie A,2223,Spezia,Mehdi Bourabia,MAR,MF,30.0,37,36,2771,1,3,4,1,0.03,0.1,0.13
ITA-Serie A,2223,Spezia,Salvatore Esposito,ITA,MF,21.0,15,10,971,1,0,1,1,0.09,0.0,0.09
ITA-Serie A,2223,Spezia,Simone Bastoni,ITA,"MF,DF",25.0,19,15,1189,2,4,6,2,0.15,0.3,0.45
ITA-Serie A,2223,Torino,Aleksei Miranchuk,RUS,MF,26.0,29,24,2089,4,5,9,4,0.17,0.22,0.39
ITA-Serie A,2223,Torino,Antonio Sanabria,PAR,FW,26.0,33,28,2433,12,4,16,11,0.44,0.15,0.59
ITA-Serie A,2223,Torino,Ivan Ilić,SRB,MF,21.0,14,13,1177,2,2,4,2,0.15,0.15,0.31
ITA-Serie A,2223,Torino,Karol Linetty,POL,MF,27.0,32,22,1886,1,0,1,1,0.05,0.0,0.05
ITA-Serie A,2223,Torino,Mërgim Vojvoda,KVX,MF,27.0,29,18,1719,0,5,5,0,0.0,0.26,0.26
ITA-Serie A,2223,Torino,Nemanja Radonjić,SRB,"MF,FW",26.0,28,16,1461,2,2,4,2,0.12,0.12,0.25
ITA-Serie A,2223,Torino,Nikola Vlašić,CRO,"MF,FW",24.0,34,29,2728,5,6,11,5,0.16,0.2,0.36
ITA-Serie A,2223,Torino,Ricardo Rodríguez,SUI,"DF,MF",29.0,35,30,2670,0,0,0,0,0.0,0.0,0.0
ITA-Serie A,2223,Torino,Samuele Ricci,ITA,MF,20.0,28,23,2070,2,1,3,2,0.09,0.04,0.13
ITA-Serie A,2223,Torino,Saša Lukić,SRB,MF,25.0,16,13,1195,2,0,2,1,0.15,0.0,0.15
ITA-Serie A,2223,Torino,Valentino Lazaro,AUT,MF,26.0,23,15,1373,0,3,3,0,0.0,0.2,0.2
ITA-Serie A,2223,Torino,Wilfried Singo,CIV,MF,21.0,31,24,2046,2,1,3,2,0.09,0.04,0.13
ITA-Serie A,2223,Udinese,Beto,GNB,FW,24.0,33,23,2129,10,1,11,9,0.42,0.04,0.47
ITA-Serie A,2223,Udinese,Destiny Udogie,ITA,MF,19.0,33,31,2704,3,4,7,3,0.1,0.13,0.23
ITA-Serie A,2223,Udinese,Enzo Ebosse,CMR,"DF,MF",23.0,20,9,930,0,0,0,0,0.0,0.0,0.0
ITA-Serie A,2223,Udinese,Gerard Deulofeu,ESP,FW,28.0,16,15,1211,2,6,8,2,0.15,0.45,0.59
ITA-Serie A,2223,Udinese,Isaac Success,NGA,FW,26.0,30,21,1815,1,6,7,1,0.05,0.3,0.35
ITA-Serie A,2223,Udinese,Kingsley Ehizibue,NED,MF,27.0,27,16,1535,2,0,2,2,0.12,0.0,0.12
ITA-Serie A,2223,Udinese,Lazar Samardzic,SRB,"MF,FW",20.0,37,19,1848,5,4,9,5,0.24,0.19,0.44
ITA-Serie A,2223,Udinese,Roberto Pereyra,ARG,"MF,FW",31.0,34,33,2820,5,7,12,5,0.16,0.22,0.38
ITA-Serie A,2223,Udinese,Sandi Lovrić,SVN,MF,24.0,37,28,2335,5,6,11,5,0.19,0.23,0.42
ITA-Serie A,2223,Udinese,Tolgay Arslan,GER,MF,31.0,36,12,1211,1,0,1,1,0.07,0.0,0.07
ITA-Serie A,2223,Udinese,Walace,BRA,MF,27.0,37,37,3190,0,1,1,0,0.0,0.03,0.03
ITA-Serie A,2324,Atalanta,Ademola Lookman,NGA,"FW,MF",25.0,31,22,1894,11,7,18,11,0.52,0.33,0.86
ITA-Serie A,2324,Atalanta,Aleksei Miranchuk,RUS,"MF,FW",27.0,27,12,1176,3,5,8,3,0.23,0.38,0.61
ITA-Serie A,2324,Atalanta,Charles De Ketelaere,BEL,"FW,MF",22.0,35,25,2026,10,8,18,9,0.44,0.36,0.8
ITA-Serie A,2324,Atalanta,Davide Zappacosta,ITA,MF,31.0,31,23,1867,2,1,3,2,0.1,0.05,0.14
ITA-Serie A,2324,Atalanta,Emil Holm,SWE,MF,23.0,22,12,947,1,1,2,1,0.1,0.1,0.19
ITA-Serie A,2324,Atalanta,Gianluca Scamacca,ITA,FW,24.0,29,17,1453,12,6,18,12,0.74,0.37,1.11
ITA-Serie A,2324,Atalanta,Hans Hateboer,NED,MF,29.0,23,10,1113,0,1,1,0,0.0,0.08,0.08
ITA-Serie A,2324,Atalanta,Mario Pašalić,CRO,MF,28.0,34,23,2051,6,6,12,4,0.26,0.26,0.53
ITA-Serie A,2324,Atalanta,Marten de Roon,NED,"MF,DF",32.0,30,29,2599,0,5,5,0,0.0,0.17,0.17
ITA-Serie A,2324,Atalanta,Matteo Ruggeri,ITA,MF,21.0,34,28,2449,0,4,4,0,0.0,0.15,0.15
ITA-Serie A,2324,Atalanta,Teun Koopmeiners,NED,MF,25.0,34,29,2627,12,5,17,10,0.41,0.17,0.58
ITA-Serie A,2324,Atalanta,Éderson Silva,BRA,MF,24.0,36,32,2869,6,1,7,6,0.19,0.03,0.22
ITA-Serie A,2324,Bologna,Alexis Saelemaekers,BEL,MF,24.0,30,21,1887,4,2,6,4,0.19,0.1,0.29
ITA-Serie A,2324,Bologna,Dan Ndoye,SUI,"MF,FW",22.0,32,20,1771,1,1,2,1,0.05,0.05,0.1
ITA-Serie A,2324,Bologna,Giovanni Fabbian,ITA,MF,20.0,27,11,1057,5,2,7,5,0.43,0.17,0.6
ITA-Serie A,2324,Bologna,Joshua Zirkzee,NED,FW,22.0,34,32,2759,11,4,15,9,0.36,0.13,0.49
ITA-Serie A,2324,Bologna,Kacper Urbanski,POL,"MF,FW",18.0,22,9,926,0,1,1,0,0.0,0.1,0.1
ITA-Serie A,2324,Bologna,Lewis Ferguson,SCO,MF,23.0,31,31,2712,6,3,9,6,0.2,0.1,0.3
ITA-Serie A,2324,Bologna,Michel Aebischer,SUI,MF,26.0,36,26,2230,0,1,1,0,0.0,0.04,0.04
ITA-Serie A,2324,Bologna,Remo Freuler,SUI,MF,31.0,32,30,2624,1,1,2,1,0.03,0.03,0.07
ITA-Serie A,2324,Bologna,Riccardo Orsolini,ITA,MF,26.0,33,19,1792,10,2,12,8,0.5,0.1,0.6
ITA-Serie A,2324,Cagliari,Alessandro Deiola,ITA,MF,27.0,27,19,1608,1,0,1,1,0.06,0.0,0.06
ITA-Serie A,2324,Cagliari,Andrea Petagna,ITA,FW,28.0,18,13,995,1,1,2,1,0.09,0.09,0.18
ITA-Serie A,2324,Cagliari,Antoine Makoumbou,CGO,MF,25.0,32,32,2702,1,0,1,1,0.03,0.0,0.03
ITA-Serie A,2324,Cagliari,Eldor Shomurodov,UZB,"MF,FW",28.0,22,10,936,3,3,6,3,0.29,0.29,0.58
ITA-Serie A,2324,Cagliari,Gabriele Zappa,ITA,"DF,MF",23.0,38,25,2561,1,3,4,1,0.04,0.11,0.14
ITA-Serie A,2324,Cagliari,Gaetano Oristanio,ITA,"FW,MF",20.0,25,11,1104,2,1,3,2,0.16,0.08,0.24
ITA-Serie A,2324,Cagliari,Gianluca Lapadula,PER,FW,33.0,23,14,1205,3,1,4,2,0.22,0.07,0.3
ITA-Serie A,2324,Cagliari,Ibrahim Sulemana,GHA,MF,20.0,21,16,1339,2,0,2,2,0.13,0.0,0.13
ITA-Serie A,2324,Cagliari,Matteo Prati,ITA,MF,19.0,26,19,1972,1,1,2,1,0.05,0.05,0.09
ITA-Serie A,2324,Cagliari,Nahitan Nández,URU,"MF,DF",27.0,33,29,2341,2,3,5,1,0.08,0.12,0.19
ITA-Serie A,2324,Cagliari,Nicolas Viola,ITA,"MF,FW",33.0,26,11,1207,5,2,7,5,0.37,0.15,0.52
ITA-Serie A,2324,Cagliari,Paulo Azzi,BRA,"MF,DF",29.0,25,9,950,0,0,0,0,0.0,0.0,0.0
ITA-Serie A,2324,Cagliari,Tommaso Augello,ITA,"DF,MF",28.0,32,28,2418,1,1,2,1,0.04,0.04,0.07
ITA-Serie A,2324,Cagliari,Zito Luvumbo,ANG,"MF,FW",21.0,30,19,1946,4,5,9,4,0.18,0.23,0.42
ITA-Serie A,2324,Empoli,Alberto Grassi,ITA,MF,28.0,27,22,1807,0,1,1,0,0.0,0.05,0.05
ITA-Serie A,2324,Empoli,Emmanuel Gyasi,GHA,MF,29.0,33,21,1879,1,2,3,1,0.05,0.1,0.14
ITA-Serie A,2324,Empoli,Francesco Caputo,ITA,FW,35.0,20,15,1268,3,0,3,2,0.21,0.0,0.21
ITA-Serie A,2324,Empoli,Giuseppe Pezzella,ITA,"MF,DF",25.0,19,14,1085,0,0,0,0,0.0,0.0,0.0
ITA-Serie A,2324,Empoli,Jacopo Fazzini,ITA,MF,20.0,31,14,1232,1,1,2,1,0.07,0.07,0.15
ITA-Serie A,2324,Empoli,Liberato Cacace,NZL,"DF,MF",22.0,31,18,1912,0,1,1,0,0.0,0.05,0.05
ITA-Serie A,2324,Empoli,Matteo Cancellieri,ITA,"FW,MF",21.0,36,18,1788,4,3,7,4,0.2,0.15,0.35
ITA-Serie A,2324,Empoli,Nicolò Cambiaghi,ITA,"FW,MF",22.0,37,29,2553,1,1,2,1,0.04,0.04,0.07
ITA-Serie A,2324,Empoli,Răzvan Marin,ROU,MF,27.0,30,20,1818,0,3,3,0,0.0,0.15,0.15
ITA-Serie A,2324,Empoli,Youssef Maleh,MAR,MF,24.0,34,30,2602,0,1,1,0,0.0,0.03,0.03
ITA-Serie A,2324,Fiorentina,Alfred Duncan,GHA,MF,30.0,30,24,1888,2,5,7,2,0.1,0.24,0.33
ITA-Serie A,2324,Fiorentina,Andrea Belotti,ITA,FW,29.0,15,11,949,3,0,3,3,0.28,0.0,0.28
ITA-Serie A,2324,Fiorentina,Arthur Melo,BRA,MF,26.0,33,23,1986,2,3,5,1,0.09,0.14,0.23
ITA-Serie A,2324,Fiorentina,Christian Kouamé,CIV,MF,25.0,23,11,1089,2,1,3,2,0.17,0.08,0.25
ITA-Serie A,2324,Fiorentina,Giacomo Bonaventura,ITA,MF,33.0,31,27,2277,8,3,11,8,0.32,0.12,0.43
ITA-Serie A,2324,Fiorentina,Jonathan Ikone,FRA,MF,25.0,28,18,1682,3,1,4,3,0.16,0.05,0.21
ITA-Serie A,2324,Fiorentina,Lucas Beltrán,ARG,"FW,MF",22.0,32,21,1692,6,2,8,5,0.32,0.11,0.43
ITA-Serie A,2324,Fiorentina,M'Bala Nzola,ANG,FW,26.0,33,15,1552,3,3,6,2,0.17,0.17,0.35
ITA-Serie A,2324,Fiorentina,Nicolás González,ARG,MF,25.0,29,21,1913,12,2,14,11,0.56,0.09,0.66
ITA-Serie A,2324,Fiorentina,Riccardo Sottil,ITA,MF,24.0,22,13,1103,2,3,5,2,0.16,0.24,0.41
ITA-Serie A,2324,Fiorentina,Rolando Mandragora,ITA,MF,26.0,33,16,1588,3,3,6,3,0.17,0.17,0.34
ITA-Serie A,2324,Frosinone,Abdou Harroui,NED,MF,25.0,18,13,1019,3,3,6,2,0.26,0.26,0.53
ITA-Serie A,2324,Frosinone,Anthony Oyono,GAB,"DF,MF",22.0,16,14,1198,0,1,1,0,0.0,0.08,0.08
ITA-Serie A,2324,Frosinone,Emanuele Valeri,ITA,"MF,DF",24.0,16,14,1178,0,1,1,0,0.0,0.08,0.08
ITA-Serie A,2324,Frosinone,Enzo Barrenechea,ARG,MF,22.0,36,32,2811,0,1,1,0,0.0,0.03,0.03
ITA-Serie A,2324,Frosinone,Francesco Gelli,ITA,"MF,DF",26.0,27,16,1561,0,0,0,0,0.0,0.0,0.0
ITA-Serie A,2324,Frosinone,Luca Mazzitelli,ITA,MF,27.0,29,26,2210,5,0,5,5,0.2,0.0,0.2
ITA-Serie A,2324,Frosinone,Marco Brescianini,ITA,MF,23.0,36,24,2321,4,2,6,4,0.16,0.08,0.23
ITA-Serie A,2324,Frosinone,Matìas Soulé,ARG,"MF,FW",20.0,36,36,3121,11,3,14,6,0.32,0.09,0.4
ITA-Serie A,2324,Frosinone,Nadir Zortea,ITA,"MF,DF",24.0,14,14,1258,1,5,6,1,0.07,0.36,0.43
ITA-Serie A,2324,Frosinone,Pol Lirola,ESP,"DF,MF",25.0,25,18,1536,2,1,3,2,0.12,0.06,0.18
ITA-Serie A,2324,Frosinone,Reinier,BRA,"MF,FW",21.0,22,13,1059,2,2,4,2,0.17,0.17,0.34
ITA-Serie A,2324,Frosinone,Walid Cheddira,MAR,FW,25.0,36,24,2120,7,1,8,6,0.3,0.04,0.34
ITA-Serie A,2324,Genoa,Aarón Martín,ESP,"MF,DF",26.0,22,17,1376,0,1,1,0,0.0,0.07,0.07
ITA-Serie A,2324,Genoa,Albert Guðmundsson,ISL,"FW,MF",26.0,35,34,3016,14,4,18,10,0.42,0.12,0.54
ITA-Serie A,2324,Genoa,Caleb Ekuban,GHA,FW,29.0,29,10,1131,4,1,5,4,0.32,0.08,0.4
ITA-Serie A,2324,Genoa,Junior Messias,BRA,"MF,FW",32.0,18,13,1053,1,0,1,1,0.09,0.0,0.09
ITA-Serie A,2324,Genoa,Kevin Strootman,NED,MF,33.0,27,15,1207,0,2,2,0,0.0,0.15,0.15
ITA-Serie A,2324,Genoa,Mateo Retegui,ITA,FW,24.0,29,26,2216,7,2,9,6,0.28,0.08,0.37
ITA-Serie A,2324,Genoa,Milan Badelj,CRO,MF,34.0,33,32,2535,1,3,4,1,0.04,0.11,0.14
ITA-Serie A,2324,Genoa,Morten Frendrup,DEN,MF,22.0,37,36,3145,2,5,7,2,0.06,0.14,0.2
ITA-Serie A,2324,Genoa,Morten Thorsby,NOR,MF,27.0,24,9,1157,2,2,4,2,0.16,0.16,0.31
ITA-Serie A,2324,Genoa,Ruslan Malinovskyi,UKR,"MF,FW",30.0,28,18,1544,4,1,5,4,0.23,0.06,0.29
ITA-Serie A,2324,Genoa,Stefano Sabelli,ITA,"MF,DF",30.0,32,30,2429,0,1,1,0,0.0,0.04,0.04
ITA-Serie A,2324,Hellas Verona,Cyril Ngonge,BEL,"MF,FW",23.0,19,17,1431,6,2,8,6,0.38,0.13,0.5
ITA-Serie A,2324,Hellas Verona,Darko Lazović,SRB,MF,32.0,32,22,1928,3,2,5,2,0.14,0.09,0.23
ITA-Serie A,2324,Hellas Verona,Federico Bonazzoli,ITA,FW,26.0,24,10,1016,3,1,4,3,0.27,0.09,0.35
ITA-Serie A,2324,Hellas Verona,Filippo Terracciano,ITA,"MF,DF",20.0,18,14,1296,0,1,1,0,0.0,0.07,0.07
ITA-Serie A,2324,Hellas Verona,Martin Hongla,CMR,MF,25.0,15,12,1084,0,0,0,0,0.0,0.0,0.0
ITA-Serie A,2324,Hellas Verona,Michael Folorunsho,ITA,MF,25.0,34,33,2781,5,1,6,5,0.16,0.03,0.19
ITA-Serie A,2324,Hellas Verona,Milan Đurić,BIH,FW,33.0,20,13,1204,5,1,6,4,0.37,0.07,0.45
ITA-Serie A,2324,Hellas Verona,Ondrej Duda,SVK,MF,28.0,32,29,2456,1,4,5,1,0.04,0.15,0.18
ITA-Serie A,2324,Hellas Verona,Suat Serdar,GER,MF,26.0,25,19,1659,0,2,2,0,0.0,0.11,0.11
ITA-Serie A,2324,Hellas Verona,Tijjani Noslin,NED,"FW,MF",24.0,17,17,1339,5,4,9,5,0.34,0.27,0.6
ITA-Serie A,2324,Hellas Verona,Tomáš Suslov,SVK,MF,21.0,32,23,2092,3,5,8,2,0.13,0.22,0.34
ITA-Serie A,2324,Inter,Carlos Augusto,BRA,"MF,DF",24.0,37,14,1725,0,3,3,0,0.0,0.16,0.16
ITA-Serie A,2324,Inter,Davide Frattesi,ITA,MF,23.0,32,6,955,6,3,9,6,0.57,0.28,0.85
ITA-Serie A,2324,Inter,Denzel Dumfries,NED,MF,27.0,31,19,1639,4,4,8,4,0.22,0.22,0.44
ITA-Serie A,2324,Inter,Federico Dimarco,ITA,MF,25.0,30,29,2077,5,6,11,5,0.22,0.26,0.48
ITA-Serie A,2324,Inter,Hakan Çalhanoğlu,TUR,MF,29.0,32,32,2556,13,3,16,3,0.46,0.11,0.56
ITA-Serie A,2324,Inter,Henrikh Mkhitaryan,ARM,MF,34.0,36,35,2785,2,8,10,2,0.06,0.26,0.32
ITA-Serie A,2324,Inter,Lautaro Martínez,ARG,FW,25.0,33,31,2656,24,3,27,22,0.81,0.1,0.91
ITA-Serie A,2324,Inter,Marcus Thuram,FRA,FW,25.0,35,34,2687,13,7,20,13,0.44,0.23,0.67
ITA-Serie A,2324,Inter,Matteo Darmian,ITA,"MF,DF",33.0,33,27,2404,2,1,3,2,0.07,0.04,0.11
ITA-Serie A,2324,Inter,Nicolò Barella,ITA,MF,26.0,37,34,2846,2,3,5,2,0.06,0.09,0.16
ITA-Serie A,2324,Juventus,Adrien Rabiot,FRA,MF,28.0,31,30,2651,5,3,8,5,0.17,0.1,0.27
ITA-Serie A,2324,Juventus,Andrea Cambiaso,ITA,MF,23.0,34,28,2372,2,3,5,2,0.08,0.11,0.19
ITA-Serie A,2324,Juventus,Arkadiusz Milik,POL,FW,29.0,32,7,919,4,1,5,4,0.39,0.1,0.49
ITA-Serie A,2324,Juventus,Dušan Vlahović,SRB,FW,23.0,33,27,2307,16,4,20,14,0.62,0.16,0.78
ITA-Serie A,2324,Juventus,Fabio Miretti,ITA,MF,19.0,25,16,1103,1,1,2,1,0.08,0.08,0.16
ITA-Serie A,2324,Juventus,Federico Chiesa,ITA,FW,25.0,33,25,2197,9,2,11,8,0.37,0.08,0.45
ITA-Serie A,2324,Juventus,Filip Kostić,SRB,MF,30.0,29,26,1815,0,4,4,0,0.0,0.2,0.2
ITA-Serie A,2324,Juventus,Kenan Yıldız,TUR,FW,18.0,27,9,952,2,0,2,2,0.19,0.0,0.19
ITA-Serie A,2324,Juventus,Manuel Locatelli,ITA,MF,25.0,36,34,3008,1,4,5,1,0.03,0.12,0.15
ITA-Serie A,2324,Juventus,Timothy Weah,USA,MF,23.0,30,12,1258,0,1,1,0,0.0,0.07,0.07
ITA-Serie A,2324,Juventus,Weston McKennie,USA,MF,24.0,34,29,2594,0,7,7,0,0.0,0.24,0.24
ITA-Serie A,2324,Lazio,Adam Marušić,MNE,"DF,MF",30.0,37,37,3100,1,0,1,1,0.03,0.0,0.03
ITA-Serie A,2324,Lazio,Ciro Immobile,ITA,FW,33.0,31,21,1652,7,1,8,3,0.38,0.05,0.44
ITA-Serie A,2324,Lazio,Daichi Kamada,JPN,MF,26.0,29,17,1544,2,2,4,2,0.12,0.12,0.23
ITA-Serie A,2324,Lazio,Danilo Cataldi,ITA,MF,28.0,28,15,1361,1,0,1,1,0.07,0.0,0.07
ITA-Serie A,2324,Lazio,Felipe Anderson,BRA,"FW,MF",30.0,38,33,2770,5,6,11,5,0.16,0.19,0.36
ITA-Serie A,2324,Lazio,Gustav Isaksen,DEN,"FW,MF",22.0,28,12,1074,3,1,4,3,0.25,0.08,0.34
ITA-Serie A,2324,Lazio,Luis Alberto,ESP,MF,30.0,33,29,2311,5,7,12,5,0.19,0.27,0.47
ITA-Serie A,2324,Lazio,Manuel Lazzari,ITA,"DF,MF",29.0,24,19,1671,0,2,2,0,0.0,0.11,0.11
ITA-Serie A,2324,Lazio,Mattia Zaccagni,ITA,"FW,MF",28.0,28,24,1956,6,1,7,6,0.28,0.05,0.32
ITA-Serie A,2324,Lazio,Mattéo Guendouzi,FRA,MF,24.0,33,27,2367,2,3,5,2,0.08,0.11,0.19
ITA-Serie A,2324,Lazio,Matías Vecino,URU,MF,31.0,31,8,1153,6,1,7,6,0.47,0.08,0.55
ITA-Serie A,2324,Lazio,Nicolò Rovella,ITA,MF,21.0,23,16,1318,0,2,2,0,0.0,0.14,0.14
ITA-Serie A,2324,Lazio,Valentín Castellanos,ARG,FW,24.0,35,16,1682,4,3,7,4,0.21,0.16,0.37
ITA-Serie A,2324,Lecce,Alexis Blin,FRA,MF,26.0,31,16,1642,0,2,2,0,0.0,0.11,0.11
ITA-Serie A,2324,Lecce,Gabriel Strefezza,BRA,"FW,MF",26.0,19,13,1112,1,0,1,0,0.08,0.0,0.08
ITA-Serie A,2324,Lecce,Hamza Rafia,TUN,MF,24.0,28,17,1204,1,0,1,1,0.07,0.0,0.07
ITA-Serie A,2324,Lecce,Joan Gonzàlez,ESP,MF,21.0,29,13,1291,1,1,2,1,0.07,0.07,0.14
ITA-Serie A,2324,Lecce,Lameck Banda,ZAM,"FW,MF",22.0,21,17,1350,2,4,6,2,0.13,0.27,0.4
ITA-Serie A,2324,Lecce,Mohamed Kaba,GUI,MF,21.0,23,15,1378,0,0,0,0,0.0,0.0,0.0
ITA-Serie A,2324,Lecce,Nikola Krstović,MNE,FW,23.0,35,30,2373,7,1,8,6,0.27,0.04,0.3
ITA-Serie A,2324,Lecce,Patrick Dorgu,DEN,"MF,DF",18.0,32,17,1564,2,0,2,2,0.12,0.0,0.12
ITA-Serie A,2324,Lecce,Pontus Almqvist,SWE,"FW,MF",24.0,30,25,2107,2,1,3,2,0.09,0.04,0.13
ITA-Serie A,2324,Lecce,Remi Oudin,FRA,"MF,FW",26.0,31,21,1819,3,2,5,3,0.15,0.1,0.25
ITA-Serie A,2324,Lecce,Roberto Piccoli,ITA,FW,22.0,35,12,1378,5,0,5,4,0.33,0.0,0.33
ITA-Serie A,2324,Lecce,Ylber Ramadani,ALB,MF,27.0,34,34,2970,1,0,1,1,0.03,0.0,0.03
ITA-Serie A,2324,Milan,Alessandro Florenzi,ITA,"DF,MF",32.0,31,19,1732,1,4,5,1,0.05,0.21,0.26
ITA-Serie A,2324,Milan,Christian Pulisic,USA,"MF,FW",24.0,36,32,2602,12,8,20,12,0.42,0.28,0.69
ITA-Serie A,2324,Milan,Ismaël Bennacer,ALG,MF,25.0,20,13,1151,2,2,4,1,0.16,0.16,0.31
ITA-Serie A,2324,Milan,Olivier Giroud,FRA,FW,36.0,35,28,2363,15,8,23,11,0.57,0.3,0.88
ITA-Serie A,2324,Milan,Rafael Leão,POR,"MF,FW",24.0,34,29,2512,9,9,18,9,0.32,0.32,0.64
ITA-Serie A,2324,Milan,Ruben Loftus-Cheek,ENG,MF,27.0,29,26,2068,6,1,7,6,0.26,0.04,0.3
ITA-Serie A,2324,Milan,Samuel Chukwueze,NGA,"MF,FW",24.0,24,12,1017,1,3,4,1,0.09,0.27,0.35
ITA-Serie A,2324,Milan,Tijjani Reijnders,NED,MF,25.0,36,33,2820,3,3,6,3,0.1,0.1,0.19
ITA-Serie A,2324,Milan,Yacine Adli,FRA,MF,23.0,24,17,1407,1,2,3,1,0.06,0.13,0.19
ITA-Serie A,2324,Milan,Yunus Musah,USA,MF,20.0,30,13,1478,0,2,2,0,0.0,0.12,0.12
ITA-Serie A,2324,Monza,Andrea Colpani,ITA,MF,24.0,38,36,2657,8,4,12,8,0.27,0.14,0.41
ITA-Serie A,2324,Monza,Dany Mota,POR,"MF,FW",25.0,34,24,2049,4,3,7,4,0.18,0.13,0.31
ITA-Serie A,2324,Monza,Giorgos Kyriakopoulos,GRE,"MF,DF",27.0,28,20,1712,0,3,3,0,0.0,0.16,0.16
ITA-Serie A,2324,Monza,Lorenzo Colombo,ITA,FW,21.0,25,16,1359,4,1,5,4,0.26,0.07,0.33
ITA-Serie A,2324,Monza,Matteo Pessina,ITA,MF,26.0,37,37,3222,6,3,9,2,0.17,0.08,0.25
ITA-Serie A,2324,Monza,Milan Đurić,BIH,FW,33.0,17,13,1257,4,1,5,4,0.29,0.07,0.36
ITA-Serie A,2324,Monza,Patrick Ciurria,ITA,MF,28.0,22,18,1598,0,1,1,0,0.0,0.06,0.06
ITA-Serie A,2324,Monza,Roberto Gagliardini,ITA,"MF,DF",29.0,33,29,2360,1,2,3,1,0.04,0.08,0.11
ITA-Serie A,2324,Monza,Samuele Birindelli,ITA,"MF,DF",24.0,35,22,2013,0,2,2,0,0.0,0.09,0.09
ITA-Serie A,2324,Monza,Valentin Carboni,ARG,MF,18.0,31,10,1169,2,3,5,2,0.15,0.23,0.38
ITA-Serie A,2324,Monza,Warren Bondo,FRA,MF,19.0,25,14,1475,1,1,2,1,0.06,0.06,0.12
ITA-Serie A,2324,Napoli,Frank Anguissa,CMR,MF,27.0,34,32,2786,0,2,2,0,0.0,0.06,0.06
ITA-Serie A,2324,Napoli,Giacomo Raspadori,ITA,FW,23.0,37,14,1584,5,3,8,5,0.28,0.17,0.45
ITA-Serie A,2324,Napoli,Jens Cajuste,SWE,MF,23.0,26,11,1016,0,2,2,0,0.0,0.18,0.18
ITA-Serie A,2324,Napoli,Khvicha Kvaratskhelia,GEO,FW,22.0,34,32,2737,11,6,17,11,0.36,0.2,0.56
ITA-Serie A,2324,Napoli,Matteo Politano,ITA,FW,29.0,37,31,2360,8,7,15,6,0.31,0.27,0.57
ITA-Serie A,2324,Napoli,Piotr Zieliński,POL,MF,29.0,28,23,1924,3,2,5,2,0.14,0.09,0.23
ITA-Serie A,2324,Napoli,Stanislav Lobotka,SVK,MF,28.0,38,38,3282,0,1,1,0,0.0,0.03,0.03
ITA-Serie A,2324,Napoli,Victor Osimhen,NGA,FW,24.0,25,22,1982,15,3,18,12,0.68,0.14,0.82
ITA-Serie A,2324,Roma,Angeliño,ESP,"DF,MF",26.0,16,14,1141,0,1,1,0,0.0,0.08,0.08
ITA-Serie A,2324,Roma,Bryan Cristante,ITA,MF,28.0,37,37,3289,3,4,7,3,0.08,0.11,0.19
ITA-Serie A,2324,Roma,Edoardo Bove,ITA,MF,21.0,31,18,1780,0,2,2,0,0.0,0.1,0.1
ITA-Serie A,2324,Roma,Leandro Paredes,ARG,MF,29.0,34,32,2634,3,5,8,0,0.1,0.17,0.27
ITA-Serie A,2324,Roma,Leonardo Spinazzola,ITA,"MF,DF",30.0,24,15,1312,1,2,3,1,0.07,0.14,0.21
ITA-Serie A,2324,Roma,Lorenzo Pellegrini,ITA,MF,27.0,29,20,1859,8,3,11,7,0.39,0.15,0.53
ITA-Serie A,2324,Roma,Nicola Zalewski,POL,"MF,FW",21.0,22,10,968,0,1,1,0,0.0,0.09,0.09
ITA-Serie A,2324,Roma,Paulo Dybala,ARG,"FW,MF",29.0,28,25,1959,13,9,22,6,0.6,0.41,1.01
ITA-Serie A,2324,Roma,Rasmus Kristensen,DEN,"MF,DF",26.0,29,19,1744,1,1,2,1,0.05,0.05,0.1
ITA-Serie A,2324,Roma,Rick Karsdorp,NED,"MF,DF",28.0,18,14,1191,0,2,2,0,0.0,0.15,0.15
ITA-Serie A,2324,Roma,Romelu Lukaku,BEL,FW,30.0,32,30,2641,13,3,16,13,0.44,0.1,0.55
ITA-Serie A,2324,Roma,Stephan El Shaarawy,ITA,"FW,MF",30.0,33,19,1738,3,4,7,3,0.16,0.21,0.36
ITA-Serie A,2324,Salernitana,Alessandro Zanoli,ITA,"MF,DF",22.0,17,10,921,0,2,2,0,0.0,0.2,0.2
ITA-Serie A,2324,Salernitana,Antonio Candreva,ITA,MF,36.0,34,32,2750,6,6,12,5,0.2,0.2,0.39
ITA-Serie A,2324,Salernitana,Boulaye Dia,SEN,"FW,MF",26.0,17,12,1143,4,0,4,3,0.31,0.0,0.31
ITA-Serie A,2324,Salernitana,Chukwubuikem Ikwuemesi,NGA,FW,21.0,25,11,1061,1,1,2,1,0.08,0.08,0.17
ITA-Serie A,2324,Salernitana,Domagoj Bradarić,CRO,"MF,DF",23.0,34,30,2749,0,3,3,0,0.0,0.1,0.1
ITA-Serie A,2324,Salernitana,Giulio Maggiore,ITA,MF,25.0,27,20,1800,4,2,6,4,0.2,0.1,0.3
ITA-Serie A,2324,Salernitana,Grigoris Kastanos,CYP,MF,25.0,26,18,1480,3,3,6,3,0.18,0.18,0.36
ITA-Serie A,2324,Salernitana,Junior Sambia,CTA,MF,26.0,18,10,1032,1,2,3,1,0.09,0.17,0.26
ITA-Serie A,2324,Salernitana,Lassana Coulibaly,MLI,MF,27.0,28,25,2082,0,1,1,0,0.0,0.04,0.04
ITA-Serie A,2324,Salernitana,Loum Tchaouna,FRA,"MF,FW",19.0,33,23,2100,4,3,7,4,0.17,0.13,0.3
ITA-Serie A,2324,Salernitana,Mateusz Łęgowski,POL,MF,20.0,29,10,1145,0,0,0,0,0.0,0.0,0.0
ITA-Serie A,2324,Salernitana,Pasquale Mazzocchi,ITA,"MF,DF",28.0,18,16,1272,0,1,1,0,0.0,0.07,0.07
ITA-Serie A,2324,Salernitana,Toma Bašić,CRO,MF,26.0,15,14,1162,0,0,0,0,0.0,0.0,0.0
ITA-Serie A,2324,Sassuolo,Andrea Pinamonti,ITA,FW,24.0,38,37,3076,11,1,12,9,0.32,0.03,0.35
ITA-Serie A,2324,Sassuolo,Armand Lauriente,FRA,"MF,FW",24.0,37,35,2908,5,4,9,5,0.15,0.12,0.28
ITA-Serie A,2324,Sassuolo,Daniel Boloca,ROU,MF,24.0,30,23,2022,1,0,1,1,0.04,0.0,0.04
ITA-Serie A,2324,Sassuolo,Domenico Berardi,ITA,"MF,FW",28.0,17,17,1431,9,3,12,4,0.57,0.19,0.75
ITA-Serie A,2324,Sassuolo,Josh Doig,SCO,"DF,MF",21.0,16,15,1343,0,2,2,0,0.0,0.13,0.13
ITA-Serie A,2324,Sassuolo,Kristian Thorstvedt,NOR,MF,24.0,34,30,2397,6,1,7,6,0.23,0.04,0.26
ITA-Serie A,2324,Sassuolo,Matheus Henrique,BRA,MF,25.0,31,27,2501,2,2,4,2,0.07,0.07,0.14
ITA-Serie A,2324,Sassuolo,Nedim Bajrami,ALB,"MF,FW",24.0,28,15,1310,2,2,4,2,0.14,0.14,0.27
ITA-Serie A,2324,Torino,Adrien Tameze,CMR,"DF,MF",29.0,29,25,2146,0,2,2,0,0.0,0.08,0.08
ITA-Serie A,2324,Torino,Antonio Sanabria,PAR,FW,27.0,35,23,2133,5,0,5,3,0.21,0.0,0.21
ITA-Serie A,2324,Torino,Duván Zapata,COL,FW,32.0,35,34,2880,12,4,16,12,0.37,0.12,0.5
ITA-Serie A,2324,Torino,Ivan Ilić,SRB,MF,22.0,31,25,2098,3,2,5,3,0.13,0.09,0.21
ITA-Serie A,2324,Torino,Karol Linetty,POL,MF,28.0,28,19,1858,0,0,0,0,0.0,0.0,0.0
ITA-Serie A,2324,Torino,Mërgim Vojvoda,KVX,"MF,DF",28.0,28,15,1379,0,3,3,0,0.0,0.2,0.2
ITA-Serie A,2324,Torino,Nikola Vlašić,CRO,MF,25.0,33,30,2608,3,2,5,3,0.1,0.07,0.17
ITA-Serie A,2324,Torino,Raoul Bellanova,ITA,MF,23.0,37,36,3046,1,7,8,1,0.03,0.21,0.24
ITA-Serie A,2324,Torino,Ricardo Rodríguez,SUI,"DF,MF",30.0,35,34,2772,1,2,3,1,0.03,0.06,0.1
ITA-Serie A,2324,Torino,Samuele Ricci,ITA,MF,21.0,32,28,2395,1,2,3,1,0.04,0.08,0.11
ITA-Serie A,2324,Torino,Valentino Lazaro,AUT,MF,27.0,35,21,1994,0,4,4,0,0.0,0.18,0.18
ITA-Serie A,2324,Udinese,Festy Ebosele,IRL,MF,20.0,31,20,1700,0,0,0,0,0.0,0.0,0.0
ITA-Serie A,2324,Udinese,Florian Thauvin,FRA,FW,30.0,29,19,1710,5,3,8,4,0.26,0.16,0.42
ITA-Serie A,2324,Udinese,Hassane Kamara,CIV,MF,29.0,35,27,2225,1,1,2,1,0.04,0.04,0.08
ITA-Serie A,2324,Udinese,Jordan Zemura,ZIM,MF,23.0,27,10,1038,1,0,1,1,0.09,0.0,0.09
ITA-Serie A,2324,Udinese,João Ferreira,POR,"DF,MF",22.0,35,18,1822,0,1,1,0,0.0,0.05,0.05
ITA-Serie A,2324,Udinese,Kingsley Ehizibue,NED,MF,28.0,23,11,955,0,1,1,0,0.0,0.09,0.09
ITA-Serie A,2324,Udinese,Lazar Samardzic,SRB,MF,21.0,34,28,2372,6,2,8,5,0.23,0.08,0.3
ITA-Serie A,2324,Udinese,Lorenzo Lucca,ITA,FW,22.0,37,30,2592,8,4,12,8,0.28,0.14,0.42
ITA-Serie A,2324,Udinese,Martín Payero,ARG,MF,24.0,29,21,1796,2,2,4,2,0.1,0.1,0.2
ITA-Serie A,2324,Udinese,Roberto Pereyra,ARG,"FW,MF",32.0,27,22,1858,4,3,7,3,0.19,0.15,0.34
ITA-Serie A,2324,Udinese,Sandi Lovrić,SVN,MF,25.0,29,21,1987,1,3,4,1,0.05,0.14,0.18
ITA-Serie A,2324,Udinese,Walace,BRA,MF,28.0,37,37,3238,2,0,2,2,0.06,0.0,0.06
ITA-Serie A,2425,Atalanta,Ademola Lookman,NGA,"MF,FW",26.0,31,28,2247,15,5,20,14,0.6,0.2,0.8
ITA-Serie A,2425,Atalanta,Charles De Ketelaere,BEL,"MF,FW",23.0,36,25,2070,7,7,14,7,0.3,0.3,0.61
ITA-Serie A,2425,Atalanta,Davide Zappacosta,ITA,MF,32.0,30,26,2067,4,2,6,4,0.17,0.09,0.26
ITA-Serie A,2425,Atalanta,Lazar Samardzic,SRB,MF,22.0,31,7,1169,2,1,3,2,0.15,0.08,0.23
ITA-Serie A,2425,Atalanta,Marco Brescianini,ITA,MF,24.0,29,9,991,4,2,6,4,0.36,0.18,0.54
ITA-Serie A,2425,Atalanta,Mario Pašalić,CRO,MF,29.0,34,23,1967,3,4,7,3,0.14,0.18,0.32
ITA-Serie A,2425,Atalanta,Marten de Roon,NED,"MF,DF",33.0,36,34,3058,4,4,8,4,0.12,0.12,0.24
ITA-Serie A,2425,Atalanta,Mateo Retegui,ITA,FW,25.0,36,32,2383,25,8,33,21,0.94,0.3,1.25
ITA-Serie A,2425,Atalanta,Matteo Ruggeri,ITA,"MF,DF",22.0,30,19,1751,0,3,3,0,0.0,0.15,0.15
ITA-Serie A,2425,Atalanta,Raoul Bellanova,ITA,MF,24.0,34,27,2402,0,9,9,0,0.0,0.34,0.34
ITA-Serie A,2425,Atalanta,Éderson Silva,BRA,MF,25.0,37,32,2881,4,1,5,4,0.12,0.03,0.16
ITA-Serie A,2425,Bologna,Benjamín Domínguez,ARG,MF,20.0,24,16,1281,3,2,5,3,0.21,0.14,0.35
ITA-Serie A,2425,Bologna,Dan Ndoye,SUI,"MF,FW",23.0,30,26,2143,8,4,12,6,0.34,0.17,0.5
ITA-Serie A,2425,Bologna,Giovanni Fabbian,ITA,MF,21.0,30,9,1023,3,1,4,3,0.26,0.09,0.35
ITA-Serie A,2425,Bologna,Jens Odgaard,DEN,MF,25.0,29,24,1952,6,1,7,6,0.28,0.05,0.32
ITA-Serie A,2425,Bologna,Lewis Ferguson,SCO,MF,24.0,16,10,983,1,1,2,0,0.09,0.09,0.18
ITA-Serie A,2425,Bologna,Nikola Moro,CRO,MF,26.0,22,15,1208,0,2,2,0,0.0,0.15,0.15
ITA-Serie A,2425,Bologna,Remo Freuler,SUI,MF,32.0,37,37,3204,1,2,3,1,0.03,0.06,0.08
ITA-Serie A,2425,Bologna,Riccardo Orsolini,ITA,"MF,FW",27.0,30,23,1878,15,4,19,12,0.72,0.19,0.91
ITA-Serie A,2425,Bologna,Santiago Castro,ARG,FW,19.0,36,27,2294,8,4,12,8,0.31,0.16,0.47
ITA-Serie A,2425,Bologna,Thijs Dallinga,NED,FW,23.0,31,11,1154,3,2,5,3,0.23,0.16,0.39
ITA-Serie A,2425,Bologna,Tommaso Pobega,ITA,MF,25.0,21,13,1178,2,2,4,2,0.15,0.15,0.31
ITA-Serie A,2425,Cagliari,Adam Obert,SVK,"DF,MF",21.0,21,13,1077,1,1,2,1,0.08,0.08,0.17
ITA-Serie A,2425,Cagliari,Alessandro Deiola,ITA,MF,28.0,29,16,1432,2,1,3,2,0.13,0.06,0.19
ITA-Serie A,2425,Cagliari,Antoine Makoumbou,CGO,MF,26.0,33,27,2150,0,3,3,0,0.0,0.13,0.13
ITA-Serie A,2425,Cagliari,Gianluca Gaetano,ITA,"MF,FW",24.0,28,8,1009,2,4,6,2,0.18,0.36,0.54
ITA-Serie A,2425,Cagliari,Mattia Felici,ITA,MF,23.0,20,9,925,0,3,3,0,0.0,0.29,0.29
ITA-Serie A,2425,Cagliari,Michel Ndary Adopo,FRA,MF,24.0,35,27,2409,1,1,2,1,0.04,0.04,0.07
ITA-Serie A,2425,Cagliari,Nadir Zortea,ITA,MF,25.0,35,33,2713,6,2,8,6,0.2,0.07,0.27
ITA-Serie A,2425,Cagliari,Nicolas Viola,ITA,"MF,FW",34.0,27,18,1267,3,1,4,3,0.21,0.07,0.28
ITA-Serie A,2425,Cagliari,Roberto Piccoli,ITA,FW,23.0,37,37,3127,10,1,11,9,0.29,0.03,0.32
ITA-Serie A,2425,Cagliari,Răzvan Marin,ROU,MF,28.0,33,13,1406,3,2,5,1,0.19,0.13,0.32
ITA-Serie A,2425,Cagliari,Tommaso Augello,ITA,"MF,DF",29.0,38,30,2713,0,7,7,0,0.0,0.23,0.23
ITA-Serie A,2425,Cagliari,Zito Luvumbo,ANG,"FW,MF",22.0,26,19,1606,2,2,4,2,0.11,0.11,0.22
ITA-Serie A,2425,Como,Alieu Fadera,GAM,MF,22.0,28,20,1644,1,3,4,1,0.05,0.16,0.22
ITA-Serie A,2425,Como,Assane Diao,SEN,"MF,FW",18.0,15,14,1252,8,1,9,8,0.58,0.07,0.65
ITA-Serie A,2425,Como,Gabriel Strefezza,BRA,"MF,FW",27.0,37,32,2619,6,4,10,6,0.21,0.14,0.34
ITA-Serie A,2425,Como,Lucas Da Cunha,FRA,MF,23.0,36,30,2613,3,2,5,3,0.1,0.07,0.17
ITA-Serie A,2425,Como,Maxence Caqueret,FRA,MF,24.0,18,15,1087,2,3,5,2,0.17,0.25,0.41
ITA-Serie A,2425,Como,Máximo Perrone,ARG,MF,21.0,26,20,1857,0,3,3,0,0.0,0.15,0.15
ITA-Serie A,2425,Como,Nicolás Paz,ARG,"MF,FW",19.0,35,30,2687,6,8,14,6,0.2,0.27,0.47
ITA-Serie A,2425,Como,Patrick Cutrone,ITA,FW,26.0,33,23,2047,7,4,11,7,0.31,0.18,0.48
ITA-Serie A,2425,Como,Yannik Engelhardt,GER,"MF,DF",23.0,26,11,1164,1,1,2,1,0.08,0.08,0.15
ITA-Serie A,2425,Empoli,Alberto Grassi,ITA,MF,29.0,28,27,2203,1,0,1,1,0.04,0.0,0.04
ITA-Serie A,2425,Empoli,Emmanuel Gyasi,GHA,MF,30.0,37,37,3217,2,1,3,2,0.06,0.03,0.08
ITA-Serie A,2425,Empoli,Faustino Anjorin,ENG,MF,22.0,22,14,1114,2,3,5,2,0.16,0.24,0.4
ITA-Serie A,2425,Empoli,Giuseppe Pezzella,ITA,MF,26.0,35,34,2878,0,3,3,0,0.0,0.09,0.09
ITA-Serie A,2425,Empoli,Jacopo Fazzini,ITA,MF,21.0,20,16,1383,4,1,5,4,0.26,0.07,0.33
ITA-Serie A,2425,Empoli,Liam Henderson,SCO,MF,28.0,36,27,2337,0,4,4,0,0.0,0.15,0.15
ITA-Serie A,2425,Empoli,Liberato Cacace,NZL,"MF,DF",23.0,33,24,2230,2,4,6,2,0.08,0.16,0.24
ITA-Serie A,2425,Empoli,Lorenzo Colombo,ITA,"FW,MF",22.0,37,26,2233,6,2,8,5,0.24,0.08,0.32
ITA-Serie A,2425,Empoli,Sebastiano Esposito,ITA,"FW,MF",22.0,33,27,2331,8,0,8,7,0.31,0.0,0.31
ITA-Serie A,2425,Empoli,Youssef Maleh,MAR,MF,25.0,22,17,1510,0,1,1,0,0.0,0.06,0.06
ITA-Serie A,2425,Fiorentina,Albert Guðmundsson,ISL,"FW,MF",27.0,24,16,1273,6,1,7,4,0.42,0.07,0.49
ITA-Serie A,2425,Fiorentina,Amir Richardson,MAR,MF,22.0,27,10,1099,1,1,2,1,0.08,0.08,0.16
ITA-Serie A,2425,Fiorentina,Andrea Colpani,ITA,MF,25.0,25,18,1450,2,1,3,2,0.12,0.06,0.19
ITA-Serie A,2425,Fiorentina,Danilo Cataldi,ITA,MF,29.0,25,23,1728,3,0,3,3,0.16,0.0,0.16
ITA-Serie A,2425,Fiorentina,Dodô,BRA,"DF,MF",25.0,35,35,3115,0,5,5,0,0.0,0.14,0.14
ITA-Serie A,2425,Fiorentina,Fabiano Parisi,ITA,"MF,DF",23.0,26,11,1124,2,0,2,2,0.16,0.0,0.16
ITA-Serie A,2425,Fiorentina,Lucas Beltrán,ARG,"MF,FW",23.0,33,21,1953,5,4,9,3,0.23,0.18,0.41
ITA-Serie A,2425,Fiorentina,Moise Kean,ITA,FW,24.0,32,31,2704,19,3,22,18,0.63,0.1,0.73
ITA-Serie A,2425,Fiorentina,Nicolò Fagioli,ITA,MF,23.0,15,10,962,1,2,3,1,0.09,0.19,0.28
ITA-Serie A,2425,Fiorentina,Robin Gosens,GER,"DF,MF",30.0,32,29,2521,5,5,10,5,0.18,0.18,0.36
ITA-Serie A,2425,Fiorentina,Rolando Mandragora,ITA,MF,27.0,29,22,1931,4,3,7,3,0.19,0.14,0.33
ITA-Serie A,2425,Fiorentina,Yacine Adli,FRA,MF,24.0,26,15,1234,4,6,10,4,0.29,0.44,0.73
ITA-Serie A,2425,Genoa,Aarón Martín,ESP,"DF,MF",27.0,36,35,3085,0,8,8,0,0.0,0.23,0.23
ITA-Serie A,2425,Genoa,Alessandro Zanoli,ITA,MF,23.0,31,19,1711,1,0,1,1,0.05,0.0,0.05
ITA-Serie A,2425,Genoa,Andrea Pinamonti,ITA,FW,25.0,36,33,2850,10,1,11,10,0.32,0.03,0.35
ITA-Serie A,2425,Genoa,Fabio Miretti,ITA,MF,20.0,25,22,1677,3,3,6,3,0.16,0.16,0.32
ITA-Serie A,2425,Genoa,Milan Badelj,CRO,MF,35.0,23,21,1472,1,0,1,1,0.06,0.0,0.06
ITA-Serie A,2425,Genoa,Morten Frendrup,DEN,MF,23.0,35,35,3103,2,0,2,2,0.06,0.0,0.06
ITA-Serie A,2425,Genoa,Morten Thorsby,NOR,MF,28.0,30,22,1898,0,1,1,0,0.0,0.05,0.05
ITA-Serie A,2425,Genoa,Patrizio Masini,ITA,MF,23.0,26,16,1538,1,0,1,1,0.06,0.0,0.06
ITA-Serie A,2425,Genoa,Stefano Sabelli,ITA,"DF,MF",31.0,34,23,2058,0,2,2,0,0.0,0.09,0.09
ITA-Serie A,2425,Genoa,Vitinha,POR,"FW,MF",24.0,25,16,1328,2,3,5,2,0.14,0.2,0.34
ITA-Serie A,2425,Hellas Verona,Amin Sarr,SWE,FW,23.0,32,25,1907,4,1,5,4,0.19,0.05,0.24
ITA-Serie A,2425,Hellas Verona,Casper Tengstedt,DEN,FW,24.0,25,20,1517,6,1,7,5,0.36,0.06,0.42
ITA-Serie A,2425,Hellas Verona,Dailon Livramento,CPV,"MF,FW",23.0,29,8,940,1,1,2,1,0.1,0.1,0.19
ITA-Serie A,2425,Hellas Verona,Daniel Mosquera,COL,FW,24.0,35,12,1375,5,1,6,5,0.33,0.07,0.39
ITA-Serie A,2425,Hellas Verona,Darko Lazović,SRB,MF,33.0,27,17,1459,2,3,5,1,0.12,0.19,0.31
ITA-Serie A,2425,Hellas Verona,Domagoj Bradarić,CRO,"MF,DF",24.0,28,24,1933,1,0,1,1,0.05,0.0,0.05
ITA-Serie A,2425,Hellas Verona,Jackson Tchatchoua,CMR,"MF,DF",22.0,36,36,3167,2,3,5,2,0.06,0.09,0.14
ITA-Serie A,2425,Hellas Verona,Ondrej Duda,SVK,MF,29.0,28,27,2395,1,3,4,1,0.04,0.11,0.15
ITA-Serie A,2425,Hellas Verona,Paweł Dawidowicz,POL,"DF,MF",29.0,26,24,1845,0,0,0,0,0.0,0.0,0.0
ITA-Serie A,2425,Hellas Verona,Reda Belahyane,MAR,MF,20.0,22,17,1658,0,2,2,0,0.0,0.11,0.11
ITA-Serie A,2425,Hellas Verona,Suat Serdar,GER,MF,27.0,22,16,1376,2,1,3,2,0.13,0.07,0.2
ITA-Serie A,2425,Hellas Verona,Tomáš Suslov,SVK,"MF,FW",22.0,31,27,2080,0,1,1,0,0.0,0.04,0.04
ITA-Serie A,2425,Inter,Carlos Augusto,BRA,"DF,MF",25.0,29,15,1691,3,2,5,3,0.16,0.11,0.27
ITA-Serie A,2425,Inter,Davide Frattesi,ITA,MF,24.0,28,9,1225,5,1,6,5,0.37,0.07,0.44
ITA-Serie A,2425,Inter,Denzel Dumfries,NED,MF,28.0,29,20,1955,7,2,9,7,0.32,0.09,0.41
ITA-Serie A,2425,Inter,Federico Dimarco,ITA,MF,26.0,33,29,2177,4,7,11,4,0.17,0.29,0.45
ITA-Serie A,2425,Inter,Hakan Çalhanoğlu,TUR,MF,30.0,29,26,1947,5,6,11,2,0.23,0.28,0.51
ITA-Serie A,2425,Inter,Henrikh Mkhitaryan,ARM,MF,35.0,32,30,2396,1,4,5,1,0.04,0.15,0.19
ITA-Serie A,2425,Inter,Kristjan Asllani,ALB,MF,22.0,22,10,988,2,2,4,0,0.18,0.18,0.36
ITA-Serie A,2425,Inter,Lautaro Martínez,ARG,FW,26.0,31,31,2564,12,3,15,12,0.42,0.11,0.53
ITA-Serie A,2425,Inter,Marcus Thuram,FRA,FW,26.0,32,27,2290,14,4,18,14,0.55,0.16,0.71
ITA-Serie A,2425,Inter,Matteo Darmian,ITA,"MF,DF",34.0,29,20,1781,3,2,5,3,0.15,0.1,0.25
ITA-Serie A,2425,Inter,Nicolò Barella,ITA,MF,27.0,33,29,2493,3,6,9,3,0.11,0.22,0.32
ITA-Serie A,2425,Inter,Piotr Zieliński,POL,MF,30.0,26,8,980,2,2,4,0,0.18,0.18,0.37
ITA-Serie A,2425,Juventus,Andrea Cambiaso,ITA,"DF,MF",24.0,33,25,2221,2,3,5,2,0.08,0.12,0.2
ITA-Serie A,2425,Juventus,Dušan Vlahović,SRB,FW,24.0,29,21,1784,10,4,14,6,0.5,0.2,0.71
ITA-Serie A,2425,Juventus,Francisco Conceição,POR,MF,21.0,26,12,1340,3,3,6,3,0.2,0.2,0.4
ITA-Serie A,2425,Juventus,Kenan Yıldız,TUR,MF,19.0,35,28,2402,7,4,11,7,0.26,0.15,0.41
ITA-Serie A,2425,Juventus,Khéphren Thuram,FRA,MF,23.0,35,26,2326,4,5,9,4,0.15,0.19,0.35
ITA-Serie A,2425,Juventus,Manuel Locatelli,ITA,MF,26.0,36,34,2822,2,2,4,1,0.06,0.06,0.13
ITA-Serie A,2425,Juventus,Nicolás González,ARG,"MF,FW",26.0,26,23,1750,3,2,5,3,0.15,0.1,0.26
ITA-Serie A,2425,Juventus,Randal Kolo Muani,FRA,FW,25.0,16,13,1160,8,1,9,7,0.62,0.08,0.7
ITA-Serie A,2425,Juventus,Teun Koopmeiners,NED,MF,26.0,28,23,1994,3,3,6,3,0.14,0.14,0.27
ITA-Serie A,2425,Juventus,Timothy Weah,USA,"MF,DF",24.0,30,18,1638,5,2,7,5,0.27,0.11,0.38
ITA-Serie A,2425,Juventus,Weston McKennie,USA,"MF,DF",25.0,32,27,2310,2,4,6,2,0.08,0.16,0.23
ITA-Serie A,2425,Lazio,Boulaye Dia,SEN,"MF,FW",27.0,35,27,2177,9,3,12,9,0.37,0.12,0.5
ITA-Serie A,2425,Lazio,Fisayo Dele-Bashiru,NGA,MF,23.0,20,12,947,3,1,4,3,0.29,0.1,0.38
ITA-Serie A,2425,Lazio,Gustav Isaksen,DEN,MF,23.0,37,29,2210,4,2,6,4,0.16,0.08,0.24
ITA-Serie A,2425,Lazio,Mattia Zaccagni,ITA,"MF,FW",29.0,34,33,2686,8,6,14,6,0.27,0.2,0.47
ITA-Serie A,2425,Lazio,Mattéo Guendouzi,FRA,MF,25.0,37,37,3270,1,3,4,1,0.03,0.08,0.11
ITA-Serie A,2425,Lazio,Nicolò Rovella,ITA,MF,22.0,33,31,2718,0,3,3,0,0.0,0.1,0.1
ITA-Serie A,2425,Lazio,Pedro,ESP,"MF,FW",37.0,30,6,1102,10,1,11,8,0.82,0.08,0.9
ITA-Serie A,2425,Lazio,Valentín Castellanos,ARG,FW,25.0,29,28,2384,10,3,13,8,0.38,0.11,0.49
ITA-Serie A,2425,Lecce,Balthazar Pierret,FRA,MF,24.0,30,21,1723,0,0,0,0,0.0,0.0,0.0
ITA-Serie A,2425,Lecce,Hamza Rafia,TUN,MF,25.0,18,14,1058,0,0,0,0,0.0,0.0,0.0
ITA-Serie A,2425,Lecce,Lassana Coulibaly,MLI,MF,28.0,38,30,2667,1,0,1,1,0.03,0.0,0.03
ITA-Serie A,2425,Lecce,Nikola Krstović,MNE,FW,24.0,37,37,3057,11,5,16,9,0.32,0.15,0.47
ITA-Serie A,2425,Lecce,Patrick Dorgu,DEN,"MF,DF",19.0,21,21,1840,3,1,4,3,0.15,0.05,0.2
ITA-Serie A,2425,Lecce,Santiago Pierotti,ARG,"MF,FW",23.0,36,22,1937,4,2,6,4,0.19,0.09,0.28
ITA-Serie A,2425,Lecce,Tete Morente,ESP,"MF,FW",27.0,31,23,2021,3,2,5,3,0.13,0.09,0.22
ITA-Serie A,2425,Lecce,Ylber Ramadani,ALB,MF,28.0,29,21,1807,1,1,2,1,0.05,0.05,0.1
ITA-Serie A,2425,Lecce,Þórir Jóhann Helgason,ISL,MF,23.0,21,13,1156,0,4,4,0,0.0,0.31,0.31
ITA-Serie A,2425,Milan,Christian Pulisic,USA,"MF,FW",25.0,34,29,2478,11,9,20,8,0.4,0.33,0.73
ITA-Serie A,2425,Milan,Rafael Leão,POR,"MF,FW",25.0,34,25,2323,8,8,16,8,0.31,0.31,0.62
ITA-Serie A,2425,Milan,Ruben Loftus-Cheek,ENG,MF,28.0,19,10,1037,0,0,0,0,0.0,0.0,0.0
ITA-Serie A,2425,Milan,Samuel Chukwueze,NGA,"MF,FW",25.0,26,9,925,3,2,5,3,0.29,0.19,0.49
ITA-Serie A,2425,Milan,Tammy Abraham,ENG,FW,26.0,28,12,1183,3,4,7,2,0.23,0.3,0.53
ITA-Serie A,2425,Milan,Theo Hernández,FRA,"DF,MF",26.0,33,30,2696,4,3,7,4,0.13,0.1,0.23
ITA-Serie A,2425,Milan,Tijjani Reijnders,NED,MF,26.0,37,36,3128,10,4,14,10,0.29,0.12,0.4
ITA-Serie A,2425,Milan,Youssouf Fofana,FRA,MF,25.0,35,29,2504,1,6,7,1,0.04,0.22,0.25
ITA-Serie A,2425,Milan,Yunus Musah,USA,"MF,FW",21.0,29,19,1571,0,2,2,0,0.0,0.11,0.11
ITA-Serie A,2425,Milan,Álex Jiménez,ESP,"MF,DF",19.0,22,14,1266,0,1,1,0,0.0,0.07,0.07
ITA-Serie A,2425,Milan,Álvaro Morata,ESP,"FW,MF",31.0,16,13,1099,5,0,5,5,0.41,0.0,0.41
ITA-Serie A,2425,Monza,Alessandro Bianco,ITA,MF,21.0,34,29,2600,1,0,1,1,0.03,0.0,0.03
ITA-Serie A,2425,Monza,Daniel Maldini,ITA,"MF,FW",22.0,20,16,1306,3,0,3,3,0.21,0.0,0.21
ITA-Serie A,2425,Monza,Dany Mota,POR,"MF,FW",26.0,31,24,2104,5,2,7,5,0.21,0.09,0.3
ITA-Serie A,2425,Monza,Gianluca Caprari,ITA,"MF,FW",31.0,34,18,1651,3,2,5,1,0.16,0.11,0.27
ITA-Serie A,2425,Monza,Giorgos Kyriakopoulos,GRE,MF,28.0,34,33,2845,2,4,6,2,0.06,0.13,0.19
ITA-Serie A,2425,Monza,Jean-Daniel Akpa-Akpro,CIV,MF,31.0,14,12,966,0,0,0,0,0.0,0.0,0.0
ITA-Serie A,2425,Monza,Milan Đurić,BIH,FW,34.0,18,13,1270,4,1,5,4,0.28,0.07,0.35
ITA-Serie A,2425,Monza,Patrick Ciurria,ITA,MF,29.0,21,12,1111,1,1,2,1,0.08,0.08,0.16
ITA-Serie A,2425,Monza,Pedro Pereira,POR,"MF,DF",26.0,35,32,2665,1,3,4,1,0.03,0.1,0.14
ITA-Serie A,2425,Monza,Samuele Birindelli,ITA,MF,25.0,21,18,1468,3,0,3,3,0.18,0.0,0.18
ITA-Serie A,2425,Monza,Warren Bondo,FRA,MF,20.0,20,19,1618,0,0,0,0,0.0,0.0,0.0
ITA-Serie A,2425,Napoli,Billy Gilmour,SCO,MF,23.0,26,13,1177,0,1,1,0,0.0,0.08,0.08
ITA-Serie A,2425,Napoli,David Neres,BRA,FW,27.0,28,13,1283,2,4,6,2,0.14,0.28,0.42
ITA-Serie A,2425,Napoli,Frank Anguissa,CMR,MF,28.0,35,32,2852,6,4,10,6,0.19,0.13,0.32
ITA-Serie A,2425,Napoli,Giacomo Raspadori,ITA,"FW,MF",24.0,26,11,1103,6,1,7,6,0.49,0.08,0.57
ITA-Serie A,2425,Napoli,Khvicha Kvaratskhelia,GEO,"FW,MF",23.0,17,15,1178,5,3,8,4,0.38,0.23,0.61
ITA-Serie A,2425,Napoli,Leonardo Spinazzola,ITA,"DF,MF",31.0,27,17,1517,1,1,2,1,0.06,0.06,0.12
ITA-Serie A,2425,Napoli,Matteo Politano,ITA,"FW,MF",30.0,37,34,2804,3,4,7,3,0.1,0.13,0.22
ITA-Serie A,2425,Napoli,Romelu Lukaku,BEL,FW,31.0,36,35,2843,14,10,24,11,0.44,0.32,0.76
ITA-Serie A,2425,Napoli,Scott McTominay,SCO,MF,27.0,34,33,2938,12,4,16,12,0.37,0.12,0.49
ITA-Serie A,2425,Napoli,Stanislav Lobotka,SVK,MF,29.0,32,31,2636,0,1,1,0,0.0,0.03,0.03
ITA-Serie A,2425,Parma,Adrian Bernabe,ESP,MF,23.0,21,18,1453,1,1,2,1,0.06,0.06,0.12
ITA-Serie A,2425,Parma,Ange-Yoan Bonny,CIV,FW,20.0,37,30,2529,6,4,10,4,0.21,0.14,0.36
ITA-Serie A,2425,Parma,Antoine Hainaut,FRA,"DF,MF",22.0,25,10,1206,2,0,2,2,0.15,0.0,0.15
ITA-Serie A,2425,Parma,Dennis Man,ROU,"MF,FW",25.0,33,23,1995,4,4,8,4,0.18,0.18,0.36
ITA-Serie A,2425,Parma,Emanuele Valeri,ITA,"DF,MF",25.0,35,34,2873,2,6,8,1,0.06,0.19,0.25
ITA-Serie A,2425,Parma,Enrico Delprato,ITA,"DF,MF",24.0,34,32,2947,4,0,4,4,0.12,0.0,0.12
ITA-Serie A,2425,Parma,Hernani,BRA,MF,30.0,25,15,1327,3,3,6,0,0.2,0.2,0.41
ITA-Serie A,2425,Parma,Mandela Keita,BEL,MF,22.0,30,24,1826,0,2,2,0,0.0,0.1,0.1
ITA-Serie A,2425,Parma,Matteo Cancellieri,ITA,"MF,FW",22.0,27,19,1424,3,0,3,3,0.19,0.0,0.19
ITA-Serie A,2425,Parma,Pontus Almqvist,SWE,"FW,MF",25.0,29,10,1112,1,1,2,1,0.08,0.08,0.16
ITA-Serie A,2425,Parma,Simon Sohm,SUI,MF,23.0,37,36,2989,4,0,4,4,0.12,0.0,0.12
ITA-Serie A,2425,Parma,Valentin Mihaila,ROU,"MF,FW",24.0,21,16,1288,0,3,3,0,0.0,0.21,0.21
ITA-Serie A,2425,Roma,Alexis Saelemaekers,BEL,"MF,FW",25.0,22,17,1389,7,3,10,7,0.45,0.19,0.65
ITA-Serie A,2425,Roma,Angeliño,ESP,"MF,DF",27.0,38,36,3177,2,1,3,2,0.06,0.03,0.08
ITA-Serie A,2425,Roma,Artem Dovbyk,UKR,FW,27.0,32,27,2418,12,2,14,10,0.45,0.07,0.52
ITA-Serie A,2425,Roma,Bryan Cristante,ITA,MF,29.0,30,23,2045,4,2,6,4,0.18,0.09,0.26
ITA-Serie A,2425,Roma,Eldor Shomurodov,UZB,FW,29.0,27,11,1097,4,4,8,4,0.33,0.33,0.66
ITA-Serie A,2425,Roma,Leandro Paredes,ARG,MF,30.0,22,15,1373,3,1,4,1,0.2,0.07,0.26
ITA-Serie A,2425,Roma,Lorenzo Pellegrini,ITA,MF,28.0,25,20,1626,2,1,3,1,0.11,0.06,0.17
ITA-Serie A,2425,Roma,Manu Koné,FRA,MF,23.0,34,31,2572,2,1,3,2,0.07,0.03,0.1
ITA-Serie A,2425,Roma,Matìas Soulé,ARG,MF,21.0,27,22,1781,5,5,10,5,0.25,0.25,0.51
ITA-Serie A,2425,Roma,Niccolò Pisilli,ITA,MF,19.0,28,11,1227,2,1,3,2,0.15,0.07,0.22
ITA-Serie A,2425,Roma,Paulo Dybala,ARG,"FW,MF",30.0,24,16,1417,6,3,9,3,0.38,0.19,0.57
ITA-Serie A,2425,Roma,Stephan El Shaarawy,ITA,"MF,FW",31.0,31,12,1098,3,4,7,3,0.25,0.33,0.57
ITA-Serie A,2425,Roma,Zeki Çelik,TUR,"DF,MF",27.0,31,27,2256,0,2,2,0,0.0,0.08,0.08
ITA-Serie A,2425,Torino,Antonio Sanabria,PAR,FW,28.0,26,16,1318,2,1,3,2,0.14,0.07,0.2
ITA-Serie A,2425,Torino,Borna Sosa,CRO,"MF,DF",26.0,19,14,1181,0,0,0,0,0.0,0.0,0.0
ITA-Serie A,2425,Torino,Cesare Casadei,ITA,MF,21.0,15,13,1017,1,1,2,1,0.09,0.09,0.18
ITA-Serie A,2425,Torino,Ché Adams,SCO,FW,28.0,36,30,2652,9,3,12,9,0.31,0.1,0.41
ITA-Serie A,2425,Torino,Elif Elmas,MKD,"MF,FW",24.0,13,12,1021,4,0,4,4,0.35,0.0,0.35
ITA-Serie A,2425,Torino,Gvidas Gineitis,LTU,MF,20.0,30,15,1430,3,1,4,3,0.19,0.06,0.25
ITA-Serie A,2425,Torino,Ivan Ilić,SRB,MF,23.0,19,9,920,1,0,1,1,0.1,0.0,0.1
ITA-Serie A,2425,Torino,Karol Linetty,POL,MF,29.0,28,18,1540,1,0,1,1,0.06,0.0,0.06
ITA-Serie A,2425,Torino,Marcus Pedersen,NOR,"MF,DF",24.0,29,15,1362,0,0,0,0,0.0,0.0,0.0
ITA-Serie A,2425,Torino,Mërgim Vojvoda,KVX,"DF,MF",29.0,17,12,1105,0,0,0,0,0.0,0.0,0.0
ITA-Serie A,2425,Torino,Nikola Vlašić,CRO,"MF,FW",26.0,30,23,2117,5,4,9,3,0.21,0.17,0.38
ITA-Serie A,2425,Torino,Samuele Ricci,ITA,MF,22.0,34,34,2825,1,1,2,1,0.03,0.03,0.06
ITA-Serie A,2425,Torino,Valentino Lazaro,AUT,MF,28.0,33,26,2307,0,6,6,0,0.0,0.23,0.23
ITA-Serie A,2425,Torino,Yann Karamoh,FRA,"MF,FW",26.0,29,10,1046,0,1,1,0,0.0,0.09,0.09
ITA-Serie A,2425,Udinese,Arthur Atta,FRA,"MF,FW",21.0,27,12,1251,0,1,1,0,0.0,0.07,0.07
ITA-Serie A,2425,Udinese,Florian Thauvin,FRA,"FW,MF",31.0,25,24,1956,8,3,11,7,0.37,0.14,0.51
ITA-Serie A,2425,Udinese,Hassane Kamara,CIV,"MF,DF",30.0,30,25,2001,1,4,5,1,0.04,0.18,0.22
ITA-Serie A,2425,Udinese,Jesper Karlström,SWE,MF,29.0,37,36,3186,0,3,3,0,0.0,0.08,0.08
ITA-Serie A,2425,Udinese,Jordan Zemura,ZIM,"MF,DF",24.0,23,13,1415,1,2,3,1,0.06,0.13,0.19
ITA-Serie A,2425,Udinese,Jurgen Ekkelenkamp,NED,MF,24.0,34,20,1892,3,2,5,3,0.14,0.1,0.24
ITA-Serie A,2425,Udinese,Keinan Davis,ENG,FW,26.0,23,10,1066,2,1,3,2,0.17,0.08,0.25
ITA-Serie A,2425,Udinese,Kingsley Ehizibue,NED,"MF,DF",29.0,33,30,2498,0,1,1,0,0.0,0.04,0.04
ITA-Serie A,2425,Udinese,Lorenzo Lucca,ITA,FW,23.0,33,27,2353,12,1,13,11,0.46,0.04,0.5
ITA-Serie A,2425,Udinese,Martín Payero,ARG,MF,25.0,25,16,1381,1,1,2,1,0.07,0.07,0.13
ITA-Serie A,2425,Udinese,Sandi Lovrić,SVN,MF,26.0,36,31,2308,2,3,5,2,0.08,0.12,0.19
ITA-Serie A,2425,Venezia,Alessio Zerbin,ITA,MF,25.0,18,17,1518,1,1,2,1,0.06,0.06,0.12
ITA-Serie A,2425,Venezia,Alfred Duncan,GHA,MF,31.0,16,12,957,0,0,0,0,0.0,0.0,0.0
ITA-Serie A,2425,Venezia,Antonio Candela,ITA,"MF,DF",24.0,14,12,1008,0,1,1,0,0.0,0.09,0.09
ITA-Serie A,2425,Venezia,Francesco Zampano,ITA,MF,30.0,24,17,1639,1,2,3,1,0.05,0.11,0.16
ITA-Serie A,2425,Venezia,Gaetano Oristanio,ITA,"FW,MF",21.0,37,29,2315,3,3,6,3,0.12,0.12,0.23
ITA-Serie A,2425,Venezia,Gianluca Busio,USA,MF,22.0,33,28,2518,2,0,2,2,0.07,0.0,0.07
ITA-Serie A,2425,Venezia,Hans Nicolussi Caviglia,ITA,MF,24.0,35,33,2861,4,2,6,4,0.13,0.06,0.19
ITA-Serie A,2425,Venezia,Issa Doumbia,ITA,MF,20.0,24,10,939,0,0,0,0,0.0,0.0,0.0
ITA-Serie A,2425,Venezia,Joel Pohjanpalo,FIN,FW,29.0,20,19,1603,6,0,6,3,0.34,0.0,0.34
ITA-Serie A,2425,Venezia,John Yeboah,ECU,"FW,MF",24.0,33,11,1226,1,1,2,1,0.07,0.07,0.15
ITA-Serie A,2425,Venezia,Kike Pérez,ESP,MF,27.0,16,13,1114,1,0,1,1,0.08,0.0,0.08
ITA-Serie A,2425,Venezia,Mikael Ellertsson,ISL,MF,22.0,36,29,2470,2,2,4,2,0.07,0.07,0.15
ITA-Serie A,2425,Venezia,Ridgeciano Haps,SUR,"MF,DF",31.0,25,14,1369,1,1,2,1,0.07,0.07,0.13
ITA-Serie A,2526,Atalanta,Charles De Ketelaere,BEL,"MF,FW",24.0,31,26,2177,3,5,8,3,0.12,0.21,0.33
ITA-Serie A,2526,Atalanta,Davide Zappacosta,ITA,MF,33.0,35,30,2569,3,3,6,3,0.11,0.11,0.21
ITA-Serie A,2526,Atalanta,Gianluca Scamacca,ITA,FW,26.0,24,16,1315,10,1,11,8,0.68,0.07,0.75
ITA-Serie A,2526,Atalanta,Kamaldeen Sulemana,GHA,MF,23.0,25,9,1011,2,1,3,2,0.18,0.09,0.27
ITA-Serie A,2526,Atalanta,Lazar Samardzic,SRB,MF,23.0,26,11,1030,2,1,3,2,0.17,0.09,0.26
ITA-Serie A,2526,Atalanta,Lorenzo Bernasconi,ITA,MF,21.0,23,17,1572,0,3,3,0,0.0,0.17,0.17
ITA-Serie A,2526,Atalanta,Mario Pašalić,CRO,MF,30.0,33,21,1936,3,4,7,3,0.14,0.19,0.33
ITA-Serie A,2526,Atalanta,Marten de Roon,NED,MF,34.0,34,32,2691,1,2,3,1,0.03,0.07,0.1
ITA-Serie A,2526,Atalanta,Nicola Zalewski,POL,MF,23.0,33,24,1897,2,4,6,2,0.09,0.19,0.28
ITA-Serie A,2526,Atalanta,Nikola Krstović,MNE,FW,25.0,33,18,1791,10,5,15,10,0.5,0.25,0.75
ITA-Serie A,2526,Atalanta,Raoul Bellanova,ITA,MF,25.0,24,15,1377,0,1,1,0,0.0,0.07,0.07
ITA-Serie A,2526,Atalanta,Éderson Silva,BRA,MF,26.0,30,26,2230,2,1,3,1,0.08,0.04,0.12
ITA-Serie A,2526,Bologna,Federico Bernardeschi,ITA,"MF,FW",31.0,29,12,1217,4,2,6,3,0.3,0.15,0.44
ITA-Serie A,2526,Bologna,Jens Odgaard,DEN,MF,26.0,26,16,1378,5,1,6,5,0.33,0.07,0.39
ITA-Serie A,2526,Bologna,Jonathan Rowe,ENG,"MF,FW",22.0,28,17,1605,3,2,5,3,0.17,0.11,0.28
ITA-Serie A,2526,Bologna,Lewis Ferguson,SCO,MF,25.0,27,17,1601,1,0,1,1,0.06,0.0,0.06
ITA-Serie A,2526,Bologna,Nicolò Cambiaghi,ITA,"MF,FW",24.0,28,17,1518,3,4,7,3,0.18,0.24,0.42
ITA-Serie A,2526,Bologna,Nikola Moro,CRO,MF,27.0,30,19,1799,2,0,2,2,0.1,0.0,0.1
ITA-Serie A,2526,Bologna,Remo Freuler,SUI,MF,33.0,29,26,2213,1,2,3,1,0.04,0.08,0.12
ITA-Serie A,2526,Bologna,Riccardo Orsolini,ITA,"MF,FW",28.0,35,26,2111,10,1,11,6,0.43,0.04,0.47
ITA-Serie A,2526,Bologna,Santiago Castro,ARG,FW,20.0,35,26,2359,7,2,9,7,0.27,0.08,0.34
ITA-Serie A,2526,Bologna,Tommaso Pobega,ITA,MF,26.0,26,17,1434,3,1,4,3,0.19,0.06,0.25
ITA-Serie A,2526,Cagliari,Adam Obert,SVK,"DF,MF",22.0,35,33,2771,0,3,3,0,0.0,0.1,0.1
ITA-Serie A,2526,Cagliari,Alessandro Deiola,ITA,"MF,DF",29.0,20,17,1430,0,2,2,0,0.0,0.13,0.13
ITA-Serie A,2526,Cagliari,Gabriele Zappa,ITA,"DF,MF",25.0,31,18,1597,0,3,3,0,0.0,0.17,0.17
ITA-Serie A,2526,Cagliari,Gennaro Borrelli,ITA,FW,25.0,27,13,1275,5,1,6,5,0.35,0.07,0.42
ITA-Serie A,2526,Cagliari,Gianluca Gaetano,ITA,"MF,FW",25.0,33,21,1912,2,4,6,2,0.09,0.19,0.28
ITA-Serie A,2526,Cagliari,Marco Palestra,ITA,"MF,DF",20.0,37,34,3081,1,4,5,1,0.03,0.12,0.15
ITA-Serie A,2526,Cagliari,Matteo Prati,ITA,MF,21.0,20,15,1268,1,0,1,1,0.07,0.0,0.07
ITA-Serie A,2526,Cagliari,Michael Folorunsho,ITA,"MF,FW",27.0,27,24,1999,2,0,2,2,0.09,0.0,0.09
ITA-Serie A,2526,Cagliari,Michel Ndary Adopo,FRA,MF,25.0,38,33,3050,1,2,3,1,0.03,0.06,0.09
ITA-Serie A,2526,Cagliari,Sebastiano Esposito,ITA,"FW,MF",23.0,36,34,2675,7,5,12,6,0.24,0.17,0.4
ITA-Serie A,2526,Cagliari,Semih Kılıçsoy,TUR,FW,19.0,22,11,975,4,0,4,4,0.37,0.0,0.37
ITA-Serie A,2526,Como,Anastasios Douvikas,GRE,FW,25.0,38,25,2273,14,1,15,13,0.55,0.04,0.59
ITA-Serie A,2526,Como,Assane Diao,SEN,MF,19.0,17,13,1075,2,1,3,2,0.17,0.08,0.25
ITA-Serie A,2526,Como,Jesus Rodríguez,ESP,MF,19.0,31,18,1731,2,9,11,2,0.1,0.47,0.57
ITA-Serie A,2526,Como,Lucas Da Cunha,FRA,MF,24.0,36,31,2739,6,4,10,2,0.2,0.13,0.33
ITA-Serie A,2526,Como,Martin Baturina,CRO,"MF,FW",22.0,29,17,1569,6,3,9,6,0.34,0.17,0.52
ITA-Serie A,2526,Como,Maxence Caqueret,FRA,MF,25.0,30,17,1485,2,6,8,2,0.12,0.36,0.48
ITA-Serie A,2526,Como,Máximo Perrone,ARG,MF,22.0,36,33,2742,3,4,7,3,0.1,0.13,0.23
ITA-Serie A,2526,Como,Mërgim Vojvoda,KVX,"MF,DF",30.0,30,19,1591,2,2,4,2,0.11,0.11,0.23
ITA-Serie A,2526,Como,Nicolás Paz,ARG,MF,20.0,35,33,2878,12,6,18,12,0.38,0.19,0.56
ITA-Serie A,2526,Como,Álvaro Morata,ESP,FW,32.0,26,9,930,0,1,1,0,0.0,0.1,0.1
ITA-Serie A,2526,Cremonese,Alberto Grassi,ITA,MF,30.0,30,18,1753,0,0,0,0,0.0,0.0,0.0
ITA-Serie A,2526,Cremonese,Alessio Zerbin,ITA,MF,26.0,32,17,1646,0,3,3,0,0.0,0.16,0.16
ITA-Serie A,2526,Cremonese,Antonio Sanabria,PAR,FW,29.0,25,10,945,1,1,2,1,0.1,0.1,0.19
ITA-Serie A,2526,Cremonese,Federico Bonazzoli,ITA,FW,28.0,35,31,2510,10,1,11,7,0.36,0.04,0.39
ITA-Serie A,2526,Cremonese,Giuseppe Pezzella,ITA,"MF,DF",27.0,31,30,2585,0,1,1,0,0.0,0.03,0.03
ITA-Serie A,2526,Cremonese,Jamie Vardy,ENG,FW,38.0,29,24,2105,7,2,9,7,0.3,0.09,0.38
ITA-Serie A,2526,Cremonese,Jari Vandeputte,BEL,MF,29.0,32,23,1944,1,5,6,1,0.05,0.23,0.28
ITA-Serie A,2526,Cremonese,Martín Payero,ARG,MF,26.0,25,16,1457,1,0,1,1,0.06,0.0,0.06
ITA-Serie A,2526,Cremonese,Romano Floriani,ITA,MF,22.0,28,12,1168,0,1,1,0,0.0,0.08,0.08
ITA-Serie A,2526,Cremonese,Tommaso Barbieri,ITA,MF,22.0,29,18,1707,0,1,1,0,0.0,0.05,0.05
ITA-Serie A,2526,Cremonese,Warren Bondo,FRA,MF,21.0,27,22,1762,0,0,0,0,0.0,0.0,0.0
ITA-Serie A,2526,Cremonese,Youssef Maleh,MAR,MF,26.0,14,14,1100,1,0,1,1,0.08,0.0,0.08
ITA-Serie A,2526,Fiorentina,Albert Guðmundsson,ISL,"FW,MF",28.0,33,27,2250,5,4,9,2,0.2,0.16,0.36
ITA-Serie A,2526,Fiorentina,Cher Ndour,ITA,MF,21.0,33,20,1876,3,0,3,3,0.14,0.0,0.14
ITA-Serie A,2526,Fiorentina,Dodô,BRA,"DF,MF",26.0,36,36,3134,1,2,3,1,0.03,0.06,0.09
ITA-Serie A,2526,Fiorentina,Fabiano Parisi,ITA,"MF,FW",24.0,23,18,1520,1,1,2,1,0.06,0.06,0.12
ITA-Serie A,2526,Fiorentina,Jack Harrison,ENG,"FW,MF",28.0,15,10,981,1,3,4,1,0.09,0.28,0.37
ITA-Serie A,2526,Fiorentina,Moise Kean,ITA,FW,25.0,26,23,2036,8,1,9,6,0.35,0.04,0.4
ITA-Serie A,2526,Fiorentina,Nicolò Fagioli,ITA,MF,24.0,33,30,2554,2,3,5,2,0.07,0.11,0.18
ITA-Serie A,2526,Fiorentina,Roberto Piccoli,ITA,FW,24.0,32,16,1672,4,1,5,4,0.22,0.05,0.27
ITA-Serie A,2526,Fiorentina,Robin Gosens,GER,"DF,MF",31.0,26,24,1881,3,1,4,3,0.14,0.05,0.19
ITA-Serie A,2526,Fiorentina,Rolando Mandragora,ITA,MF,28.0,34,30,2421,7,3,10,6,0.26,0.11,0.37
ITA-Serie A,2526,Genoa,Aarón Martín,ESP,"MF,DF",28.0,33,26,2156,1,5,6,1,0.04,0.21,0.25
ITA-Serie A,2526,Genoa,Brooke Norton-Cuffy,ENG,"MF,DF",21.0,27,25,2212,2,1,3,2,0.08,0.04,0.12
ITA-Serie A,2526,Genoa,Caleb Ekuban,GHA,"FW,MF",31.0,31,6,994,4,1,5,4,0.36,0.09,0.45
ITA-Serie A,2526,Genoa,Jeff Ekhator,ITA,"FW,MF",18.0,30,9,956,3,0,3,3,0.28,0.0,0.28
ITA-Serie A,2526,Genoa,Lorenzo Colombo,ITA,FW,23.0,38,30,2326,7,1,8,6,0.27,0.04,0.31
ITA-Serie A,2526,Genoa,Mikael Ellertsson,ISL,MF,23.0,36,31,2767,1,1,2,1,0.03,0.03,0.07
ITA-Serie A,2526,Genoa,Morten Frendrup,DEN,MF,24.0,36,35,3081,1,0,1,1,0.03,0.0,0.03
ITA-Serie A,2526,Genoa,Patrizio Masini,ITA,MF,24.0,28,13,1413,0,1,1,0,0.0,0.06,0.06
ITA-Serie A,2526,Genoa,Ruslan Malinovskyi,UKR,MF,32.0,34,28,2235,6,3,9,3,0.24,0.12,0.36
ITA-Serie A,2526,Genoa,Stefano Sabelli,ITA,"MF,DF",32.0,16,12,913,0,0,0,0,0.0,0.0,0.0
ITA-Serie A,2526,Genoa,Vitinha,POR,"FW,MF",25.0,35,28,2226,5,1,6,5,0.2,0.04,0.24
ITA-Serie A,2526,Hellas Verona,Abdou Harroui,NED,MF,27.0,23,11,907,1,0,1,0,0.1,0.0,0.1
ITA-Serie A,2526,Hellas Verona,Amin Sarr,SWE,"FW,MF",24.0,34,9,1102,0,1,1,0,0.0,0.08,0.08
ITA-Serie A,2526,Hellas Verona,Antoine Bernede,FRA,MF,26.0,32,29,2301,1,2,3,1,0.04,0.08,0.12
ITA-Serie A,2526,Hellas Verona,Cheikh Niasse,SEN,MF,25.0,19,11,970,0,1,1,0,0.0,0.09,0.09
ITA-Serie A,2526,Hellas Verona,Domagoj Bradarić,CRO,MF,25.0,29,23,1966,0,1,1,0,0.0,0.05,0.05
ITA-Serie A,2526,Hellas Verona,Gift Orban,NGA,FW,23.0,28,23,2027,7,2,9,5,0.31,0.09,0.4
ITA-Serie A,2526,Hellas Verona,Giovane,BRA,"FW,MF",21.0,21,19,1533,3,4,7,3,0.18,0.23,0.41
ITA-Serie A,2526,Hellas Verona,Jean-Daniel Akpa-Akpro,CIV,MF,32.0,22,17,1504,1,0,1,1,0.06,0.0,0.06
ITA-Serie A,2526,Hellas Verona,Kieron Bowie,SCO,FW,22.0,14,14,1200,4,0,4,4,0.3,0.0,0.3
ITA-Serie A,2526,Hellas Verona,Martin Frese,DEN,"MF,DF",27.0,31,27,2408,2,0,2,2,0.07,0.0,0.07
ITA-Serie A,2526,Hellas Verona,Rafik Belghali,ALG,MF,23.0,26,22,1920,2,0,2,2,0.09,0.0,0.09
ITA-Serie A,2526,Hellas Verona,Roberto Gagliardini,ITA,MF,31.0,29,25,2272,1,0,1,1,0.04,0.0,0.04
ITA-Serie A,2526,Hellas Verona,Suat Serdar,GER,MF,28.0,20,12,1108,2,0,2,2,0.16,0.0,0.16
ITA-Serie A,2526,Inter,Ange-Yoan Bonny,CIV,FW,21.0,33,10,1142,5,4,9,5,0.39,0.32,0.71
ITA-Serie A,2526,Inter,Carlos Augusto,BRA,"MF,DF",26.0,34,18,1763,1,1,2,1,0.05,0.05,0.1
ITA-Serie A,2526,Inter,Denzel Dumfries,NED,MF,29.0,20,15,1325,3,1,4,3,0.2,0.07,0.27
ITA-Serie A,2526,Inter,Federico Dimarco,ITA,MF,27.0,35,30,2698,7,16,23,7,0.23,0.53,0.77
ITA-Serie A,2526,Inter,Francesco Esposito,ITA,FW,20.0,35,15,1571,7,3,10,7,0.4,0.17,0.57
ITA-Serie A,2526,Inter,Hakan Çalhanoğlu,TUR,MF,31.0,22,20,1639,9,4,13,5,0.49,0.22,0.71
ITA-Serie A,2526,Inter,Henrikh Mkhitaryan,ARM,MF,36.0,30,16,1560,4,1,5,4,0.23,0.06,0.29
ITA-Serie A,2526,Inter,Lautaro Martínez,ARG,FW,27.0,30,27,2159,17,6,23,17,0.71,0.25,0.96
ITA-Serie A,2526,Inter,Luis Henrique,BRA,MF,23.0,30,18,1624,1,2,3,1,0.06,0.11,0.17
ITA-Serie A,2526,Inter,Marcus Thuram,FRA,FW,27.0,29,24,1900,13,6,19,13,0.62,0.28,0.9
ITA-Serie A,2526,Inter,Nicolò Barella,ITA,MF,28.0,34,31,2517,3,8,11,3,0.11,0.29,0.39
ITA-Serie A,2526,Inter,Petar Sučić,CRO,MF,21.0,34,21,1765,2,2,4,2,0.1,0.1,0.2
ITA-Serie A,2526,Inter,Piotr Zieliński,POL,MF,31.0,34,22,2045,6,3,9,5,0.26,0.13,0.4
ITA-Serie A,2526,Juventus,Andrea Cambiaso,ITA,"MF,DF",25.0,36,35,2769,3,4,7,3,0.1,0.13,0.23
ITA-Serie A,2526,Juventus,Dušan Vlahović,SRB,FW,25.0,19,11,968,7,1,8,6,0.65,0.09,0.74
ITA-Serie A,2526,Juventus,Francisco Conceição,POR,"MF,FW",22.0,31,27,2078,3,5,8,3,0.13,0.22,0.35
ITA-Serie A,2526,Juventus,Jonathan David,CAN,FW,25.0,35,20,1781,6,4,10,6,0.3,0.2,0.51
ITA-Serie A,2526,Juventus,Kenan Yıldız,TUR,"MF,FW",20.0,36,33,2825,10,6,16,9,0.32,0.19,0.51
ITA-Serie A,2526,Juventus,Khéphren Thuram,FRA,MF,24.0,35,30,2442,3,3,6,3,0.11,0.11,0.22
ITA-Serie A,2526,Juventus,Manuel Locatelli,ITA,MF,27.0,36,36,2994,1,2,3,1,0.03,0.06,0.09
ITA-Serie A,2526,Juventus,Pierre Kalulu,FRA,"DF,MF",25.0,37,37,3281,2,4,6,2,0.05,0.11,0.16
ITA-Serie A,2526,Juventus,Teun Koopmeiners,NED,"MF,DF",27.0,33,18,1827,0,0,0,0,0.0,0.0,0.0
ITA-Serie A,2526,Juventus,Weston McKennie,USA,MF,26.0,36,32,2835,5,5,10,5,0.16,0.16,0.32
ITA-Serie A,2526,Lazio,Boulaye Dia,SEN,"FW,MF",28.0,27,14,1253,1,2,3,1,0.07,0.14,0.22
ITA-Serie A,2526,Lazio,Danilo Cataldi,ITA,MF,30.0,27,24,1985,3,3,6,1,0.14,0.14,0.27
ITA-Serie A,2526,Lazio,Fisayo Dele-Bashiru,NGA,MF,24.0,24,11,1187,1,0,1,1,0.08,0.0,0.08
ITA-Serie A,2526,Lazio,Gustav Isaksen,DEN,FW,24.0,30,18,1593,5,1,6,5,0.28,0.06,0.34
ITA-Serie A,2526,Lazio,Kenneth Taylor,NED,MF,23.0,17,17,1394,3,2,5,3,0.19,0.13,0.32
ITA-Serie A,2526,Lazio,Matteo Cancellieri,ITA,FW,23.0,30,21,1725,4,2,6,4,0.21,0.1,0.31
ITA-Serie A,2526,Lazio,Mattia Zaccagni,ITA,FW,30.0,26,26,2104,3,0,3,3,0.13,0.0,0.13
ITA-Serie A,2526,Lazio,Mattéo Guendouzi,FRA,MF,26.0,16,16,1428,2,1,3,2,0.13,0.06,0.19
ITA-Serie A,2526,Lazio,Pedro,ESP,"FW,MF",38.0,29,9,982,5,2,7,3,0.46,0.18,0.64
ITA-Serie A,2526,Lazio,Tijjani Noslin,NED,FW,26.0,29,9,1148,4,2,6,4,0.31,0.16,0.47
ITA-Serie A,2526,Lazio,Toma Bašić,CRO,MF,28.0,23,23,1735,2,3,5,2,0.1,0.16,0.26
ITA-Serie A,2526,Lecce,Lameck Banda,ZAM,"MF,FW",24.0,32,21,1752,5,4,9,5,0.26,0.21,0.46
ITA-Serie A,2526,Lecce,Lassana Coulibaly,MLI,MF,29.0,33,31,2689,3,1,4,3,0.1,0.03,0.13
ITA-Serie A,2526,Lecce,Nikola Štulić,SRB,FW,23.0,34,20,1709,4,0,4,3,0.21,0.0,0.21
ITA-Serie A,2526,Lecce,Omri Gandelman,ISR,"MF,FW",25.0,19,10,975,2,1,3,2,0.18,0.09,0.28
ITA-Serie A,2526,Lecce,Riccardo Sottil,ITA,"FW,MF",26.0,21,13,1066,1,2,3,1,0.08,0.17,0.25
ITA-Serie A,2526,Lecce,Santiago Pierotti,ARG,"MF,FW",24.0,37,31,2597,1,2,3,1,0.03,0.07,0.1
ITA-Serie A,2526,Lecce,Walid Cheddira,MAR,FW,27.0,17,11,1000,3,1,4,3,0.27,0.09,0.36
ITA-Serie A,2526,Lecce,Ylber Ramadani,ALB,MF,29.0,37,37,3203,1,0,1,1,0.03,0.0,0.03
ITA-Serie A,2526,Milan,Adrien Rabiot,FRA,MF,30.0,29,28,2550,6,4,10,6,0.21,0.14,0.35
ITA-Serie A,2526,Milan,Alexis Saelemaekers,BEL,MF,26.0,35,33,2788,3,3,6,3,0.1,0.1,0.19
ITA-Serie A,2526,Milan,Christian Pulisic,USA,FW,26.0,30,18,1609,8,4,12,8,0.45,0.22,0.67
ITA-Serie A,2526,Milan,Christopher Nkunku,FRA,FW,27.0,32,15,1356,7,3,10,2,0.46,0.2,0.66
ITA-Serie A,2526,Milan,Davide Bartesaghi,ITA,"MF,DF",19.0,31,27,2441,2,0,2,2,0.07,0.0,0.07
ITA-Serie A,2526,Milan,Luka Modrić,CRO,MF,39.0,34,32,2811,2,3,5,2,0.06,0.1,0.16
ITA-Serie A,2526,Milan,Pervis Estupiñán,ECU,MF,27.0,19,13,1034,1,1,2,1,0.09,0.09,0.17
ITA-Serie A,2526,Milan,Rafael Leão,POR,FW,26.0,29,23,1851,9,3,12,7,0.44,0.15,0.58
ITA-Serie A,2526,Milan,Ruben Loftus-Cheek,ENG,"MF,FW",29.0,28,12,1133,3,1,4,3,0.24,0.08,0.32
ITA-Serie A,2526,Milan,Samuele Ricci,ITA,MF,23.0,31,11,1312,1,4,5,1,0.07,0.27,0.34
ITA-Serie A,2526,Milan,Youssouf Fofana,FRA,MF,26.0,33,28,2203,2,3,5,2,0.08,0.12,0.2
ITA-Serie A,2526,Napoli,David Neres,BRA,"FW,MF",28.0,16,10,922,3,3,6,3,0.29,0.29,0.59
ITA-Serie A,2526,Napoli,Elif Elmas,MKD,"MF,FW",25.0,33,20,1783,1,3,4,1,0.05,0.15,0.2
ITA-Serie A,2526,Napoli,Frank Anguissa,CMR,MF,29.0,18,14,1258,4,1,5,4,0.29,0.07,0.36
ITA-Serie A,2526,Napoli,Giovanni Di Lorenzo,ITA,"DF,MF",31.0,26,26,2276,2,1,3,2,0.08,0.04,0.12
ITA-Serie A,2526,Napoli,Kevin De Bruyne,BEL,MF,34.0,18,13,1165,5,2,7,2,0.39,0.15,0.54
ITA-Serie A,2526,Napoli,Leonardo Spinazzola,ITA,"MF,DF",32.0,32,22,1901,3,3,6,3,0.14,0.14,0.28
ITA-Serie A,2526,Napoli,Mathías Olivera,URU,"DF,MF",27.0,25,15,1370,0,0,0,0,0.0,0.0,0.0
ITA-Serie A,2526,Napoli,Matteo Politano,ITA,"MF,FW",31.0,34,26,2200,2,5,7,2,0.08,0.2,0.29
ITA-Serie A,2526,Napoli,Miguel Gutiérrez,ESP,"MF,DF",24.0,28,15,1488,1,1,2,1,0.06,0.06,0.12
ITA-Serie A,2526,Napoli,Rasmus Højlund,DEN,FW,22.0,33,32,2750,12,5,17,11,0.39,0.16,0.56
ITA-Serie A,2526,Napoli,Scott McTominay,SCO,MF,28.0,33,31,2791,10,3,13,10,0.32,0.1,0.42
ITA-Serie A,2526,Napoli,Stanislav Lobotka,SVK,MF,30.0,32,29,2431,1,1,2,1,0.04,0.04,0.07
ITA-Serie A,2526,Parma,Adrian Bernabe,ESP,MF,24.0,32,31,2470,3,1,4,3,0.11,0.04,0.15
ITA-Serie A,2526,Parma,Christian Ordoñez,ARG,MF,21.0,28,12,1091,1,0,1,1,0.08,0.0,0.08
ITA-Serie A,2526,Parma,Emanuele Valeri,ITA,"MF,DF",26.0,34,29,2643,0,2,2,0,0.0,0.07,0.07
ITA-Serie A,2526,Parma,Enrico Delprato,ITA,"DF,MF",25.0,35,34,2951,2,0,2,2,0.06,0.0,0.06
ITA-Serie A,2526,Parma,Gabriel Strefezza,BRA,FW,28.0,14,13,1007,2,2,4,2,0.18,0.18,0.36
ITA-Serie A,2526,Parma,Mandela Keita,BEL,MF,23.0,37,36,2979,1,1,2,1,0.03,0.03,0.06
ITA-Serie A,2526,Parma,Mateo Pellegrino,ARG,FW,24.0,37,34,2984,9,1,10,8,0.27,0.03,0.3
ITA-Serie A,2526,Parma,Nahuel Estévez,ARG,MF,29.0,32,9,1049,0,1,1,0,0.0,0.09,0.09
ITA-Serie A,2526,Parma,Oliver Jensen,DEN,MF,23.0,34,19,1840,1,1,2,1,0.05,0.05,0.1
ITA-Serie A,2526,Parma,Sascha Britschgi,SUI,"MF,DF",18.0,29,22,2095,0,2,2,0,0.0,0.09,0.09
ITA-Serie A,2526,Pisa,Ebenezer Akinsanmiro,NGA,MF,20.0,24,16,1444,0,1,1,0,0.0,0.06,0.06
ITA-Serie A,2526,Pisa,Henrik Meister,DEN,FW,21.0,28,15,1515,2,0,2,2,0.12,0.0,0.12
ITA-Serie A,2526,Pisa,Idrissa Touré,GER,MF,27.0,32,26,2279,1,0,1,1,0.04,0.0,0.04
ITA-Serie A,2526,Pisa,M'Bala Nzola,ANG,FW,28.0,16,11,1052,3,0,3,1,0.26,0.0,0.26
ITA-Serie A,2526,Pisa,Marius Marin,ROU,MF,26.0,23,18,1281,0,0,0,0,0.0,0.0,0.0
ITA-Serie A,2526,Pisa,Mattéo Tramoni,FRA,"MF,FW",25.0,27,21,1600,2,2,4,1,0.11,0.11,0.23
ITA-Serie A,2526,Pisa,Mehdi Léris,ALG,MF,27.0,34,21,1900,2,3,5,2,0.09,0.14,0.24
ITA-Serie A,2526,Pisa,Michel Aebischer,SUI,MF,28.0,35,33,2892,1,2,3,1,0.03,0.06,0.09
ITA-Serie A,2526,Pisa,Samuele Angori,ITA,MF,21.0,35,30,2599,0,2,2,0,0.0,0.07,0.07
ITA-Serie A,2526,Pisa,Stefano Moreo,ITA,"FW,MF",32.0,37,29,2307,7,1,8,5,0.27,0.04,0.31
ITA-Serie A,2526,Roma,Bryan Cristante,ITA,MF,30.0,37,36,3094,2,1,3,2,0.06,0.03,0.09
ITA-Serie A,2526,Roma,Devyne Rensch,NED,MF,22.0,24,12,1184,1,4,5,1,0.08,0.3,0.38
ITA-Serie A,2526,Roma,Donyell Malen,NED,FW,26.0,18,18,1467,14,2,16,11,0.86,0.12,0.98
ITA-Serie A,2526,Roma,Lorenzo Pellegrini,ITA,MF,29.0,24,20,1463,4,2,6,2,0.25,0.12,0.37
ITA-Serie A,2526,Roma,Manu Koné,FRA,MF,24.0,29,28,2456,2,3,5,2,0.07,0.11,0.18
ITA-Serie A,2526,Roma,Matìas Soulé,ARG,"MF,FW",22.0,33,28,2139,6,5,11,6,0.25,0.21,0.46
ITA-Serie A,2526,Roma,Neil El Aynaoui,MAR,MF,24.0,25,8,999,1,2,3,1,0.09,0.18,0.27
ITA-Serie A,2526,Roma,Niccolò Pisilli,ITA,MF,20.0,25,13,1295,2,4,6,2,0.14,0.28,0.42
ITA-Serie A,2526,Roma,Paulo Dybala,ARG,"MF,FW",31.0,22,15,1354,2,6,8,2,0.13,0.4,0.53
ITA-Serie A,2526,Roma,Wesley,BRA,MF,21.0,30,28,2448,5,0,5,5,0.18,0.0,0.18
ITA-Serie A,2526,Roma,Zeki Çelik,TUR,"MF,DF",28.0,34,32,2723,1,2,3,1,0.03,0.07,0.1
ITA-Serie A,2526,Sassuolo,Alieu Fadera,GAM,FW,23.0,28,8,987,2,1,3,2,0.18,0.09,0.27
ITA-Serie A,2526,Sassuolo,Andrea Pinamonti,ITA,FW,26.0,36,32,2552,9,3,12,9,0.32,0.11,0.42
ITA-Serie A,2526,Sassuolo,Armand Lauriente,FRA,FW,26.0,38,33,2592,7,9,16,7,0.24,0.31,0.56
ITA-Serie A,2526,Sassuolo,Cristian Volpato,AUS,FW,21.0,24,11,1064,2,4,6,2,0.17,0.34,0.51
ITA-Serie A,2526,Sassuolo,Domenico Berardi,ITA,FW,30.0,26,24,1958,8,4,12,6,0.37,0.18,0.55
ITA-Serie A,2526,Sassuolo,Ismaël Koné,CAN,MF,23.0,35,33,2737,6,0,6,6,0.2,0.0,0.2
ITA-Serie A,2526,Sassuolo,Kristian Thorstvedt,NOR,MF,26.0,32,27,2460,4,4,8,4,0.15,0.15,0.29
ITA-Serie A,2526,Sassuolo,Luca Lipani,ITA,MF,20.0,24,10,1034,0,1,1,0,0.0,0.09,0.09
ITA-Serie A,2526,Sassuolo,Nemanja Matić,SRB,MF,36.0,34,31,2660,1,1,2,1,0.03,0.03,0.07
ITA-Serie A,2526,Torino,Cesare Casadei,ITA,MF,22.0,33,19,1997,6,0,6,6,0.27,0.0,0.27
ITA-Serie A,2526,Torino,Ché Adams,SCO,FW,29.0,33,19,1893,6,2,8,6,0.29,0.1,0.38
ITA-Serie A,2526,Torino,Cyril Ngonge,BEL,FW,25.0,20,11,994,1,1,2,1,0.09,0.09,0.18
ITA-Serie A,2526,Torino,Duván Zapata,COL,FW,34.0,28,11,1103,3,1,4,3,0.24,0.08,0.33
ITA-Serie A,2526,Torino,Emirhan İlkhan,TUR,MF,21.0,19,13,1001,1,2,3,1,0.09,0.18,0.27
ITA-Serie A,2526,Torino,Giovanni Simeone,ARG,FW,30.0,32,27,2230,11,0,11,11,0.44,0.0,0.44
ITA-Serie A,2526,Torino,Gvidas Gineitis,LTU,MF,21.0,29,23,1756,0,1,1,0,0.0,0.05,0.05
ITA-Serie A,2526,Torino,Kristjan Asllani,ALB,MF,23.0,15,13,1129,0,0,0,0,0.0,0.0,0.0
ITA-Serie A,2526,Torino,Marcus Pedersen,NOR,"MF,DF",25.0,29,23,2134,1,2,3,1,0.04,0.08,0.13
ITA-Serie A,2526,Torino,Nikola Vlašić,CRO,"MF,FW",27.0,37,36,3043,8,3,11,3,0.24,0.09,0.33
ITA-Serie A,2526,Torino,Rafel Obrador,ESP,MF,21.0,16,14,1116,1,3,4,1,0.08,0.24,0.32
ITA-Serie A,2526,Torino,Valentino Lazaro,AUT,MF,29.0,31,26,2252,0,2,2,0,0.0,0.08,0.08
ITA-Serie A,2526,Udinese,Adam Buksa,POL,FW,29.0,25,6,922,3,0,3,3,0.29,0.0,0.29
ITA-Serie A,2526,Udinese,Alessandro Zanoli,ITA,MF,24.0,19,16,1280,1,2,3,1,0.07,0.14,0.21
ITA-Serie A,2526,Udinese,Arthur Atta,FRA,MF,22.0,32,29,2557,5,3,8,5,0.18,0.11,0.28
ITA-Serie A,2526,Udinese,Hassane Kamara,CIV,"MF,DF",31.0,26,22,1861,0,2,2,0,0.0,0.1,0.1
ITA-Serie A,2526,Udinese,Jakub Piotrowski,POL,MF,27.0,33,20,1696,1,1,2,1,0.05,0.05,0.11
ITA-Serie A,2526,Udinese,Jesper Karlström,SWE,MF,30.0,36,36,3146,1,0,1,1,0.03,0.0,0.03
ITA-Serie A,2526,Udinese,Jordan Zemura,ZIM,"MF,DF",25.0,17,13,1127,0,1,1,0,0.0,0.08,0.08
ITA-Serie A,2526,Udinese,Jurgen Ekkelenkamp,NED,MF,25.0,31,27,2186,5,3,8,5,0.21,0.12,0.33
ITA-Serie A,2526,Udinese,Keinan Davis,ENG,FW,27.0,30,27,2065,10,4,14,6,0.44,0.17,0.61
ITA-Serie A,2526,Udinese,Kingsley Ehizibue,NED,"MF,DF",30.0,32,20,1811,2,0,2,2,0.1,0.0,0.1
ITA-Serie A,2526,Udinese,Lennon Miller,SCO,MF,18.0,24,9,996,0,2,2,0,0.0,0.18,0.18
ITA-Serie A,2526,Udinese,Nicolò Bertola,ITA,"DF,MF",22.0,28,18,1763,0,1,1,0,0.0,0.05,0.05
ITA-Serie A,2526,Udinese,Nicolò Zaniolo,ITA,"FW,MF",26.0,32,28,2257,5,6,11,5,0.2,0.24,0.44
ENG-Premier League,2122,Arsenal,Albert Sambi Lokonga,BEL,MF,21.0,19,12,1134,0,0,0,0,0.0,0.0,0.0
ENG-Premier League,2122,Arsenal,Alexandre Lacazette,FRA,"FW,MF",30.0,30,20,1782,4,7,11,2,0.2,0.35,0.56
ENG-Premier League,2122,Arsenal,Bukayo Saka,ENG,"MF,FW",19.0,38,36,2978,11,7,18,9,0.33,0.21,0.54
ENG-Premier League,2122,Arsenal,Emile Smith Rowe,ENG,MF,21.0,33,21,1921,10,2,12,10,0.47,0.09,0.56
ENG-Premier League,2122,Arsenal,Gabriel Martinelli,BRA,"MF,FW",20.0,29,21,1860,6,6,12,5,0.29,0.29,0.58
ENG-Premier League,2122,Arsenal,Granit Xhaka,SUI,MF,28.0,27,27,2327,1,2,3,1,0.04,0.08,0.12
ENG-Premier League,2122,Arsenal,Martin Ødegaard,NOR,MF,22.0,36,32,2785,7,4,11,7,0.23,0.13,0.36
ENG-Premier League,2122,Arsenal,Pierre-Emerick Aubameyang,GAB,FW,32.0,14,12,1037,4,1,5,4,0.35,0.09,0.43
ENG-Premier League,2122,Arsenal,Thomas Partey,GHA,MF,28.0,24,23,2028,2,1,3,2,0.09,0.04,0.13
ENG-Premier League,2122,Aston Villa,Ashley Young,ENG,"DF,FW",36.0,24,10,1250,0,2,2,0,0.0,0.14,0.14
ENG-Premier League,2122,Aston Villa,Danny Ings,ENG,FW,29.0,30,22,1898,7,6,13,6,0.33,0.28,0.62
ENG-Premier League,2122,Aston Villa,Douglas Luiz,BRA,MF,23.0,34,31,2715,2,3,5,2,0.07,0.1,0.17
ENG-Premier League,2122,Aston Villa,Emi Buendía,ARG,"FW,MF",24.0,35,22,1899,4,6,10,4,0.19,0.28,0.47
ENG-Premier League,2122,Aston Villa,Jacob Ramsey,ENG,MF,20.0,34,29,2467,6,1,7,6,0.22,0.04,0.26
ENG-Premier League,2122,Aston Villa,John McGinn,SCO,MF,26.0,35,35,3090,3,4,7,3,0.09,0.12,0.2
ENG-Premier League,2122,Aston Villa,Marvelous Nakamba,ZIM,MF,27.0,16,10,904,0,0,0,0,0.0,0.0,0.0
ENG-Premier League,2122,Aston Villa,Matt Targett,ENG,"DF,MF",25.0,17,17,1431,1,1,2,1,0.06,0.06,0.13
ENG-Premier League,2122,Aston Villa,Matty Cash,POL,"DF,MF",23.0,38,38,3377,4,3,7,4,0.11,0.08,0.19
ENG-Premier League,2122,Aston Villa,Ollie Watkins,ENG,FW,25.0,35,33,2952,11,2,13,10,0.34,0.06,0.4
ENG-Premier League,2122,Aston Villa,Philippe Coutinho,BRA,"MF,FW",29.0,19,16,1329,5,3,8,5,0.34,0.2,0.54
ENG-Premier League,2122,Brentford,Bryan Mbeumo,CMR,FW,21.0,35,34,2905,4,7,11,3,0.12,0.22,0.34
ENG-Premier League,2122,Brentford,Christian Eriksen,DEN,MF,29.0,11,10,939,1,4,5,1,0.1,0.38,0.48
ENG-Premier League,2122,Brentford,Christian Nørgaard,DEN,MF,27.0,35,35,3054,3,4,7,3,0.09,0.12,0.21
ENG-Premier League,2122,Brentford,Frank Onyeka,NGA,MF,23.0,20,12,1045,0,0,0,0,0.0,0.0,0.0
ENG-Premier League,2122,Brentford,Ivan Toney,ENG,FW,25.0,33,32,2909,12,5,17,7,0.37,0.15,0.53
ENG-Premier League,2122,Brentford,Mads Roerslev,DEN,"MF,DF",22.0,21,12,1240,1,1,2,1,0.07,0.07,0.15
ENG-Premier League,2122,Brentford,Mathias Jensen,DEN,MF,25.0,31,19,1601,0,1,1,0,0.0,0.06,0.06
ENG-Premier League,2122,Brentford,Rico Henry,JAM,"MF,DF",24.0,34,33,2776,3,0,3,3,0.1,0.0,0.1
ENG-Premier League,2122,Brentford,Sergi Canós,ESP,MF,24.0,31,25,2083,3,2,5,3,0.13,0.09,0.22
ENG-Premier League,2122,Brentford,Shandon Baptiste,GRN,MF,23.0,22,9,910,1,0,1,1,0.1,0.0,0.1
ENG-Premier League,2122,Brentford,Vitaly Janelt,GER,MF,23.0,31,27,2298,4,0,4,4,0.16,0.0,0.16
ENG-Premier League,2122,Brentford,Yoane Wissa,COD,FW,24.0,30,12,1284,7,1,8,7,0.49,0.07,0.56
ENG-Premier League,2122,Brighton,Adam Lallana,ENG,MF,33.0,24,18,1561,0,1,1,0,0.0,0.06,0.06
ENG-Premier League,2122,Brighton,Alexis Mac Allister,ARG,"MF,FW",22.0,33,22,2123,5,2,7,3,0.21,0.08,0.3
ENG-Premier League,2122,Brighton,Danny Welbeck,ENG,"FW,MF",30.0,25,15,1478,6,2,8,6,0.37,0.12,0.49
ENG-Premier League,2122,Brighton,Enock Mwepu,ZAM,MF,23.0,18,12,996,2,4,6,2,0.18,0.36,0.54
ENG-Premier League,2122,Brighton,Jakub Moder,POL,"MF,FW",22.0,28,19,1701,0,3,3,0,0.0,0.16,0.16
ENG-Premier League,2122,Brighton,Joël Veltman,NED,"DF,MF",29.0,34,33,2874,1,1,2,1,0.03,0.03,0.06
ENG-Premier League,2122,Brighton,Leandro Trossard,BEL,"FW,MF",26.0,34,32,2805,8,3,11,7,0.26,0.1,0.35
ENG-Premier League,2122,Brighton,Marc Cucurella,ESP,"DF,MF",23.0,35,35,3089,1,1,2,1,0.03,0.03,0.06
ENG-Premier League,2122,Brighton,Neal Maupay,FRA,FW,24.0,32,25,2276,8,2,10,7,0.32,0.08,0.4
ENG-Premier League,2122,Brighton,Pascal Groß,GER,MF,30.0,29,24,2038,2,4,6,2,0.09,0.18,0.26
ENG-Premier League,2122,Brighton,Solly March,ENG,MF,27.0,31,17,1746,0,2,2,0,0.0,0.1,0.1
ENG-Premier League,2122,Brighton,Tariq Lamptey,GHA,"MF,DF",20.0,30,16,1561,0,2,2,0,0.0,0.12,0.12
ENG-Premier League,2122,Brighton,Yves Bissouma,MLI,MF,24.0,26,25,2111,1,2,3,1,0.04,0.09,0.13
ENG-Premier League,2122,Burnley,Aaron Lennon,ENG,"MF,FW",34.0,28,17,1551,2,0,2,2,0.12,0.0,0.12
ENG-Premier League,2122,Burnley,Ashley Westwood,ENG,MF,31.0,27,26,2287,0,3,3,0,0.0,0.12,0.12
ENG-Premier League,2122,Burnley,Chris Wood,NZL,FW,29.0,17,17,1367,3,0,3,3,0.2,0.0,0.2
ENG-Premier League,2122,Burnley,Dwight McNeil,ENG,MF,21.0,38,35,3107,0,1,1,0,0.0,0.03,0.03
ENG-Premier League,2122,Burnley,Jack Cork,ENG,MF,32.0,20,20,1670,1,0,1,1,0.05,0.0,0.05
ENG-Premier League,2122,Burnley,Jay Rodriguez,ENG,FW,32.0,29,13,1382,2,2,4,2,0.13,0.13,0.26
ENG-Premier League,2122,Burnley,Josh Brownhill,ENG,MF,25.0,35,32,2955,2,3,5,2,0.06,0.09,0.15
ENG-Premier League,2122,Burnley,Jóhann Berg Guðmundsson,ISL,MF,30.0,18,13,1102,0,1,1,0,0.0,0.08,0.08
ENG-Premier League,2122,Burnley,Maxwel Cornet,CIV,"FW,MF",24.0,26,21,1766,9,1,10,9,0.46,0.05,0.51
ENG-Premier League,2122,Burnley,Wout Weghorst,NED,FW,28.0,20,17,1450,2,3,5,2,0.12,0.19,0.31
ENG-Premier League,2122,Chelsea,Callum Hudson-Odoi,ENG,MF,20.0,15,11,962,1,2,3,1,0.09,0.19,0.28
ENG-Premier League,2122,Chelsea,Christian Pulisic,USA,"MF,FW",22.0,22,13,1290,6,2,8,6,0.42,0.14,0.56
ENG-Premier League,2122,Chelsea,César Azpilicueta,ESP,"DF,MF",31.0,27,24,2070,1,2,3,1,0.04,0.09,0.13
ENG-Premier League,2122,Chelsea,Hakim Ziyech,MAR,"MF,FW",28.0,23,14,1319,4,3,7,4,0.27,0.2,0.48
ENG-Premier League,2122,Chelsea,Jorginho,ITA,MF,29.0,29,26,2273,6,2,8,0,0.24,0.08,0.32
ENG-Premier League,2122,Chelsea,Kai Havertz,GER,"FW,MF",22.0,29,22,1809,8,3,11,8,0.4,0.15,0.55
ENG-Premier League,2122,Chelsea,Marcos Alonso,ESP,MF,30.0,28,25,2167,4,4,8,4,0.17,0.17,0.33
ENG-Premier League,2122,Chelsea,Mason Mount,ENG,MF,22.0,32,27,2363,11,10,21,10,0.42,0.38,0.8
ENG-Premier League,2122,Chelsea,Mateo Kovačić,CRO,MF,27.0,25,16,1558,2,5,7,2,0.12,0.29,0.4
ENG-Premier League,2122,Chelsea,N'Golo Kanté,FRA,MF,30.0,26,21,1773,2,4,6,2,0.1,0.2,0.3
ENG-Premier League,2122,Chelsea,Reece James,ENG,MF,21.0,26,22,1864,5,9,14,5,0.24,0.43,0.68
ENG-Premier League,2122,Chelsea,Romelu Lukaku,BEL,FW,28.0,26,16,1589,8,0,8,7,0.45,0.0,0.45
ENG-Premier League,2122,Chelsea,Ruben Loftus-Cheek,ENG,MF,25.0,24,13,1394,0,2,2,0,0.0,0.13,0.13
ENG-Premier League,2122,Chelsea,Timo Werner,GER,"FW,MF",25.0,21,15,1283,4,1,5,4,0.28,0.07,0.35
ENG-Premier League,2122,Crystal Palace,Cheikhou Kouyaté,SEN,MF,31.0,27,23,1974,0,1,1,0,0.0,0.05,0.05
ENG-Premier League,2122,Crystal Palace,Christian Benteke,BEL,FW,30.0,25,11,1145,4,1,5,4,0.31,0.08,0.39
ENG-Premier League,2122,Crystal Palace,Conor Gallagher,ENG,MF,21.0,34,33,2845,8,3,11,8,0.25,0.09,0.35
ENG-Premier League,2122,Crystal Palace,James McArthur,SCO,MF,33.0,21,15,1439,0,3,3,0,0.0,0.19,0.19
ENG-Premier League,2122,Crystal Palace,Jean-Philippe Mateta,FRA,FW,24.0,22,13,1145,5,1,6,5,0.39,0.08,0.47
ENG-Premier League,2122,Crystal Palace,Jeffrey Schlupp,GHA,"MF,FW",28.0,32,20,1851,4,1,5,4,0.19,0.05,0.24
ENG-Premier League,2122,Crystal Palace,Jordan Ayew,GHA,"FW,MF",29.0,31,23,2019,3,3,6,3,0.13,0.13,0.27
ENG-Premier League,2122,Crystal Palace,Michael Olise,FRA,"FW,MF",19.0,26,12,1141,2,5,7,2,0.16,0.39,0.55
ENG-Premier League,2122,Crystal Palace,Odsonne Édouard,FRA,"FW,MF",23.0,28,18,1564,6,3,9,5,0.35,0.17,0.52
ENG-Premier League,2122,Crystal Palace,Wilfried Zaha,CIV,"FW,MF",28.0,33,31,2760,14,1,15,9,0.46,0.03,0.49
ENG-Premier League,2122,Crystal Palace,Will Hughes,ENG,MF,26.0,16,13,1053,0,1,1,0,0.0,0.09,0.09
ENG-Premier League,2122,Everton,Abdoulaye Doucouré,MLI,MF,28.0,30,29,2537,2,4,6,2,0.07,0.14,0.21
ENG-Premier League,2122,Everton,Alex Iwobi,NGA,"MF,DF",25.0,28,22,2035,2,2,4,2,0.09,0.09,0.18
ENG-Premier League,2122,Everton,Allan,BRA,MF,30.0,28,25,2183,0,2,2,0,0.0,0.08,0.08
ENG-Premier League,2122,Everton,Andros Townsend,ENG,MF,30.0,21,17,1455,3,2,5,2,0.19,0.12,0.31
ENG-Premier League,2122,Everton,Anthony Gordon,ENG,"MF,FW",20.0,35,25,2285,4,2,6,4,0.16,0.08,0.24
ENG-Premier League,2122,Everton,Demarai Gray,JAM,"MF,FW",25.0,34,28,2338,5,4,9,5,0.19,0.15,0.35
ENG-Premier League,2122,Everton,Dominic Calvert-Lewin,ENG,FW,24.0,17,15,1283,5,2,7,3,0.35,0.14,0.49
ENG-Premier League,2122,Everton,Richarlison,BRA,"FW,MF",24.0,30,28,2523,10,5,15,7,0.36,0.18,0.54
ENG-Premier League,2122,Everton,Séamus Coleman,IRL,"DF,MF",32.0,30,30,2656,1,0,1,1,0.03,0.0,0.03
ENG-Premier League,2122,Everton,Vitaliy Mykolenko,UKR,"DF,MF",22.0,13,12,1055,1,0,1,1,0.09,0.0,0.09
ENG-Premier League,2122,Leeds United,Adam Forshaw,ENG,MF,29.0,22,17,1530,0,1,1,0,0.0,0.06,0.06
ENG-Premier League,2122,Leeds United,Daniel James,WAL,"FW,MF",23.0,32,29,2366,4,4,8,4,0.15,0.15,0.3
ENG-Premier League,2122,Leeds United,Jack Harrison,ENG,MF,24.0,35,32,2639,8,1,9,8,0.27,0.03,0.31
ENG-Premier League,2122,Leeds United,Junior Firpo,DOM,"DF,MF",24.0,24,19,1711,0,2,2,0,0.0,0.11,0.11
ENG-Premier League,2122,Leeds United,Kalvin Phillips,ENG,MF,25.0,20,18,1596,0,1,1,0,0.0,0.06,0.06
ENG-Premier League,2122,Leeds United,Mateusz Klich,POL,MF,31.0,33,26,2073,1,2,3,1,0.04,0.09,0.13
ENG-Premier League,2122,Leeds United,Raphinha,BRA,"MF,FW",24.0,35,34,2915,11,3,14,7,0.34,0.09,0.43
ENG-Premier League,2122,Leeds United,Robin Koch,GER,"MF,DF",25.0,20,17,1574,0,0,0,0,0.0,0.0,0.0
ENG-Premier League,2122,Leeds United,Rodrigo,ESP,"MF,FW",30.0,31,27,2265,6,1,7,5,0.24,0.04,0.28
ENG-Premier League,2122,Leeds United,Stuart Dallas,NIR,"DF,MF",30.0,34,34,2919,1,1,2,1,0.03,0.03,0.06
ENG-Premier League,2122,Leeds United,Tyler Roberts,WAL,"MF,FW",22.0,23,7,987,1,1,2,1,0.09,0.09,0.18
ENG-Premier League,2122,Leicester City,Ademola Lookman,NGA,"MF,FW",23.0,26,16,1453,6,0,6,6,0.37,0.0,0.37
ENG-Premier League,2122,Leicester City,Boubakary Soumaré,FRA,MF,22.0,19,12,1102,0,1,1,0,0.0,0.08,0.08
ENG-Premier League,2122,Leicester City,Harvey Barnes,ENG,"MF,FW",23.0,32,24,2101,6,10,16,6,0.26,0.43,0.69
ENG-Premier League,2122,Leicester City,James Maddison,ENG,"MF,FW",24.0,35,28,2459,12,8,20,12,0.44,0.29,0.73
ENG-Premier League,2122,Leicester City,Jamie Vardy,ENG,FW,34.0,25,20,1806,15,2,17,15,0.75,0.1,0.85
ENG-Premier League,2122,Leicester City,Kelechi Iheanacho,NGA,FW,24.0,26,13,1264,4,5,9,4,0.28,0.36,0.64
ENG-Premier League,2122,Leicester City,Kiernan Dewsbury-Hall,ENG,MF,22.0,28,23,2105,1,2,3,1,0.04,0.09,0.13
ENG-Premier League,2122,Leicester City,Luke Thomas,ENG,"DF,MF",20.0,22,21,1912,0,1,1,0,0.0,0.05,0.05
ENG-Premier League,2122,Leicester City,Marc Albrighton,ENG,"MF,FW",31.0,17,11,1132,1,2,3,1,0.08,0.16,0.24
ENG-Premier League,2122,Leicester City,Nampalys Mendy,SEN,MF,29.0,14,12,1032,0,0,0,0,0.0,0.0,0.0
ENG-Premier League,2122,Leicester City,Patson Daka,ZAM,FW,22.0,23,13,1159,5,3,8,5,0.39,0.23,0.62
ENG-Premier League,2122,Leicester City,Ricardo Pereira,POR,"DF,MF",27.0,14,13,991,1,3,4,1,0.09,0.27,0.36
ENG-Premier League,2122,Leicester City,Timothy Castagne,BEL,"DF,MF",25.0,27,22,2127,1,0,1,1,0.04,0.0,0.04
ENG-Premier League,2122,Leicester City,Wilfred Ndidi,NGA,"MF,DF",24.0,19,18,1618,0,0,0,0,0.0,0.0,0.0
ENG-Premier League,2122,Leicester City,Youri Tielemans,BEL,MF,24.0,32,29,2631,6,4,10,4,0.21,0.14,0.34
ENG-Premier League,2122,Liverpool,Diogo Jota,POR,FW,24.0,35,27,2364,15,4,19,15,0.57,0.15,0.72
ENG-Premier League,2122,Liverpool,Fabinho,BRA,MF,27.0,29,26,2314,5,1,6,3,0.19,0.04,0.23
ENG-Premier League,2122,Liverpool,Jordan Henderson,ENG,MF,31.0,35,29,2597,2,5,7,2,0.07,0.17,0.24
ENG-Premier League,2122,Liverpool,Luis Díaz,COL,FW,24.0,13,11,958,4,3,7,4,0.38,0.28,0.66
ENG-Premier League,2122,Liverpool,Mohamed Salah,EGY,FW,29.0,35,30,2762,23,13,36,18,0.75,0.42,1.17
ENG-Premier League,2122,Liverpool,Naby Keïta,GUI,MF,26.0,23,14,1173,3,1,4,3,0.23,0.08,0.31
ENG-Premier League,2122,Liverpool,Roberto Firmino,BRA,FW,29.0,20,10,990,5,4,9,5,0.45,0.36,0.82
ENG-Premier League,2122,Liverpool,Sadio Mané,SEN,FW,29.0,34,32,2819,16,2,18,16,0.51,0.06,0.57
ENG-Premier League,2122,Liverpool,Thiago Alcántara,ESP,MF,30.0,25,17,1534,1,4,5,1,0.06,0.23,0.29
ENG-Premier League,2122,Manchester City,Bernardo Silva,POR,"MF,FW",26.0,35,33,2857,8,4,12,8,0.25,0.13,0.38
ENG-Premier League,2122,Manchester City,Fernandinho,BRA,"MF,DF",36.0,19,10,964,2,1,3,2,0.19,0.09,0.28
ENG-Premier League,2122,Manchester City,Gabriel Jesus,BRA,FW,24.0,28,21,1877,8,8,16,7,0.38,0.38,0.77
ENG-Premier League,2122,Manchester City,Jack Grealish,ENG,"FW,MF",25.0,26,22,1914,3,3,6,3,0.14,0.14,0.28
ENG-Premier League,2122,Manchester City,Kevin De Bruyne,BEL,MF,30.0,30,25,2201,15,8,23,15,0.61,0.33,0.94
ENG-Premier League,2122,Manchester City,Phil Foden,ENG,FW,21.0,28,24,2128,9,5,14,9,0.38,0.21,0.59
ENG-Premier League,2122,Manchester City,Raheem Sterling,ENG,"FW,MF",26.0,30,23,2128,13,5,18,11,0.55,0.21,0.76
ENG-Premier League,2122,Manchester City,Riyad Mahrez,ALG,FW,30.0,28,15,1498,11,5,16,7,0.66,0.3,0.96
ENG-Premier League,2122,Manchester City,Rodri,ESP,MF,25.0,33,33,2884,7,2,9,7,0.22,0.06,0.28
ENG-Premier League,2122,Manchester City,İlkay Gündoğan,GER,MF,30.0,27,20,1857,8,4,12,8,0.39,0.19,0.58
ENG-Premier League,2122,Manchester Utd,Aaron Wan-Bissaka,COD,"DF,MF",23.0,20,20,1793,0,0,0,0,0.0,0.0,0.0
ENG-Premier League,2122,Manchester Utd,Anthony Elanga,SWE,MF,19.0,21,14,1214,2,2,4,2,0.15,0.15,0.3
ENG-Premier League,2122,Manchester Utd,Bruno Fernandes,POR,MF,26.0,36,35,3111,10,6,16,10,0.29,0.17,0.46
ENG-Premier League,2122,Manchester Utd,Cristiano Ronaldo,POR,FW,36.0,30,27,2456,18,3,21,15,0.66,0.11,0.77
ENG-Premier League,2122,Manchester Utd,Fred,BRA,MF,28.0,28,24,2028,4,4,8,4,0.18,0.18,0.36
ENG-Premier League,2122,Manchester Utd,Jadon Sancho,ENG,"MF,FW",21.0,29,20,1900,3,3,6,3,0.14,0.14,0.28
ENG-Premier League,2122,Manchester Utd,Luke Shaw,ENG,"DF,MF",26.0,20,19,1601,0,3,3,0,0.0,0.17,0.17
ENG-Premier League,2122,Manchester Utd,Marcus Rashford,ENG,"MF,FW",23.0,25,13,1235,4,2,6,4,0.29,0.15,0.44
ENG-Premier League,2122,Manchester Utd,Mason Greenwood,ENG,"MF,FW",19.0,18,16,1271,5,1,6,5,0.35,0.07,0.42
ENG-Premier League,2122,Manchester Utd,Nemanja Matić,SRB,MF,32.0,23,16,1382,0,4,4,0,0.0,0.26,0.26
ENG-Premier League,2122,Manchester Utd,Paul Pogba,FRA,MF,28.0,20,16,1349,1,9,10,1,0.07,0.6,0.67
ENG-Premier League,2122,Manchester Utd,Scott McTominay,SCO,MF,24.0,30,28,2387,1,1,2,1,0.04,0.04,0.08
ENG-Premier League,2122,Newcastle,Allan Saint-Maximin,FRA,"FW,MF",24.0,35,31,2804,5,5,10,5,0.16,0.16,0.32
ENG-Premier League,2122,Newcastle,Bruno Guimarães,BRA,MF,23.0,17,11,1034,5,1,6,5,0.44,0.09,0.52
ENG-Premier League,2122,Newcastle,Callum Wilson,ENG,FW,29.0,18,16,1386,8,0,8,6,0.52,0.0,0.52
ENG-Premier League,2122,Newcastle,Chris Wood,NZL,FW,29.0,17,15,1327,2,0,2,1,0.14,0.0,0.14
ENG-Premier League,2122,Newcastle,Isaac Hayden,JAM,"MF,DF",26.0,14,12,1002,1,0,1,1,0.09,0.0,0.09
ENG-Premier League,2122,Newcastle,Jacob Murphy,ENG,"FW,MF",26.0,33,13,1473,1,2,3,1,0.06,0.12,0.18
ENG-Premier League,2122,Newcastle,Joe Willock,ENG,MF,21.0,29,24,2038,2,0,2,2,0.09,0.0,0.09
ENG-Premier League,2122,Newcastle,Joelinton,BRA,"MF,FW",24.0,35,30,2558,4,1,5,4,0.14,0.04,0.18
ENG-Premier League,2122,Newcastle,Jonjo Shelvey,ENG,MF,29.0,24,22,1983,2,1,3,2,0.09,0.05,0.14
ENG-Premier League,2122,Newcastle,Matt Ritchie,SCO,"DF,MF",31.0,18,14,1337,0,2,2,0,0.0,0.13,0.13
ENG-Premier League,2122,Newcastle,Miguel Almirón,PAR,"MF,FW",27.0,30,19,1716,1,0,1,1,0.05,0.0,0.05
ENG-Premier League,2122,Newcastle,Ryan Fraser,SCO,"FW,MF",27.0,27,18,1465,2,3,5,2,0.12,0.18,0.31
ENG-Premier League,2122,Newcastle,Sean Longstaff,ENG,MF,23.0,24,15,1464,1,1,2,1,0.06,0.06,0.12
ENG-Premier League,2122,Norwich City,Billy Gilmour,SCO,MF,20.0,24,21,1855,0,1,1,0,0.0,0.05,0.05
ENG-Premier League,2122,Norwich City,Dimitris Giannoulis,GRE,"DF,MF",25.0,18,14,1169,0,1,1,0,0.0,0.08,0.08
ENG-Premier League,2122,Norwich City,Josh Sargent,USA,"FW,MF",21.0,26,18,1572,2,1,3,2,0.11,0.06,0.17
ENG-Premier League,2122,Norwich City,Kenny McLean,SCO,MF,29.0,31,29,2706,1,0,1,1,0.03,0.0,0.03
ENG-Premier League,2122,Norwich City,Kieran Dowell,ENG,MF,23.0,19,11,912,1,1,2,1,0.1,0.1,0.2
ENG-Premier League,2122,Norwich City,Mathias Normann,NOR,MF,25.0,23,20,1645,1,2,3,1,0.05,0.11,0.16
ENG-Premier League,2122,Norwich City,Milot Rashica,KVX,"MF,FW",25.0,31,25,2229,1,2,3,1,0.04,0.08,0.12
ENG-Premier League,2122,Norwich City,Pierre Lees-Melou,FRA,MF,28.0,33,27,2265,1,0,1,1,0.04,0.0,0.04
ENG-Premier League,2122,Norwich City,Teemu Pukki,FIN,FW,31.0,37,37,3253,11,3,14,8,0.3,0.08,0.39
ENG-Premier League,2122,Southampton,Adam Armstrong,ENG,FW,24.0,23,17,1413,2,2,4,2,0.13,0.13,0.25
ENG-Premier League,2122,Southampton,Armando Broja,ALB,FW,19.0,32,21,1975,6,0,6,6,0.27,0.0,0.27
ENG-Premier League,2122,Southampton,Ché Adams,SCO,FW,25.0,30,23,2039,7,3,10,7,0.31,0.13,0.44
ENG-Premier League,2122,Southampton,Ibrahima Diallo,FRA,MF,22.0,23,10,1023,0,2,2,0,0.0,0.18,0.18
ENG-Premier League,2122,Southampton,James Ward-Prowse,ENG,MF,26.0,36,36,3215,10,5,15,6,0.28,0.14,0.42
ENG-Premier League,2122,Southampton,Mohamed Elyounoussi,NOR,MF,26.0,30,23,2042,4,2,6,4,0.18,0.09,0.26
ENG-Premier League,2122,Southampton,Nathan Redmond,ENG,"MF,FW",27.0,27,20,1833,1,5,6,1,0.05,0.25,0.29
ENG-Premier League,2122,Southampton,Oriol Romeu,ESP,MF,29.0,36,34,2889,2,2,4,2,0.06,0.06,0.12
ENG-Premier League,2122,Southampton,Romain Perraud,FRA,"DF,MF",23.0,20,18,1623,0,1,1,0,0.0,0.06,0.06
ENG-Premier League,2122,Southampton,Stuart Armstrong,SCO,"MF,FW",29.0,25,15,1473,2,0,2,2,0.12,0.0,0.12
ENG-Premier League,2122,Tottenham,Dejan Kulusevski,SWE,"MF,FW",21.0,18,14,1261,5,8,13,5,0.36,0.57,0.93
ENG-Premier League,2122,Tottenham,Emerson,BRA,"MF,DF",22.0,31,26,2286,1,1,2,1,0.04,0.04,0.08
ENG-Premier League,2122,Tottenham,Harry Kane,ENG,FW,28.0,37,36,3232,17,9,26,13,0.47,0.25,0.72
ENG-Premier League,2122,Tottenham,Harry Winks,ENG,MF,25.0,19,9,912,0,1,1,0,0.0,0.1,0.1
ENG-Premier League,2122,Tottenham,Lucas Moura,BRA,"MF,FW",28.0,34,19,1775,2,6,8,2,0.1,0.3,0.41
ENG-Premier League,2122,Tottenham,Oliver Skipp,ENG,MF,20.0,18,14,1350,0,0,0,0,0.0,0.0,0.0
ENG-Premier League,2122,Tottenham,Pierre Højbjerg,DEN,MF,25.0,36,36,3196,2,2,4,2,0.06,0.06,0.11
ENG-Premier League,2122,Tottenham,Rodrigo Bentancur,URU,MF,24.0,17,16,1361,0,4,4,0,0.0,0.26,0.26
ENG-Premier League,2122,Tottenham,Ryan Sessegnon,ENG,MF,21.0,15,13,1047,0,2,2,0,0.0,0.17,0.17
ENG-Premier League,2122,Tottenham,Sergio Reguilón,ESP,"MF,DF",24.0,25,22,1916,2,3,5,2,0.09,0.14,0.23
ENG-Premier League,2122,Tottenham,Son Heung-min,KOR,"MF,FW",29.0,35,35,3006,23,7,30,23,0.69,0.21,0.9
ENG-Premier League,2122,Watford,Cucho,COL,"MF,FW",22.0,25,11,1147,5,2,7,5,0.39,0.16,0.55
ENG-Premier League,2122,Watford,Emmanuel Dennis,NGA,"FW,MF",23.0,33,30,2581,10,6,16,10,0.35,0.21,0.56
ENG-Premier League,2122,Watford,Imran Louza,MAR,MF,22.0,20,17,1416,0,0,0,0,0.0,0.0,0.0
ENG-Premier League,2122,Watford,Ismaila Sarr,SEN,"MF,FW",23.0,22,21,1861,5,2,7,5,0.24,0.1,0.34
ENG-Premier League,2122,Watford,Joshua King,NOR,"FW,MF",29.0,32,27,2248,5,3,8,4,0.2,0.12,0.32
ENG-Premier League,2122,Watford,João Pedro,BRA,"FW,MF",19.0,28,15,1644,3,1,4,3,0.16,0.05,0.22
ENG-Premier League,2122,Watford,Juraj Kucka,SVK,MF,34.0,26,22,1920,1,1,2,1,0.05,0.05,0.09
ENG-Premier League,2122,Watford,Moussa Sissoko,FRA,MF,31.0,36,36,3220,2,1,3,2,0.06,0.03,0.08
ENG-Premier League,2122,Watford,Tom Cleverley,ENG,MF,31.0,28,20,1616,0,2,2,0,0.0,0.11,0.11
ENG-Premier League,2122,West Ham,Ben Johnson,ENG,"DF,MF",21.0,20,16,1397,1,0,1,1,0.06,0.0,0.06
ENG-Premier League,2122,West Ham,Declan Rice,ENG,MF,22.0,36,35,3179,1,4,5,1,0.03,0.11,0.14
ENG-Premier League,2122,West Ham,Jarrod Bowen,ENG,MF,24.0,36,34,2983,12,10,22,12,0.36,0.3,0.66
ENG-Premier League,2122,West Ham,Manuel Lanzini,ARG,MF,28.0,30,19,1786,5,3,8,2,0.25,0.15,0.4
ENG-Premier League,2122,West Ham,Michail Antonio,JAM,FW,31.0,36,34,2971,10,8,18,10,0.3,0.24,0.55
ENG-Premier League,2122,West Ham,Pablo Fornals,ESP,MF,25.0,36,32,2795,6,3,9,6,0.19,0.1,0.29
ENG-Premier League,2122,West Ham,Saïd Benrahma,ALG,MF,25.0,32,26,2168,8,6,14,8,0.33,0.25,0.58
ENG-Premier League,2122,West Ham,Tomáš Souček,CZE,MF,26.0,35,34,3062,5,1,6,5,0.15,0.03,0.18
ENG-Premier League,2122,Wolves,Adama Traoré,ESP,"FW,MF",25.0,20,10,1067,1,0,1,1,0.08,0.0,0.08
ENG-Premier League,2122,Wolves,Daniel Podence,POR,"FW,MF",25.0,26,15,1484,2,3,5,2,0.12,0.18,0.3
ENG-Premier League,2122,Wolves,Fernando Marçal,BRA,MF,32.0,18,17,1449,0,0,0,0,0.0,0.0,0.0
ENG-Premier League,2122,Wolves,Francisco Trincão,POR,"FW,MF",21.0,28,16,1336,2,1,3,2,0.13,0.07,0.2
ENG-Premier League,2122,Wolves,Hwang Hee-chan,KOR,"FW,MF",25.0,30,20,1816,5,1,6,5,0.25,0.05,0.3
ENG-Premier League,2122,Wolves,Jonny Castro,ESP,"MF,DF",27.0,13,10,1024,2,0,2,2,0.18,0.0,0.18
ENG-Premier League,2122,Wolves,João Moutinho,POR,MF,34.0,35,34,2970,2,1,3,2,0.06,0.03,0.09
ENG-Premier League,2122,Wolves,Leander Dendoncker,BEL,MF,26.0,30,21,1950,2,2,4,2,0.09,0.09,0.18
ENG-Premier League,2122,Wolves,Nélson Semedo,POR,MF,27.0,25,25,2131,0,1,1,0,0.0,0.04,0.04
ENG-Premier League,2122,Wolves,Rayan Aït-Nouri,ALG,MF,20.0,23,20,1828,1,2,3,1,0.05,0.1,0.15
ENG-Premier League,2122,Wolves,Raúl Jiménez,MEX,FW,30.0,34,30,2631,6,4,10,5,0.21,0.14,0.34
ENG-Premier League,2122,Wolves,Rúben Neves,POR,MF,24.0,33,31,2661,4,2,6,4,0.14,0.07,0.2
ENG-Premier League,2223,Arsenal,Bukayo Saka,ENG,"FW,MF",20.0,38,37,3181,14,11,25,12,0.4,0.31,0.71
ENG-Premier League,2223,Arsenal,Eddie Nketiah,ENG,FW,23.0,30,9,1089,4,1,5,4,0.33,0.08,0.41
ENG-Premier League,2223,Arsenal,Gabriel Jesus,BRA,FW,25.0,26,24,2064,11,6,17,10,0.48,0.26,0.74
ENG-Premier League,2223,Arsenal,Gabriel Martinelli,BRA,"FW,MF",21.0,36,34,2789,15,5,20,15,0.48,0.16,0.65
ENG-Premier League,2223,Arsenal,Granit Xhaka,SUI,MF,29.0,37,36,2993,7,7,14,7,0.21,0.21,0.42
ENG-Premier League,2223,Arsenal,Leandro Trossard,BEL,FW,27.0,20,10,931,1,10,11,1,0.1,0.97,1.06
ENG-Premier League,2223,Arsenal,Martin Ødegaard,NOR,MF,23.0,37,37,3127,15,7,22,15,0.43,0.2,0.63
ENG-Premier League,2223,Arsenal,Thomas Partey,GHA,MF,29.0,33,28,2483,3,0,3,3,0.11,0.0,0.11
ENG-Premier League,2223,Aston Villa,Boubacar Kamara,FRA,MF,22.0,24,21,1777,0,1,1,0,0.0,0.05,0.05
ENG-Premier League,2223,Aston Villa,Douglas Luiz,BRA,MF,24.0,37,33,2927,6,6,12,6,0.18,0.18,0.37
ENG-Premier League,2223,Aston Villa,Emi Buendía,ARG,"MF,FW",25.0,38,27,2412,5,2,7,5,0.19,0.07,0.26
ENG-Premier League,2223,Aston Villa,Jacob Ramsey,ENG,MF,21.0,35,31,2636,6,7,13,6,0.2,0.24,0.44
ENG-Premier League,2223,Aston Villa,John McGinn,SCO,MF,27.0,34,30,2693,1,3,4,1,0.03,0.1,0.13
ENG-Premier League,2223,Aston Villa,Leon Bailey,JAM,"FW,MF",24.0,33,26,1967,4,4,8,4,0.18,0.18,0.37
ENG-Premier League,2223,Aston Villa,Ollie Watkins,ENG,FW,26.0,37,36,3127,15,6,21,14,0.43,0.17,0.6
ENG-Premier League,2223,Bournemouth,Dango Ouattara,BFA,MF,20.0,19,15,1241,1,3,4,1,0.07,0.22,0.29
ENG-Premier League,2223,Bournemouth,Dominic Solanke,ENG,FW,24.0,33,32,2860,6,7,13,6,0.19,0.22,0.41
ENG-Premier League,2223,Bournemouth,Jaidon Anthony,ENG,MF,22.0,30,11,1257,3,1,4,3,0.21,0.07,0.29
ENG-Premier League,2223,Bournemouth,Jefferson Lerma,COL,MF,27.0,37,37,3252,5,0,5,5,0.14,0.0,0.14
ENG-Premier League,2223,Bournemouth,Joe Rothwell,ENG,MF,27.0,20,12,1016,0,1,1,0,0.0,0.09,0.09
ENG-Premier League,2223,Bournemouth,Jordan Zemura,ZIM,"DF,MF",22.0,19,17,1454,0,1,1,0,0.0,0.06,0.06
ENG-Premier League,2223,Bournemouth,Kieffer Moore,WAL,FW,29.0,27,12,1279,4,0,4,4,0.28,0.0,0.28
ENG-Premier League,2223,Bournemouth,Lewis Cook,ENG,MF,25.0,28,18,1720,0,2,2,0,0.0,0.1,0.1
ENG-Premier League,2223,Bournemouth,Marcus Tavernier,ENG,MF,23.0,23,19,1743,5,4,9,5,0.26,0.21,0.46
ENG-Premier League,2223,Bournemouth,Philip Billing,DEN,"MF,FW",26.0,36,34,2764,7,1,8,7,0.23,0.03,0.26
ENG-Premier League,2223,Bournemouth,Ryan Christie,SCO,MF,27.0,32,22,1834,1,1,2,1,0.05,0.05,0.1
ENG-Premier League,2223,Brentford,Bryan Mbeumo,CMR,FW,22.0,38,36,2906,9,8,17,8,0.28,0.25,0.53
ENG-Premier League,2223,Brentford,Christian Nørgaard,DEN,MF,28.0,22,21,1763,1,3,4,1,0.05,0.15,0.2
ENG-Premier League,2223,Brentford,Ivan Toney,ENG,FW,26.0,33,33,2951,20,4,24,14,0.61,0.12,0.73
ENG-Premier League,2223,Brentford,Josh Dasilva,ENG,MF,23.0,36,14,1389,4,2,6,4,0.26,0.13,0.39
ENG-Premier League,2223,Brentford,Mads Roerslev,DEN,"MF,DF",23.0,20,12,1108,0,0,0,0,0.0,0.0,0.0
ENG-Premier League,2223,Brentford,Mathias Jensen,DEN,MF,26.0,37,37,2803,5,6,11,5,0.16,0.19,0.35
ENG-Premier League,2223,Brentford,Mikkel Damsgaard,DEN,"MF,FW",22.0,26,9,988,0,0,0,0,0.0,0.0,0.0
ENG-Premier League,2223,Brentford,Rico Henry,JAM,"DF,MF",25.0,37,37,3238,0,2,2,0,0.0,0.06,0.06
ENG-Premier League,2223,Brentford,Vitaly Janelt,GER,MF,24.0,35,24,2208,3,1,4,3,0.12,0.04,0.16
ENG-Premier League,2223,Brentford,Yoane Wissa,COD,FW,25.0,38,16,1606,7,3,10,7,0.39,0.17,0.56
ENG-Premier League,2223,Brighton,Alexis Mac Allister,ARG,MF,23.0,35,31,2886,10,2,12,4,0.31,0.06,0.37
ENG-Premier League,2223,Brighton,Danny Welbeck,ENG,FW,31.0,31,21,1854,6,3,9,6,0.29,0.15,0.44
ENG-Premier League,2223,Brighton,Evan Ferguson,IRL,FW,17.0,19,10,950,6,2,8,6,0.57,0.19,0.76
ENG-Premier League,2223,Brighton,Kaoru Mitoma,JPN,MF,25.0,33,24,2318,7,5,12,7,0.27,0.19,0.47
ENG-Premier League,2223,Brighton,Leandro Trossard,BEL,"MF,FW",27.0,16,16,1315,7,2,9,7,0.48,0.14,0.62
ENG-Premier League,2223,Brighton,Moisés Caicedo,ECU,MF,20.0,37,34,3139,1,1,2,1,0.03,0.03,0.06
ENG-Premier League,2223,Brighton,Pascal Groß,GER,"MF,DF",31.0,37,37,3239,9,8,17,9,0.25,0.22,0.47
ENG-Premier League,2223,Brighton,Pervis Estupiñán,ECU,"DF,MF",24.0,35,31,2675,1,5,6,1,0.03,0.17,0.2
ENG-Premier League,2223,Brighton,Solly March,ENG,MF,28.0,33,31,2715,6,7,13,6,0.2,0.23,0.43
ENG-Premier League,2223,Chelsea,Ben Chilwell,ENG,"MF,DF",25.0,23,15,1408,2,2,4,2,0.13,0.13,0.26
ENG-Premier League,2223,Chelsea,Conor Gallagher,ENG,MF,22.0,35,18,1621,3,1,4,3,0.17,0.06,0.22
ENG-Premier League,2223,Chelsea,César Azpilicueta,ESP,"DF,MF",32.0,25,16,1527,0,0,0,0,0.0,0.0,0.0
ENG-Premier League,2223,Chelsea,Enzo Fernández,ARG,MF,21.0,18,18,1547,0,2,2,0,0.0,0.12,0.12
ENG-Premier League,2223,Chelsea,Jorginho,ITA,MF,30.0,18,15,1279,2,0,2,0,0.14,0.0,0.14
ENG-Premier League,2223,Chelsea,João Félix,POR,"FW,MF",22.0,16,11,941,4,0,4,4,0.38,0.0,0.38
ENG-Premier League,2223,Chelsea,Kai Havertz,GER,"FW,MF",23.0,35,30,2569,7,1,8,6,0.25,0.04,0.28
ENG-Premier League,2223,Chelsea,Marc Cucurella,ESP,"DF,MF",24.0,24,21,1671,0,2,2,0,0.0,0.11,0.11
ENG-Premier League,2223,Chelsea,Mason Mount,ENG,MF,23.0,24,20,1648,3,2,5,3,0.16,0.11,0.27
ENG-Premier League,2223,Chelsea,Mateo Kovačić,CRO,MF,28.0,27,17,1707,1,2,3,1,0.05,0.11,0.16
ENG-Premier League,2223,Chelsea,Raheem Sterling,ENG,"FW,MF",27.0,28,23,1891,6,3,9,6,0.29,0.14,0.43
ENG-Premier League,2223,Chelsea,Reece James,ENG,"DF,MF",22.0,16,14,1244,1,1,2,1,0.07,0.07,0.14
ENG-Premier League,2223,Chelsea,Ruben Loftus-Cheek,ENG,MF,26.0,25,19,1536,0,1,1,0,0.0,0.06,0.06
ENG-Premier League,2223,Crystal Palace,Cheick Doucouré,MLI,MF,22.0,34,34,2769,0,3,3,0,0.0,0.1,0.1
ENG-Premier League,2223,Crystal Palace,Eberechi Eze,ENG,"MF,FW",24.0,38,30,2636,10,4,14,9,0.34,0.14,0.48
ENG-Premier League,2223,Crystal Palace,Jeffrey Schlupp,GHA,MF,29.0,34,30,2531,3,1,4,3,0.11,0.04,0.14
ENG-Premier League,2223,Crystal Palace,Jordan Ayew,GHA,"FW,MF",30.0,38,31,2714,4,3,7,4,0.13,0.1,0.23
ENG-Premier League,2223,Crystal Palace,Michael Olise,FRA,"MF,FW",20.0,37,31,2749,2,11,13,2,0.07,0.36,0.43
ENG-Premier League,2223,Crystal Palace,Odsonne Édouard,FRA,FW,24.0,35,20,1803,5,2,7,5,0.25,0.1,0.35
ENG-Premier League,2223,Crystal Palace,Wilfried Zaha,CIV,"FW,MF",29.0,27,27,2288,7,2,9,7,0.28,0.08,0.35
ENG-Premier League,2223,Everton,Abdoulaye Doucouré,MLI,MF,29.0,25,17,1533,5,2,7,5,0.29,0.12,0.41
ENG-Premier League,2223,Everton,Alex Iwobi,NGA,MF,26.0,38,38,3378,2,7,9,2,0.05,0.19,0.24
ENG-Premier League,2223,Everton,Amadou Onana,BEL,MF,20.0,33,29,2488,1,2,3,1,0.04,0.07,0.11
ENG-Premier League,2223,Everton,Anthony Gordon,ENG,"FW,MF",21.0,16,12,1095,3,0,3,3,0.25,0.0,0.25
ENG-Premier League,2223,Everton,Demarai Gray,JAM,"FW,MF",26.0,33,27,2507,4,1,5,2,0.14,0.04,0.18
ENG-Premier League,2223,Everton,Dominic Calvert-Lewin,ENG,FW,25.0,17,15,1165,2,1,3,1,0.15,0.08,0.23
ENG-Premier League,2223,Everton,Dwight McNeil,ENG,"MF,FW",22.0,36,28,2498,7,3,10,7,0.25,0.11,0.36
ENG-Premier League,2223,Everton,Idrissa Gueye,SEN,MF,32.0,33,32,2577,0,1,1,0,0.0,0.03,0.03
ENG-Premier League,2223,Everton,Nathan Patterson,SCO,"DF,MF",20.0,19,14,1279,0,0,0,0,0.0,0.0,0.0
ENG-Premier League,2223,Everton,Neal Maupay,FRA,FW,25.0,27,11,1118,1,0,1,1,0.08,0.0,0.08
ENG-Premier League,2223,Everton,Séamus Coleman,IRL,"DF,MF",33.0,23,20,1656,1,0,1,1,0.05,0.0,0.05
ENG-Premier League,2223,Everton,Vitaliy Mykolenko,UKR,"DF,MF",23.0,34,30,2655,0,0,0,0,0.0,0.0,0.0
ENG-Premier League,2223,Fulham,Aleksandar Mitrović,SRB,FW,27.0,24,23,2008,14,1,15,10,0.63,0.04,0.67
ENG-Premier League,2223,Fulham,Andreas Pereira,BRA,MF,26.0,33,33,2692,4,6,10,3,0.13,0.2,0.33
ENG-Premier League,2223,Fulham,Bobby De Cordova-Reid,JAM,"MF,DF",29.0,36,29,2475,4,1,5,4,0.15,0.04,0.18
ENG-Premier League,2223,Fulham,Carlos Vinícius,BRA,FW,27.0,28,11,1109,5,2,7,5,0.41,0.16,0.57
ENG-Premier League,2223,Fulham,Harrison Reed,ENG,MF,27.0,37,35,2866,3,4,7,3,0.09,0.13,0.22
ENG-Premier League,2223,Fulham,Harry Wilson,WAL,MF,25.0,29,13,1100,2,3,5,2,0.16,0.25,0.41
ENG-Premier League,2223,Fulham,João Palhinha,POR,MF,27.0,35,35,3108,3,0,3,3,0.09,0.0,0.09
ENG-Premier League,2223,Fulham,Tom Cairney,SCO,MF,31.0,33,6,988,2,0,2,2,0.18,0.0,0.18
ENG-Premier League,2223,Fulham,Willian,BRA,MF,33.0,27,25,2126,5,5,10,5,0.21,0.21,0.42
ENG-Premier League,2223,Leeds United,Brenden Aaronson,USA,MF,21.0,36,28,2372,1,3,4,1,0.04,0.11,0.15
ENG-Premier League,2223,Leeds United,Crysencio Summerville,NED,"MF,FW",20.0,28,12,1426,4,2,6,4,0.25,0.13,0.38
ENG-Premier League,2223,Leeds United,Jack Harrison,ENG,MF,25.0,36,34,2708,5,7,12,5,0.17,0.23,0.4
ENG-Premier League,2223,Leeds United,Marc Roca,ESP,MF,25.0,32,29,2315,1,2,3,1,0.04,0.08,0.12
ENG-Premier League,2223,Leeds United,Patrick Bamford,ENG,FW,28.0,28,18,1515,4,2,6,4,0.24,0.12,0.36
ENG-Premier League,2223,Leeds United,Rodrigo,ESP,"FW,MF",31.0,31,23,1935,13,1,14,12,0.6,0.05,0.65
ENG-Premier League,2223,Leeds United,Tyler Adams,USA,MF,23.0,24,24,2156,0,0,0,0,0.0,0.0,0.0
ENG-Premier League,2223,Leeds United,Weston McKennie,USA,MF,23.0,19,16,1437,0,1,1,0,0.0,0.06,0.06
ENG-Premier League,2223,Leeds United,Wilfried Gnonto,ITA,"MF,FW",18.0,24,14,1354,2,4,6,2,0.13,0.27,0.4
ENG-Premier League,2223,Leicester City,Boubakary Soumaré,FRA,MF,23.0,26,20,1629,0,0,0,0,0.0,0.0,0.0
ENG-Premier League,2223,Leicester City,Harvey Barnes,ENG,"MF,FW",24.0,34,32,2711,13,1,14,13,0.43,0.03,0.46
ENG-Premier League,2223,Leicester City,James Justin,ENG,"DF,MF",24.0,14,14,1252,0,0,0,0,0.0,0.0,0.0
ENG-Premier League,2223,Leicester City,James Maddison,ENG,"MF,FW",25.0,30,28,2480,10,9,19,9,0.36,0.33,0.69
ENG-Premier League,2223,Leicester City,Jamie Vardy,ENG,FW,35.0,37,19,1857,3,4,7,3,0.15,0.19,0.34
ENG-Premier League,2223,Leicester City,Kelechi Iheanacho,NGA,FW,25.0,28,11,1127,5,5,10,4,0.4,0.4,0.8
ENG-Premier League,2223,Leicester City,Kiernan Dewsbury-Hall,ENG,MF,23.0,31,28,2306,2,2,4,2,0.08,0.08,0.16
ENG-Premier League,2223,Leicester City,Patson Daka,ZAM,FW,23.0,30,13,1187,4,4,8,4,0.3,0.3,0.61
ENG-Premier League,2223,Leicester City,Timothy Castagne,BEL,"DF,MF",26.0,37,36,3254,2,3,5,2,0.06,0.08,0.14
ENG-Premier League,2223,Leicester City,Wilfred Ndidi,NGA,"MF,DF",25.0,27,19,1679,0,0,0,0,0.0,0.0,0.0
ENG-Premier League,2223,Leicester City,Youri Tielemans,BEL,MF,25.0,31,27,2344,3,2,5,2,0.12,0.08,0.19
ENG-Premier League,2223,Liverpool,Cody Gakpo,NED,FW,23.0,21,17,1458,7,2,9,7,0.43,0.12,0.56
ENG-Premier League,2223,Liverpool,Curtis Jones,ENG,MF,21.0,18,12,1035,3,1,4,3,0.26,0.09,0.35
ENG-Premier League,2223,Liverpool,Darwin Núñez,URU,FW,23.0,29,19,1695,9,3,12,9,0.48,0.16,0.64
ENG-Premier League,2223,Liverpool,Diogo Jota,POR,"FW,MF",25.0,22,12,1131,7,4,11,7,0.56,0.32,0.88
ENG-Premier League,2223,Liverpool,Fabinho,BRA,MF,28.0,36,31,2671,0,2,2,0,0.0,0.07,0.07
ENG-Premier League,2223,Liverpool,Harvey Elliott,ENG,MF,19.0,32,18,1613,1,2,3,1,0.06,0.11,0.17
ENG-Premier League,2223,Liverpool,James Milner,ENG,"MF,DF",36.0,31,7,913,0,1,1,0,0.0,0.1,0.1
ENG-Premier League,2223,Liverpool,Jordan Henderson,ENG,MF,32.0,35,23,2074,0,2,2,0,0.0,0.09,0.09
ENG-Premier League,2223,Liverpool,Luis Díaz,COL,FW,25.0,17,11,996,4,2,6,4,0.36,0.18,0.54
ENG-Premier League,2223,Liverpool,Mohamed Salah,EGY,FW,30.0,38,37,3290,19,12,31,17,0.52,0.33,0.85
ENG-Premier League,2223,Liverpool,Roberto Firmino,BRA,FW,30.0,25,13,1213,11,4,15,11,0.82,0.3,1.11
ENG-Premier League,2223,Liverpool,Thiago Alcántara,ESP,MF,31.0,18,14,1254,0,0,0,0,0.0,0.0,0.0
ENG-Premier League,2223,Manchester City,Aymeric Laporte,ESP,"DF,MF",28.0,12,11,993,0,0,0,0,0.0,0.0,0.0
ENG-Premier League,2223,Manchester City,Bernardo Silva,POR,"MF,FW",27.0,34,24,2205,4,5,9,4,0.16,0.2,0.37
ENG-Premier League,2223,Manchester City,Erling Haaland,NOR,"FW,MF",22.0,35,33,2769,36,8,44,29,1.17,0.26,1.43
ENG-Premier League,2223,Manchester City,Jack Grealish,ENG,"FW,MF",26.0,28,23,2055,5,7,12,5,0.22,0.31,0.53
ENG-Premier League,2223,Manchester City,John Stones,ENG,"DF,MF",28.0,23,21,1846,2,2,4,2,0.1,0.1,0.2
ENG-Premier League,2223,Manchester City,Julián Álvarez,ARG,"MF,FW",22.0,31,13,1465,9,0,9,8,0.55,0.0,0.55
ENG-Premier League,2223,Manchester City,Kevin De Bruyne,BEL,MF,31.0,32,28,2417,7,16,23,7,0.26,0.6,0.86
ENG-Premier League,2223,Manchester City,Kyle Walker,ENG,"DF,MF",32.0,27,22,1958,0,0,0,0,0.0,0.0,0.0
ENG-Premier League,2223,Manchester City,Manuel Akanji,SUI,"DF,MF",27.0,29,24,2287,0,1,1,0,0.0,0.04,0.04
ENG-Premier League,2223,Manchester City,Phil Foden,ENG,"FW,MF",22.0,32,22,1842,11,6,17,11,0.54,0.29,0.83
ENG-Premier League,2223,Manchester City,Rico Lewis,ENG,"DF,MF",17.0,14,10,903,0,0,0,0,0.0,0.0,0.0
ENG-Premier League,2223,Manchester City,Riyad Mahrez,ALG,"MF,FW",31.0,30,22,1920,5,10,15,4,0.23,0.47,0.7
ENG-Premier League,2223,Manchester City,Rodri,ESP,"MF,DF",26.0,36,34,2911,2,6,8,2,0.06,0.19,0.25
ENG-Premier League,2223,Manchester City,Rúben Dias,POR,"DF,MF",25.0,26,22,1998,0,0,0,0,0.0,0.0,0.0
ENG-Premier League,2223,Manchester City,İlkay Gündoğan,GER,MF,31.0,31,27,2353,8,4,12,8,0.31,0.15,0.46
ENG-Premier League,2223,Manchester Utd,Anthony Martial,FRA,FW,26.0,21,11,978,6,2,8,5,0.55,0.18,0.74
ENG-Premier League,2223,Manchester Utd,Antony,BRA,MF,22.0,25,23,1802,4,2,6,4,0.2,0.1,0.3
ENG-Premier League,2223,Manchester Utd,Bruno Fernandes,POR,MF,27.0,37,37,3316,8,8,16,6,0.22,0.22,0.43
ENG-Premier League,2223,Manchester Utd,Casemiro,BRA,MF,30.0,28,24,2124,4,3,7,4,0.17,0.13,0.3
ENG-Premier League,2223,Manchester Utd,Christian Eriksen,DEN,MF,30.0,28,25,2048,1,8,9,1,0.04,0.35,0.4
ENG-Premier League,2223,Manchester Utd,Fred,BRA,MF,29.0,35,12,1249,2,2,4,2,0.14,0.14,0.29
ENG-Premier League,2223,Manchester Utd,Jadon Sancho,ENG,MF,22.0,26,21,1686,6,3,9,6,0.32,0.16,0.48
ENG-Premier League,2223,Manchester Utd,Marcus Rashford,ENG,"FW,MF",24.0,35,32,2879,17,5,22,17,0.53,0.16,0.69
ENG-Premier League,2223,Manchester Utd,Scott McTominay,SCO,MF,25.0,24,10,1160,1,0,1,1,0.08,0.0,0.08
ENG-Premier League,2223,Newcastle,Alexander Isak,SWE,FW,22.0,22,17,1522,10,1,11,8,0.59,0.06,0.65
ENG-Premier League,2223,Newcastle,Allan Saint-Maximin,FRA,FW,25.0,25,12,1120,1,5,6,1,0.08,0.4,0.48
ENG-Premier League,2223,Newcastle,Bruno Guimarães,BRA,MF,24.0,32,32,2726,4,5,9,4,0.13,0.17,0.3
ENG-Premier League,2223,Newcastle,Callum Wilson,ENG,FW,30.0,31,21,1877,18,5,23,15,0.86,0.24,1.1
ENG-Premier League,2223,Newcastle,Jacob Murphy,ENG,FW,27.0,36,14,1251,4,2,6,4,0.29,0.14,0.43
ENG-Premier League,2223,Newcastle,Joe Willock,ENG,MF,22.0,35,31,2558,3,6,9,3,0.11,0.21,0.32
ENG-Premier League,2223,Newcastle,Joelinton,BRA,"MF,FW",25.0,32,30,2661,6,1,7,6,0.2,0.03,0.24
ENG-Premier League,2223,Newcastle,Miguel Almirón,PAR,FW,28.0,34,29,2491,11,2,13,11,0.4,0.07,0.47
ENG-Premier League,2223,Newcastle,Sean Longstaff,ENG,MF,24.0,33,28,2518,1,4,5,1,0.04,0.14,0.18
ENG-Premier League,2223,Nottingham,Brennan Johnson,WAL,"FW,MF",21.0,38,33,2934,8,3,11,7,0.25,0.09,0.34
ENG-Premier League,2223,Nottingham,Danilo Santos,BRA,MF,21.0,13,12,976,3,2,5,3,0.28,0.18,0.46
ENG-Premier League,2223,Nottingham,Harry Toffolo,ENG,"DF,MF",26.0,19,9,940,0,0,0,0,0.0,0.0,0.0
ENG-Premier League,2223,Nottingham,Jesse Lingard,ENG,"MF,FW",29.0,17,12,923,0,0,0,0,0.0,0.0,0.0
ENG-Premier League,2223,Nottingham,Morgan Gibbs-White,ENG,"MF,FW",22.0,35,34,2971,5,8,13,3,0.15,0.24,0.39
ENG-Premier League,2223,Nottingham,Neco Williams,WAL,"DF,MF",21.0,31,20,1882,1,0,1,1,0.05,0.0,0.05
ENG-Premier League,2223,Nottingham,Orel Mangala,BEL,MF,24.0,27,20,1550,1,1,2,1,0.06,0.06,0.12
ENG-Premier League,2223,Nottingham,Remo Freuler,SUI,MF,30.0,28,24,2161,0,0,0,0,0.0,0.0,0.0
ENG-Premier League,2223,Nottingham,Renan Lodi,BRA,"DF,MF",24.0,28,26,2214,0,1,1,0,0.0,0.04,0.04
ENG-Premier League,2223,Nottingham,Ryan Yates,ENG,MF,24.0,26,21,1837,0,2,2,0,0.0,0.1,0.1
ENG-Premier League,2223,Nottingham,Serge Aurier,CIV,"DF,MF",29.0,24,22,1943,1,0,1,1,0.05,0.0,0.05
ENG-Premier League,2223,Nottingham,Taiwo Awoniyi,NGA,FW,24.0,27,17,1404,10,1,11,10,0.64,0.06,0.71
ENG-Premier League,2223,Southampton,Adam Armstrong,ENG,"MF,FW",25.0,30,14,1335,2,1,3,2,0.13,0.07,0.2
ENG-Premier League,2223,Southampton,Ainsley Maitland-Niles,ENG,"DF,MF",24.0,22,13,1407,0,0,0,0,0.0,0.0,0.0
ENG-Premier League,2223,Southampton,Carlos Alcaraz,ARG,"MF,FW",19.0,18,13,1029,4,2,6,4,0.35,0.17,0.52
ENG-Premier League,2223,Southampton,Ché Adams,SCO,FW,26.0,28,23,1992,5,3,8,5,0.23,0.14,0.36
ENG-Premier League,2223,Southampton,James Ward-Prowse,ENG,MF,27.0,38,38,3371,9,4,13,7,0.24,0.11,0.35
ENG-Premier League,2223,Southampton,Joe Aribo,NGA,"MF,FW",26.0,21,13,1224,2,0,2,2,0.15,0.0,0.15
ENG-Premier League,2223,Southampton,Kamaldeen Sulemana,GHA,"FW,MF",20.0,18,10,966,2,1,3,2,0.19,0.09,0.28
ENG-Premier League,2223,Southampton,Kyle Walker-Peters,ENG,"DF,MF",25.0,31,30,2650,1,0,1,1,0.03,0.0,0.03
ENG-Premier League,2223,Southampton,Mohamed Elyounoussi,NOR,MF,27.0,33,27,2168,1,1,2,1,0.04,0.04,0.08
ENG-Premier League,2223,Southampton,Roméo Lavia,BEL,MF,18.0,29,26,2221,1,0,1,1,0.04,0.0,0.04
ENG-Premier League,2223,Southampton,Stuart Armstrong,SCO,MF,30.0,32,14,1408,2,1,3,2,0.13,0.06,0.19
ENG-Premier League,2223,Southampton,Theo Walcott,ENG,"MF,FW",33.0,20,13,1129,2,2,4,2,0.16,0.16,0.32
ENG-Premier League,2223,Tottenham,Ben Davies,WAL,"DF,MF",29.0,31,26,2288,2,2,4,2,0.08,0.08,0.16
ENG-Premier League,2223,Tottenham,Dejan Kulusevski,SWE,"MF,FW",22.0,30,23,2067,2,7,9,2,0.09,0.3,0.39
ENG-Premier League,2223,Tottenham,Emerson,BRA,"MF,DF",23.0,26,20,1735,2,1,3,2,0.1,0.05,0.16
ENG-Premier League,2223,Tottenham,Harry Kane,ENG,FW,29.0,38,38,3405,30,3,33,25,0.79,0.08,0.87
ENG-Premier League,2223,Tottenham,Ivan Perišić,CRO,MF,33.0,34,23,2108,1,8,9,1,0.04,0.34,0.38
ENG-Premier League,2223,Tottenham,Oliver Skipp,ENG,MF,21.0,23,18,1491,1,0,1,1,0.06,0.0,0.06
ENG-Premier League,2223,Tottenham,Pedro Porro,ESP,MF,22.0,15,13,1131,3,3,6,3,0.24,0.24,0.48
ENG-Premier League,2223,Tottenham,Pierre Højbjerg,DEN,MF,26.0,35,35,3131,4,5,9,4,0.11,0.14,0.26
ENG-Premier League,2223,Tottenham,Richarlison,BRA,"MF,FW",25.0,27,12,1010,1,3,4,1,0.09,0.27,0.36
ENG-Premier League,2223,Tottenham,Rodrigo Bentancur,URU,MF,25.0,18,17,1500,5,2,7,5,0.3,0.12,0.42
ENG-Premier League,2223,Tottenham,Son Heung-min,KOR,"MF,FW",30.0,36,33,2888,10,6,16,10,0.31,0.19,0.5
ENG-Premier League,2223,Tottenham,Yves Bissouma,MLI,MF,25.0,23,10,1010,0,0,0,0,0.0,0.0,0.0
ENG-Premier League,2223,West Ham,Declan Rice,ENG,MF,23.0,37,36,3273,4,2,6,4,0.11,0.05,0.16
ENG-Premier League,2223,West Ham,Emerson Palmieri,ITA,"MF,DF",27.0,22,16,1320,1,0,1,1,0.07,0.0,0.07
ENG-Premier League,2223,West Ham,Gianluca Scamacca,ITA,FW,23.0,16,11,926,3,0,3,3,0.29,0.0,0.29
ENG-Premier League,2223,West Ham,Jarrod Bowen,ENG,"MF,FW",25.0,38,36,3233,6,5,11,5,0.17,0.14,0.31
ENG-Premier League,2223,West Ham,Lucas Paquetá,BRA,MF,24.0,28,27,2151,4,3,7,3,0.17,0.13,0.29
ENG-Premier League,2223,West Ham,Michail Antonio,JAM,FW,32.0,33,21,1829,5,3,8,5,0.25,0.15,0.39
ENG-Premier League,2223,West Ham,Pablo Fornals,ESP,MF,26.0,32,17,1503,3,1,4,3,0.18,0.06,0.24
ENG-Premier League,2223,West Ham,Saïd Benrahma,ALG,"MF,FW",26.0,35,22,2069,6,3,9,2,0.26,0.13,0.39
ENG-Premier League,2223,West Ham,Tomáš Souček,CZE,MF,27.0,36,32,2815,2,3,5,2,0.06,0.1,0.16
ENG-Premier League,2223,West Ham,Vladimír Coufal,CZE,"DF,MF",29.0,27,24,2136,0,1,1,0,0.0,0.04,0.04
ENG-Premier League,2223,Wolves,Adama Traoré,ESP,"MF,FW",26.0,34,12,1496,2,1,3,2,0.12,0.06,0.18
ENG-Premier League,2223,Wolves,Daniel Podence,POR,"MF,FW",26.0,32,20,1771,6,0,6,6,0.3,0.0,0.3
ENG-Premier League,2223,Wolves,Diego Costa,ESP,FW,33.0,23,16,1241,1,0,1,1,0.07,0.0,0.07
ENG-Premier League,2223,Wolves,Hwang Hee-chan,KOR,"FW,MF",26.0,27,12,1130,3,1,4,3,0.24,0.08,0.32
ENG-Premier League,2223,Wolves,João Moutinho,POR,MF,35.0,31,20,1780,0,2,2,0,0.0,0.1,0.1
ENG-Premier League,2223,Wolves,Mario Lemina,GAB,MF,28.0,19,17,1299,0,1,1,0,0.0,0.07,0.07
ENG-Premier League,2223,Wolves,Matheus Cunha,BRA,FW,23.0,17,12,965,2,0,2,2,0.19,0.0,0.19
ENG-Premier League,2223,Wolves,Matheus Nunes,POR,MF,23.0,34,30,2467,1,1,2,1,0.04,0.04,0.07
ENG-Premier League,2223,Wolves,Pedro Neto,POR,"MF,FW",22.0,18,13,964,0,0,0,0,0.0,0.0,0.0
ENG-Premier League,2223,Wolves,Rayan Aït-Nouri,ALG,"DF,MF",21.0,21,9,1076,1,0,1,1,0.08,0.0,0.08
ENG-Premier League,2223,Wolves,Rúben Neves,POR,MF,25.0,35,33,3019,6,1,7,3,0.18,0.03,0.21
ENG-Premier League,2324,Arsenal,Bukayo Saka,ENG,FW,21.0,35,35,2919,16,9,25,10,0.49,0.28,0.77
ENG-Premier League,2324,Arsenal,Declan Rice,ENG,MF,24.0,38,37,3225,7,8,15,7,0.2,0.22,0.42
ENG-Premier League,2324,Arsenal,Eddie Nketiah,ENG,FW,24.0,27,10,1082,5,2,7,5,0.42,0.17,0.58
ENG-Premier League,2324,Arsenal,Gabriel Jesus,BRA,FW,26.0,27,17,1478,4,5,9,4,0.24,0.3,0.55
ENG-Premier League,2324,Arsenal,Gabriel Martinelli,BRA,FW,22.0,35,24,2019,6,4,10,6,0.27,0.18,0.45
ENG-Premier League,2324,Arsenal,Jorginho,ITA,MF,31.0,24,10,921,0,2,2,0,0.0,0.2,0.2
ENG-Premier League,2324,Arsenal,Kai Havertz,GER,"MF,FW",24.0,37,30,2634,13,7,20,12,0.44,0.24,0.68
ENG-Premier League,2324,Arsenal,Leandro Trossard,BEL,"FW,MF",28.0,34,18,1649,12,1,13,12,0.65,0.05,0.71
ENG-Premier League,2324,Arsenal,Martin Ødegaard,NOR,MF,24.0,35,35,3091,8,10,18,6,0.23,0.29,0.52
ENG-Premier League,2324,Aston Villa,Boubacar Kamara,FRA,MF,23.0,20,20,1652,0,1,1,0,0.0,0.05,0.05
ENG-Premier League,2324,Aston Villa,Douglas Luiz,BRA,MF,25.0,35,35,2993,9,5,14,5,0.27,0.15,0.42
ENG-Premier League,2324,Aston Villa,John McGinn,SCO,MF,28.0,35,35,2999,6,4,10,6,0.18,0.12,0.3
ENG-Premier League,2324,Aston Villa,Leon Bailey,JAM,MF,25.0,35,22,2068,10,9,19,10,0.44,0.39,0.83
ENG-Premier League,2324,Aston Villa,Matty Cash,POL,"DF,MF",25.0,29,23,2142,2,2,4,2,0.08,0.08,0.17
ENG-Premier League,2324,Aston Villa,Moussa Diaby,FRA,"MF,FW",24.0,38,25,2174,6,8,14,6,0.25,0.33,0.58
ENG-Premier League,2324,Aston Villa,Ollie Watkins,ENG,FW,27.0,37,37,3217,19,13,32,19,0.53,0.36,0.9
ENG-Premier League,2324,Aston Villa,Youri Tielemans,BEL,"MF,FW",26.0,32,17,1622,2,6,8,2,0.11,0.33,0.44
ENG-Premier League,2324,Bournemouth,Alex Scott,ENG,MF,19.0,23,11,1014,1,1,2,1,0.09,0.09,0.18
ENG-Premier League,2324,Bournemouth,Antoine Semenyo,GHA,MF,23.0,33,25,2105,8,2,10,8,0.34,0.09,0.43
ENG-Premier League,2324,Bournemouth,Dango Ouattara,BFA,"DF,MF",21.0,30,12,1229,1,2,3,1,0.07,0.15,0.22
ENG-Premier League,2324,Bournemouth,Dominic Solanke,ENG,FW,25.0,38,37,3325,19,3,22,17,0.51,0.08,0.6
ENG-Premier League,2324,Bournemouth,Justin Kluivert,NED,MF,24.0,32,26,1916,7,1,8,7,0.33,0.05,0.38
ENG-Premier League,2324,Bournemouth,Lewis Cook,ENG,MF,26.0,33,32,2786,0,3,3,0,0.0,0.1,0.1
ENG-Premier League,2324,Bournemouth,Marcus Tavernier,ENG,MF,24.0,30,25,2118,3,4,7,3,0.13,0.17,0.3
ENG-Premier League,2324,Bournemouth,Philip Billing,DEN,MF,27.0,29,13,1398,2,2,4,2,0.13,0.13,0.26
ENG-Premier League,2324,Bournemouth,Ryan Christie,SCO,MF,28.0,37,35,2907,0,5,5,0,0.0,0.15,0.15
ENG-Premier League,2324,Brentford,Bryan Mbeumo,CMR,FW,23.0,25,22,1960,9,6,15,6,0.41,0.28,0.69
ENG-Premier League,2324,Brentford,Christian Nørgaard,DEN,MF,29.0,31,30,2505,2,1,3,2,0.07,0.04,0.11
ENG-Premier League,2324,Brentford,Frank Onyeka,NGA,MF,25.0,26,11,1161,1,2,3,1,0.08,0.16,0.23
ENG-Premier League,2324,Brentford,Ivan Toney,ENG,FW,27.0,17,16,1450,4,2,6,4,0.25,0.12,0.37
ENG-Premier League,2324,Brentford,Keane Lewis-Potter,ENG,"FW,MF",22.0,30,15,1441,3,1,4,3,0.19,0.06,0.25
ENG-Premier League,2324,Brentford,Mads Roerslev,DEN,"MF,DF",24.0,34,22,1985,1,2,3,1,0.05,0.09,0.14
ENG-Premier League,2324,Brentford,Mathias Jensen,DEN,MF,27.0,32,27,2204,3,3,6,3,0.12,0.12,0.25
ENG-Premier League,2324,Brentford,Neal Maupay,FRA,FW,26.0,29,13,1321,6,3,9,6,0.41,0.2,0.61
ENG-Premier League,2324,Brentford,Sergio Reguilón,ESP,"MF,DF",26.0,16,14,1118,0,4,4,0,0.0,0.32,0.32
ENG-Premier League,2324,Brentford,Vitaly Janelt,GER,"MF,DF",25.0,38,37,3054,1,3,4,1,0.03,0.09,0.12
ENG-Premier League,2324,Brentford,Yoane Wissa,COD,FW,26.0,34,29,2493,12,3,15,12,0.43,0.11,0.54
ENG-Premier League,2324,Brighton,Billy Gilmour,SCO,MF,22.0,30,24,2120,0,1,1,0,0.0,0.04,0.04
ENG-Premier League,2324,Brighton,Carlos Baleba,CMR,MF,19.0,27,15,1325,0,0,0,0,0.0,0.0,0.0
ENG-Premier League,2324,Brighton,Danny Welbeck,ENG,"FW,MF",32.0,29,21,1693,5,1,6,5,0.27,0.05,0.32
ENG-Premier League,2324,Brighton,Evan Ferguson,IRL,FW,18.0,27,15,1367,6,0,6,6,0.4,0.0,0.4
ENG-Premier League,2324,Brighton,Facundo Buonanotte,ARG,"MF,FW",18.0,27,17,1364,3,1,4,3,0.2,0.07,0.26
ENG-Premier League,2324,Brighton,João Pedro,BRA,"MF,FW",21.0,31,19,2045,9,3,12,5,0.4,0.13,0.53
ENG-Premier League,2324,Brighton,Kaoru Mitoma,JPN,"MF,FW",26.0,19,15,1486,3,4,7,3,0.18,0.24,0.42
ENG-Premier League,2324,Brighton,Pascal Groß,GER,"MF,DF",32.0,36,34,3114,4,10,14,3,0.12,0.29,0.4
ENG-Premier League,2324,Brighton,Pervis Estupiñán,ECU,"DF,MF",25.0,19,15,1243,2,3,5,2,0.14,0.22,0.36
ENG-Premier League,2324,Brighton,Simon Adingra,CIV,MF,21.0,31,25,2222,6,1,7,6,0.24,0.04,0.28
ENG-Premier League,2324,Brighton,Tariq Lamptey,GHA,"DF,MF",22.0,19,10,914,0,3,3,0,0.0,0.3,0.3
ENG-Premier League,2324,Burnley,Jacob Bruun Larsen,DEN,MF,24.0,32,16,1249,6,0,6,5,0.43,0.0,0.43
ENG-Premier League,2324,Burnley,Josh Brownhill,ENG,MF,27.0,33,23,2252,4,2,6,4,0.16,0.08,0.24
ENG-Premier League,2324,Burnley,Josh Cullen,IRL,MF,27.0,25,23,2057,2,3,5,2,0.09,0.13,0.22
ENG-Premier League,2324,Burnley,Jóhann Berg Guðmundsson,ISL,MF,32.0,26,12,1192,1,3,4,1,0.08,0.23,0.3
ENG-Premier League,2324,Burnley,Luca Koleosho,ITA,"MF,FW",18.0,15,13,974,1,1,2,1,0.09,0.09,0.18
ENG-Premier League,2324,Burnley,Lyle Foster,RSA,"FW,MF",22.0,24,22,1899,5,3,8,5,0.24,0.14,0.38
ENG-Premier League,2324,Burnley,Sander Berge,NOR,MF,25.0,37,34,3005,1,2,3,1,0.03,0.06,0.09
ENG-Premier League,2324,Burnley,Vitinho,BRA,"DF,MF",24.0,32,26,2314,0,2,2,0,0.0,0.08,0.08
ENG-Premier League,2324,Burnley,Wilson Odobert,FRA,"MF,FW",18.0,29,25,2098,3,2,5,3,0.13,0.09,0.21
ENG-Premier League,2324,Burnley,Zeki Amdouni,SUI,FW,22.0,34,27,1953,5,1,6,4,0.23,0.05,0.28
ENG-Premier League,2324,Chelsea,Cole Palmer,ENG,"MF,FW",21.0,33,29,2607,22,11,33,13,0.76,0.38,1.14
ENG-Premier League,2324,Chelsea,Conor Gallagher,ENG,MF,23.0,37,37,3128,5,7,12,5,0.14,0.2,0.35
ENG-Premier League,2324,Chelsea,Enzo Fernández,ARG,MF,22.0,28,26,2209,3,2,5,2,0.12,0.08,0.2
ENG-Premier League,2324,Chelsea,Malo Gusto,FRA,"DF,MF",20.0,27,19,1751,0,6,6,0,0.0,0.31,0.31
ENG-Premier League,2324,Chelsea,Moisés Caicedo,ECU,MF,21.0,35,33,2866,1,3,4,1,0.03,0.09,0.13
ENG-Premier League,2324,Chelsea,Mykhailo Mudryk,UKR,MF,22.0,31,18,1576,5,2,7,5,0.29,0.11,0.4
ENG-Premier League,2324,Chelsea,Nicolas Jackson,SEN,FW,22.0,35,31,2799,14,5,19,14,0.45,0.16,0.61
ENG-Premier League,2324,Chelsea,Noni Madueke,ENG,MF,21.0,23,13,1053,5,2,7,4,0.43,0.17,0.6
ENG-Premier League,2324,Chelsea,Raheem Sterling,ENG,MF,28.0,31,22,1978,8,4,12,8,0.36,0.18,0.55
ENG-Premier League,2324,Crystal Palace,Adam Wharton,ENG,MF,19.0,16,15,1297,0,3,3,0,0.0,0.21,0.21
ENG-Premier League,2324,Crystal Palace,Cheick Doucouré,MLI,MF,23.0,11,11,919,0,0,0,0,0.0,0.0,0.0
ENG-Premier League,2324,Crystal Palace,Chris Richards,USA,"DF,MF",23.0,26,23,2094,1,1,2,1,0.04,0.04,0.09
ENG-Premier League,2324,Crystal Palace,Daniel Muñoz,COL,"MF,DF",27.0,16,16,1439,0,4,4,0,0.0,0.25,0.25
ENG-Premier League,2324,Crystal Palace,Eberechi Eze,ENG,"MF,FW",25.0,27,24,2055,11,4,15,10,0.48,0.18,0.66
ENG-Premier League,2324,Crystal Palace,Jean-Philippe Mateta,FRA,FW,26.0,35,25,2282,16,5,21,14,0.63,0.2,0.83
ENG-Premier League,2324,Crystal Palace,Jefferson Lerma,COL,"MF,DF",28.0,28,27,2400,1,1,2,1,0.04,0.04,0.07
ENG-Premier League,2324,Crystal Palace,Jeffrey Schlupp,GHA,"MF,FW",30.0,29,17,1352,2,2,4,2,0.13,0.13,0.27
ENG-Premier League,2324,Crystal Palace,Jordan Ayew,GHA,"MF,FW",31.0,35,30,2543,4,7,11,4,0.14,0.25,0.39
ENG-Premier League,2324,Crystal Palace,Michael Olise,FRA,"MF,FW",21.0,19,14,1275,10,6,16,9,0.71,0.42,1.13
ENG-Premier League,2324,Crystal Palace,Odsonne Édouard,FRA,"FW,MF",25.0,30,17,1555,7,0,7,7,0.41,0.0,0.41
ENG-Premier League,2324,Crystal Palace,Tyrick Mitchell,ENG,"DF,MF",23.0,37,37,3204,2,3,5,2,0.06,0.08,0.14
ENG-Premier League,2324,Crystal Palace,Will Hughes,ENG,MF,28.0,30,23,1891,0,1,1,0,0.0,0.05,0.05
ENG-Premier League,2324,Everton,Abdoulaye Doucouré,MLI,MF,30.0,32,32,2629,7,1,8,7,0.24,0.03,0.27
ENG-Premier League,2324,Everton,Amadou Onana,BEL,MF,21.0,30,23,2091,2,0,2,2,0.09,0.0,0.09
ENG-Premier League,2324,Everton,Ashley Young,ENG,"DF,MF",38.0,31,27,2280,0,0,0,0,0.0,0.0,0.0
ENG-Premier League,2324,Everton,Beto,GNB,FW,25.0,30,9,951,3,0,3,3,0.28,0.0,0.28
ENG-Premier League,2324,Everton,Dominic Calvert-Lewin,ENG,FW,26.0,32,26,2171,7,2,9,5,0.29,0.08,0.37
ENG-Premier League,2324,Everton,Dwight McNeil,ENG,MF,23.0,35,33,2892,3,6,9,3,0.09,0.19,0.28
ENG-Premier League,2324,Everton,Idrissa Gueye,SEN,MF,33.0,25,24,1884,4,0,4,4,0.19,0.0,0.19
ENG-Premier League,2324,Everton,Jack Harrison,ENG,MF,26.0,29,25,2214,3,3,6,3,0.12,0.12,0.24
ENG-Premier League,2324,Everton,James Garner,ENG,MF,22.0,37,34,3004,1,2,3,1,0.03,0.06,0.09
ENG-Premier League,2324,Fulham,Alex Iwobi,NGA,MF,27.0,30,25,2192,5,2,7,5,0.21,0.08,0.29
ENG-Premier League,2324,Fulham,Andreas Pereira,BRA,MF,27.0,37,34,2613,3,7,10,3,0.1,0.24,0.34
ENG-Premier League,2324,Fulham,Bobby De Cordova-Reid,JAM,"MF,FW",30.0,33,17,1423,6,2,8,6,0.38,0.13,0.51
ENG-Premier League,2324,Fulham,Harrison Reed,ENG,MF,28.0,27,15,1325,0,2,2,0,0.0,0.14,0.14
ENG-Premier League,2324,Fulham,Harry Wilson,WAL,"MF,FW",26.0,35,16,1620,4,6,10,4,0.22,0.33,0.56
ENG-Premier League,2324,Fulham,João Palhinha,POR,MF,28.0,33,31,2699,4,1,5,4,0.13,0.03,0.17
ENG-Premier League,2324,Fulham,Raúl Jiménez,MEX,FW,32.0,24,18,1395,7,0,7,7,0.45,0.0,0.45
ENG-Premier League,2324,Fulham,Rodrigo Muniz,BRA,FW,22.0,26,18,1593,9,1,10,9,0.51,0.06,0.56
ENG-Premier League,2324,Fulham,Saša Lukić,SRB,MF,26.0,24,13,1122,1,0,1,1,0.08,0.0,0.08
ENG-Premier League,2324,Fulham,Tom Cairney,SCO,MF,32.0,34,14,1488,1,4,5,1,0.06,0.24,0.3
ENG-Premier League,2324,Fulham,Willian,BRA,"MF,FW",34.0,31,24,2053,4,2,6,2,0.18,0.09,0.26
ENG-Premier League,2324,Liverpool,Alexis Mac Allister,ARG,MF,24.0,33,31,2599,5,5,10,4,0.17,0.17,0.35
ENG-Premier League,2324,Liverpool,Cody Gakpo,NED,"FW,MF",24.0,35,17,1649,8,5,13,8,0.44,0.27,0.71
ENG-Premier League,2324,Liverpool,Curtis Jones,ENG,MF,22.0,23,14,1167,1,1,2,1,0.08,0.08,0.15
ENG-Premier League,2324,Liverpool,Darwin Núñez,URU,FW,24.0,36,22,2047,11,8,19,11,0.48,0.35,0.84
ENG-Premier League,2324,Liverpool,Diogo Jota,POR,FW,26.0,21,14,1145,10,3,13,10,0.79,0.24,1.02
ENG-Premier League,2324,Liverpool,Dominik Szoboszlai,HUN,MF,22.0,33,25,2104,3,2,5,3,0.13,0.09,0.21
ENG-Premier League,2324,Liverpool,Harvey Elliott,ENG,"MF,FW",20.0,34,11,1352,3,6,9,3,0.2,0.4,0.6
ENG-Premier League,2324,Liverpool,Luis Díaz,COL,FW,26.0,37,32,2629,8,5,13,8,0.27,0.17,0.45
ENG-Premier League,2324,Liverpool,Mohamed Salah,EGY,FW,31.0,32,28,2534,18,10,28,13,0.64,0.36,0.99
ENG-Premier League,2324,Liverpool,Ryan Gravenberch,NED,MF,21.0,26,12,1121,1,0,1,1,0.08,0.0,0.08
ENG-Premier League,2324,Liverpool,Wataru Endo,JPN,MF,30.0,29,20,1722,1,0,1,1,0.05,0.0,0.05
ENG-Premier League,2324,Luton Town,Albert Sambi Lokonga,BEL,MF,23.0,17,16,1303,1,3,4,1,0.07,0.21,0.28
ENG-Premier League,2324,Luton Town,Alfie Doughty,ENG,"MF,DF",23.0,37,34,2925,2,8,10,2,0.06,0.25,0.31
ENG-Premier League,2324,Luton Town,Andros Townsend,ENG,"MF,FW",32.0,27,14,1210,1,3,4,1,0.07,0.22,0.3
ENG-Premier League,2324,Luton Town,Carlton Morris,ENG,"FW,MF",27.0,38,32,2862,11,4,15,6,0.35,0.13,0.47
ENG-Premier League,2324,Luton Town,Chiedozie Ogbene,IRL,MF,26.0,30,20,1995,4,1,5,4,0.18,0.05,0.23
ENG-Premier League,2324,Luton Town,Elijah Adebayo,ENG,FW,25.0,27,16,1419,10,0,10,10,0.63,0.0,0.63
ENG-Premier League,2324,Luton Town,Issa Kaboré,BFA,"MF,DF",22.0,24,21,1729,0,2,2,0,0.0,0.1,0.1
ENG-Premier League,2324,Luton Town,Jacob Brown,SCO,"MF,FW",25.0,19,12,1019,2,0,2,2,0.18,0.0,0.18
ENG-Premier League,2324,Luton Town,Jordan Clark,ENG,MF,29.0,23,14,1304,1,1,2,1,0.07,0.07,0.14
ENG-Premier League,2324,Luton Town,Marvelous Nakamba,ZIM,MF,29.0,13,13,1130,0,0,0,0,0.0,0.0,0.0
ENG-Premier League,2324,Luton Town,Pelly Ruddock Mpanzu,COD,MF,30.0,27,11,1101,0,0,0,0,0.0,0.0,0.0
ENG-Premier League,2324,Luton Town,Ross Barkley,ENG,MF,29.0,32,30,2618,5,4,9,5,0.17,0.14,0.31
ENG-Premier League,2324,Luton Town,Tahith Chong,CUW,"MF,FW",23.0,33,20,1982,4,0,4,4,0.18,0.0,0.18
ENG-Premier League,2324,Manchester City,Bernardo Silva,POR,MF,28.0,33,29,2578,6,9,15,6,0.21,0.31,0.52
ENG-Premier League,2324,Manchester City,Erling Haaland,NOR,"FW,MF",23.0,31,29,2552,27,5,32,20,0.95,0.18,1.13
ENG-Premier League,2324,Manchester City,Jack Grealish,ENG,"MF,FW",27.0,20,10,1009,3,1,4,3,0.27,0.09,0.36
ENG-Premier League,2324,Manchester City,Jeremy Doku,BEL,"MF,FW",21.0,29,18,1595,3,8,11,3,0.17,0.45,0.62
ENG-Premier League,2324,Manchester City,Julián Álvarez,ARG,"MF,FW",23.0,36,31,2647,11,8,19,9,0.37,0.27,0.65
ENG-Premier League,2324,Manchester City,Kevin De Bruyne,BEL,MF,32.0,18,15,1221,4,10,14,4,0.29,0.74,1.03
ENG-Premier League,2324,Manchester City,Kyle Walker,ENG,"DF,MF",33.0,32,30,2767,0,4,4,0,0.0,0.13,0.13
ENG-Premier League,2324,Manchester City,Manuel Akanji,SUI,"DF,MF",28.0,30,28,2511,2,0,2,2,0.07,0.0,0.07
ENG-Premier League,2324,Manchester City,Mateo Kovačić,CRO,MF,29.0,30,16,1551,1,0,1,1,0.06,0.0,0.06
ENG-Premier League,2324,Manchester City,Phil Foden,ENG,MF,23.0,35,33,2857,19,8,27,19,0.6,0.25,0.85
ENG-Premier League,2324,Manchester City,Rodri,ESP,"MF,DF",27.0,34,34,2931,8,9,17,8,0.25,0.28,0.52
ENG-Premier League,2324,Manchester City,Rúben Dias,POR,"DF,MF",26.0,30,28,2559,0,0,0,0,0.0,0.0,0.0
ENG-Premier League,2324,Manchester Utd,Alejandro Garnacho,ARG,MF,19.0,36,30,2565,7,4,11,7,0.25,0.14,0.39
ENG-Premier League,2324,Manchester Utd,Antony,BRA,MF,23.0,29,15,1324,1,1,2,1,0.07,0.07,0.14
ENG-Premier League,2324,Manchester Utd,Bruno Fernandes,POR,MF,28.0,35,35,3118,10,8,18,6,0.29,0.23,0.52
ENG-Premier League,2324,Manchester Utd,Casemiro,BRA,"MF,DF",31.0,25,24,1982,1,2,3,1,0.05,0.09,0.14
ENG-Premier League,2324,Manchester Utd,Christian Eriksen,DEN,MF,31.0,22,12,1141,1,2,3,1,0.08,0.16,0.24
ENG-Premier League,2324,Manchester Utd,Kobbie Mainoo,ENG,MF,18.0,24,24,1924,3,1,4,3,0.14,0.05,0.19
ENG-Premier League,2324,Manchester Utd,Marcus Rashford,ENG,"MF,FW",25.0,33,26,2271,7,2,9,5,0.28,0.08,0.36
ENG-Premier League,2324,Manchester Utd,Rasmus Højlund,DEN,FW,20.0,30,25,2158,10,2,12,10,0.42,0.08,0.5
ENG-Premier League,2324,Manchester Utd,Scott McTominay,SCO,"MF,FW",26.0,32,18,1901,7,1,8,7,0.33,0.05,0.38
ENG-Premier League,2324,Manchester Utd,Sofyan Amrabat,MAR,"MF,DF",26.0,21,10,938,0,0,0,0,0.0,0.0,0.0
ENG-Premier League,2324,Newcastle,Alexander Isak,SWE,FW,23.0,30,27,2255,21,2,23,16,0.84,0.08,0.92
ENG-Premier League,2324,Newcastle,Anthony Gordon,ENG,FW,22.0,35,34,2890,11,10,21,10,0.34,0.31,0.65
ENG-Premier League,2324,Newcastle,Bruno Guimarães,BRA,MF,25.0,37,37,3263,7,8,15,7,0.19,0.22,0.41
ENG-Premier League,2324,Newcastle,Callum Wilson,ENG,FW,31.0,20,9,991,9,1,10,7,0.82,0.09,0.91
ENG-Premier League,2324,Newcastle,Elliot Anderson,ENG,"MF,FW",20.0,21,10,1027,0,2,2,0,0.0,0.18,0.18
ENG-Premier League,2324,Newcastle,Jacob Murphy,ENG,"FW,MF",28.0,21,14,1189,3,7,10,3,0.23,0.53,0.76
ENG-Premier League,2324,Newcastle,Joelinton,BRA,"MF,FW",26.0,20,15,1279,2,1,3,2,0.14,0.07,0.21
ENG-Premier League,2324,Newcastle,Lewis Miley,ENG,MF,17.0,17,14,1202,1,3,4,1,0.07,0.22,0.3
ENG-Premier League,2324,Newcastle,Miguel Almirón,PAR,FW,29.0,33,23,1937,3,1,4,3,0.14,0.05,0.19
ENG-Premier League,2324,Newcastle,Sean Longstaff,ENG,MF,25.0,35,30,2747,6,2,8,6,0.2,0.07,0.26
ENG-Premier League,2324,Nottingham,Anthony Elanga,SWE,"MF,FW",21.0,36,25,2433,5,9,14,5,0.18,0.33,0.52
ENG-Premier League,2324,Nottingham,Callum Hudson-Odoi,ENG,"MF,FW",22.0,29,20,1854,8,1,9,8,0.39,0.05,0.44
ENG-Premier League,2324,Nottingham,Chris Wood,NZL,FW,31.0,31,20,1812,14,1,15,14,0.7,0.05,0.75
ENG-Premier League,2324,Nottingham,Danilo Santos,BRA,MF,22.0,29,20,1792,2,2,4,2,0.1,0.1,0.2
ENG-Premier League,2324,Nottingham,Harry Toffolo,ENG,"DF,MF",27.0,23,15,1459,1,3,4,1,0.06,0.19,0.25
ENG-Premier League,2324,Nottingham,Ibrahim Sangaré,CIV,MF,25.0,17,13,1035,0,0,0,0,0.0,0.0,0.0
ENG-Premier League,2324,Nottingham,Morgan Gibbs-White,ENG,"MF,FW",23.0,37,35,3156,5,10,15,4,0.14,0.29,0.43
ENG-Premier League,2324,Nottingham,Neco Williams,WAL,"DF,MF",22.0,26,18,1637,0,1,1,0,0.0,0.05,0.05
ENG-Premier League,2324,Nottingham,Nicolás Domínguez,ARG,MF,25.0,26,19,1495,2,2,4,2,0.12,0.12,0.24
ENG-Premier League,2324,Nottingham,Ola Aina,NGA,"DF,MF",26.0,22,20,1692,1,1,2,1,0.05,0.05,0.11
ENG-Premier League,2324,Nottingham,Orel Mangala,BEL,MF,25.0,20,19,1563,1,0,1,1,0.06,0.0,0.06
ENG-Premier League,2324,Nottingham,Ryan Yates,ENG,MF,25.0,35,21,1992,1,1,2,1,0.05,0.05,0.09
ENG-Premier League,2324,Nottingham,Taiwo Awoniyi,NGA,FW,25.0,20,12,1042,6,3,9,6,0.52,0.26,0.78
ENG-Premier League,2324,Sheffield United,Andre Brooks,JAM,MF,19.0,20,12,938,0,0,0,0,0.0,0.0,0.0
ENG-Premier League,2324,Sheffield United,Ben Brereton,CHI,"FW,MF",24.0,14,14,1105,6,1,7,5,0.49,0.08,0.57
ENG-Premier League,2324,Sheffield United,Ben Osborn,ENG,MF,28.0,24,14,1367,0,2,2,0,0.0,0.13,0.13
ENG-Premier League,2324,Sheffield United,Cameron Archer,ENG,"FW,MF",22.0,29,21,1832,4,1,5,4,0.2,0.05,0.25
ENG-Premier League,2324,Sheffield United,George Baldock,GRE,"DF,MF",30.0,13,11,969,0,1,1,0,0.0,0.09,0.09
ENG-Premier League,2324,Sheffield United,Gustavo Hamer,NED,MF,26.0,36,34,2910,4,6,10,4,0.12,0.19,0.31
ENG-Premier League,2324,Sheffield United,James Mcatee,ENG,"MF,FW",20.0,30,20,1822,3,3,6,2,0.15,0.15,0.3
ENG-Premier League,2324,Sheffield United,Jayden Bogle,ENG,"MF,DF",23.0,34,32,2788,3,0,3,3,0.1,0.0,0.1
ENG-Premier League,2324,Sheffield United,Luke Thomas,ENG,"MF,DF",22.0,12,11,917,0,0,0,0,0.0,0.0,0.0
ENG-Premier League,2324,Sheffield United,Oliver Arblaster,ENG,MF,19.0,12,11,943,0,0,0,0,0.0,0.0,0.0
ENG-Premier League,2324,Sheffield United,Oliver McBurnie,SCO,FW,27.0,21,15,1280,6,3,9,4,0.42,0.21,0.63
ENG-Premier League,2324,Sheffield United,Oliver Norwood,NIR,MF,32.0,27,16,1440,1,0,1,0,0.06,0.0,0.06
ENG-Premier League,2324,Sheffield United,Vinicius Souza,BRA,MF,24.0,36,29,2668,1,0,1,1,0.03,0.0,0.03
ENG-Premier League,2324,Tottenham,Brennan Johnson,WAL,"MF,FW",22.0,32,23,2085,5,10,15,5,0.22,0.43,0.65
ENG-Premier League,2324,Tottenham,Dejan Kulusevski,SWE,"MF,FW",23.0,36,31,2762,8,3,11,8,0.26,0.1,0.36
ENG-Premier League,2324,Tottenham,James Maddison,ENG,MF,26.0,28,26,2135,4,9,13,4,0.17,0.38,0.55
ENG-Premier League,2324,Tottenham,Pape Matar Sarr,SEN,MF,20.0,34,27,2069,3,3,6,3,0.13,0.13,0.26
ENG-Premier League,2324,Tottenham,Pierre Højbjerg,DEN,MF,27.0,36,8,1311,0,0,0,0,0.0,0.0,0.0
ENG-Premier League,2324,Tottenham,Richarlison,BRA,"FW,MF",26.0,28,18,1491,11,4,15,11,0.66,0.24,0.91
ENG-Premier League,2324,Tottenham,Rodrigo Bentancur,URU,MF,26.0,23,13,1005,1,1,2,1,0.09,0.09,0.18
ENG-Premier League,2324,Tottenham,Son Heung-min,KOR,"FW,MF",31.0,35,34,2934,17,10,27,15,0.52,0.31,0.83
ENG-Premier League,2324,Tottenham,Yves Bissouma,MLI,MF,26.0,28,26,2068,0,0,0,0,0.0,0.0,0.0
ENG-Premier League,2324,West Ham,Edson Álvarez,MEX,MF,25.0,31,28,2377,1,1,2,1,0.04,0.04,0.08
ENG-Premier League,2324,West Ham,James Ward-Prowse,ENG,MF,28.0,37,34,3001,7,7,14,5,0.21,0.21,0.42
ENG-Premier League,2324,West Ham,Jarrod Bowen,ENG,"MF,FW",26.0,34,34,3019,16,6,22,16,0.48,0.18,0.66
ENG-Premier League,2324,West Ham,Lucas Paquetá,BRA,MF,25.0,31,31,2622,4,6,10,2,0.14,0.21,0.34
ENG-Premier League,2324,West Ham,Michail Antonio,JAM,FW,33.0,26,21,1695,6,2,8,6,0.32,0.11,0.42
ENG-Premier League,2324,West Ham,Mohammed Kudus,GHA,MF,22.0,33,27,2484,8,6,14,8,0.29,0.22,0.51
ENG-Premier League,2324,West Ham,Tomáš Souček,CZE,MF,28.0,37,34,2870,7,2,9,7,0.22,0.06,0.28
ENG-Premier League,2324,Wolves,Hwang Hee-chan,KOR,"FW,MF",27.0,29,25,2119,12,3,15,11,0.51,0.13,0.64
ENG-Premier League,2324,Wolves,Jean-Ricner Bellegarde,HAI,"MF,FW",25.0,22,10,958,2,1,3,2,0.19,0.09,0.28
ENG-Premier League,2324,Wolves,João Gomes,BRA,MF,22.0,34,32,2649,2,1,3,2,0.07,0.03,0.1
ENG-Premier League,2324,Wolves,Mario Lemina,GAB,MF,29.0,35,34,2968,4,1,5,4,0.12,0.03,0.15
ENG-Premier League,2324,Wolves,Matheus Cunha,BRA,"FW,MF",24.0,32,29,2440,12,7,19,11,0.44,0.26,0.7
ENG-Premier League,2324,Wolves,Matt Doherty,IRL,"MF,DF",31.0,30,9,1150,1,0,1,1,0.08,0.0,0.08
ENG-Premier League,2324,Wolves,Nélson Semedo,POR,"MF,DF",29.0,36,36,3084,0,1,1,0,0.0,0.03,0.03
ENG-Premier League,2324,Wolves,Pablo Sarabia,ESP,"MF,FW",31.0,30,20,1745,4,7,11,2,0.21,0.36,0.57
ENG-Premier League,2324,Wolves,Pedro Neto,POR,"MF,FW",23.0,20,18,1516,2,9,11,2,0.12,0.53,0.65
ENG-Premier League,2324,Wolves,Rayan Aït-Nouri,ALG,"MF,DF",22.0,33,29,2329,2,1,3,2,0.08,0.04,0.12
ENG-Premier League,2324,Wolves,Tommy Doyle,ENG,MF,21.0,26,11,1222,0,0,0,0,0.0,0.0,0.0
ENG-Premier League,2425,Arsenal,Bukayo Saka,ENG,"FW,MF",22.0,25,20,1729,6,10,16,5,0.31,0.52,0.83
ENG-Premier League,2425,Arsenal,Declan Rice,ENG,MF,25.0,35,33,2825,4,7,11,4,0.13,0.22,0.35
ENG-Premier League,2425,Arsenal,Gabriel Martinelli,BRA,"FW,MF",23.0,33,25,2290,8,4,12,8,0.31,0.16,0.47
ENG-Premier League,2425,Arsenal,Kai Havertz,GER,FW,25.0,23,21,1875,9,3,12,9,0.43,0.14,0.58
ENG-Premier League,2425,Arsenal,Leandro Trossard,BEL,FW,29.0,38,28,2546,8,7,15,8,0.28,0.25,0.53
ENG-Premier League,2425,Arsenal,Martin Ødegaard,NOR,MF,25.0,30,26,2325,3,8,11,2,0.12,0.31,0.43
ENG-Premier League,2425,Arsenal,Mikel Merino,ESP,"MF,FW",28.0,28,17,1586,7,2,9,7,0.4,0.11,0.51
ENG-Premier League,2425,Arsenal,Thomas Partey,GHA,"MF,DF",31.0,35,31,2797,4,2,6,4,0.13,0.06,0.19
ENG-Premier League,2425,Aston Villa,Amadou Onana,BEL,MF,22.0,26,20,1617,3,0,3,3,0.17,0.0,0.17
ENG-Premier League,2425,Aston Villa,Boubacar Kamara,FRA,"MF,DF",24.0,26,20,1726,1,0,1,1,0.05,0.0,0.05
ENG-Premier League,2425,Aston Villa,Jacob Ramsey,ENG,MF,23.0,29,19,1623,1,3,4,1,0.06,0.17,0.22
ENG-Premier League,2425,Aston Villa,John McGinn,SCO,MF,29.0,34,27,2223,1,4,5,1,0.04,0.16,0.2
ENG-Premier League,2425,Aston Villa,Leon Bailey,JAM,MF,26.0,24,14,1139,1,2,3,1,0.08,0.16,0.24
ENG-Premier League,2425,Aston Villa,Morgan Rogers,ENG,MF,22.0,37,37,3114,8,10,18,8,0.23,0.29,0.52
ENG-Premier League,2425,Aston Villa,Ollie Watkins,ENG,FW,28.0,38,31,2598,16,8,24,14,0.55,0.28,0.83
ENG-Premier League,2425,Aston Villa,Youri Tielemans,BEL,MF,27.0,36,35,3026,3,7,10,3,0.09,0.21,0.3
ENG-Premier League,2425,Bournemouth,Antoine Semenyo,GHA,MF,24.0,37,36,3203,11,5,16,11,0.31,0.14,0.45
ENG-Premier League,2425,Bournemouth,Dango Ouattara,BFA,"MF,FW",22.0,32,21,2005,7,4,11,7,0.31,0.18,0.49
ENG-Premier League,2425,Bournemouth,David Brooks,WAL,MF,27.0,29,9,960,2,0,2,2,0.19,0.0,0.19
ENG-Premier League,2425,Bournemouth,Evanilson,BRA,FW,24.0,31,28,2319,10,1,11,10,0.39,0.04,0.43
ENG-Premier League,2425,Bournemouth,Justin Kluivert,NED,MF,25.0,34,29,2340,12,6,18,6,0.46,0.23,0.69
ENG-Premier League,2425,Bournemouth,Lewis Cook,ENG,"MF,DF",27.0,36,32,2978,1,3,4,1,0.03,0.09,0.12
ENG-Premier League,2425,Bournemouth,Marcus Tavernier,ENG,MF,25.0,29,20,1939,3,5,8,3,0.14,0.23,0.37
ENG-Premier League,2425,Bournemouth,Ryan Christie,SCO,MF,29.0,29,27,2117,2,3,5,2,0.09,0.13,0.21
ENG-Premier League,2425,Bournemouth,Tyler Adams,USA,MF,25.0,28,21,1965,0,3,3,0,0.0,0.14,0.14
ENG-Premier League,2425,Brentford,Bryan Mbeumo,CMR,"MF,FW",24.0,38,38,3414,20,7,27,15,0.53,0.18,0.71
ENG-Premier League,2425,Brentford,Christian Nørgaard,DEN,MF,30.0,34,34,2819,5,4,9,5,0.16,0.13,0.29
ENG-Premier League,2425,Brentford,Keane Lewis-Potter,ENG,"DF,MF",23.0,38,36,3093,1,3,4,1,0.03,0.09,0.12
ENG-Premier League,2425,Brentford,Kevin Schade,GER,"MF,FW",22.0,38,26,2293,11,2,13,11,0.43,0.08,0.51
ENG-Premier League,2425,Brentford,Mikkel Damsgaard,DEN,MF,24.0,38,34,2911,2,10,12,2,0.06,0.31,0.37
ENG-Premier League,2425,Brentford,Vitaly Janelt,GER,MF,26.0,32,27,2254,1,3,4,1,0.04,0.12,0.16
ENG-Premier League,2425,Brentford,Yehor Yarmoliuk,UKR,MF,20.0,31,15,1450,0,0,0,0,0.0,0.0,0.0
ENG-Premier League,2425,Brentford,Yoane Wissa,COD,FW,27.0,35,34,2919,19,4,23,19,0.59,0.12,0.71
ENG-Premier League,2425,Brighton,Carlos Baleba,CMR,MF,20.0,34,31,2661,3,1,4,3,0.1,0.03,0.14
ENG-Premier League,2425,Brighton,Danny Welbeck,ENG,FW,33.0,30,24,2115,10,4,14,9,0.43,0.17,0.6
ENG-Premier League,2425,Brighton,Georginio Rutter,FRA,"MF,FW",22.0,28,19,1656,5,3,8,5,0.27,0.16,0.43
ENG-Premier League,2425,Brighton,Jack Hinshelwood,ENG,"MF,DF",19.0,26,22,1842,5,2,7,5,0.24,0.1,0.34
ENG-Premier League,2425,Brighton,João Pedro,BRA,"FW,MF",22.0,27,23,1948,10,6,16,5,0.46,0.28,0.74
ENG-Premier League,2425,Brighton,Kaoru Mitoma,JPN,MF,27.0,36,28,2603,10,4,14,10,0.35,0.14,0.48
ENG-Premier League,2425,Brighton,Mats Wieffer,NED,"DF,MF",24.0,25,10,1015,1,3,4,1,0.09,0.27,0.35
ENG-Premier League,2425,Brighton,Matt O'Riley,DEN,MF,23.0,21,11,938,2,2,4,1,0.19,0.19,0.38
ENG-Premier League,2425,Brighton,Simon Adingra,CIV,MF,22.0,29,12,1097,2,2,4,2,0.16,0.16,0.33
ENG-Premier League,2425,Brighton,Yankuba Minteh,GAM,MF,20.0,32,20,1838,6,4,10,6,0.29,0.2,0.49
ENG-Premier League,2425,Brighton,Yasin Ayari,SWE,MF,20.0,34,22,1965,2,1,3,2,0.09,0.05,0.14
ENG-Premier League,2425,Chelsea,Christopher Nkunku,FRA,"MF,FW",26.0,27,9,921,3,2,5,3,0.29,0.2,0.49
ENG-Premier League,2425,Chelsea,Cole Palmer,ENG,MF,22.0,37,36,3191,15,8,23,11,0.42,0.23,0.65
ENG-Premier League,2425,Chelsea,Enzo Fernández,ARG,MF,23.0,36,32,2947,6,7,13,6,0.18,0.21,0.4
ENG-Premier League,2425,Chelsea,Jadon Sancho,ENG,MF,24.0,31,19,1764,3,4,7,3,0.15,0.2,0.36
ENG-Premier League,2425,Chelsea,Moisés Caicedo,ECU,"MF,DF",22.0,38,38,3351,1,2,3,1,0.03,0.05,0.08
ENG-Premier League,2425,Chelsea,Nicolas Jackson,SEN,FW,23.0,30,28,2220,10,5,15,10,0.41,0.2,0.61
ENG-Premier League,2425,Chelsea,Noni Madueke,ENG,MF,22.0,32,27,2033,7,3,10,7,0.31,0.13,0.44
ENG-Premier League,2425,Chelsea,Pedro Neto,POR,"MF,FW",24.0,35,24,2269,4,6,10,4,0.16,0.24,0.4
ENG-Premier League,2425,Chelsea,Reece James,ENG,"DF,MF",24.0,19,12,1063,1,1,2,1,0.08,0.08,0.17
ENG-Premier League,2425,Crystal Palace,Adam Wharton,ENG,MF,20.0,20,16,1318,0,2,2,0,0.0,0.14,0.14
ENG-Premier League,2425,Crystal Palace,Daichi Kamada,JPN,MF,27.0,34,15,1564,0,0,0,0,0.0,0.0,0.0
ENG-Premier League,2425,Crystal Palace,Daniel Muñoz,COL,MF,28.0,37,37,3228,4,5,9,4,0.11,0.14,0.25
ENG-Premier League,2425,Crystal Palace,Eberechi Eze,ENG,MF,26.0,34,31,2588,8,8,16,7,0.28,0.28,0.56
ENG-Premier League,2425,Crystal Palace,Eddie Nketiah,ENG,"FW,MF",25.0,29,9,1034,3,1,4,3,0.26,0.09,0.35
ENG-Premier League,2425,Crystal Palace,Ismaila Sarr,SEN,MF,26.0,38,30,2711,8,6,14,8,0.27,0.2,0.46
ENG-Premier League,2425,Crystal Palace,Jean-Philippe Mateta,FRA,FW,27.0,37,33,2648,14,2,16,12,0.48,0.07,0.54
ENG-Premier League,2425,Crystal Palace,Jefferson Lerma,COL,"MF,DF",29.0,33,26,2274,0,1,1,0,0.0,0.04,0.04
ENG-Premier League,2425,Crystal Palace,Tyrick Mitchell,ENG,MF,24.0,37,37,3092,0,5,5,0,0.0,0.15,0.15
ENG-Premier League,2425,Crystal Palace,Will Hughes,ENG,MF,29.0,33,24,2108,0,3,3,0,0.0,0.13,0.13
ENG-Premier League,2425,Everton,Abdoulaye Doucouré,MLI,MF,31.0,33,31,2564,3,2,5,3,0.11,0.07,0.18
ENG-Premier League,2425,Everton,Beto,GNB,FW,26.0,30,15,1534,8,0,8,8,0.47,0.0,0.47
ENG-Premier League,2425,Everton,Dominic Calvert-Lewin,ENG,FW,27.0,26,19,1609,3,1,4,3,0.17,0.06,0.22
ENG-Premier League,2425,Everton,Dwight McNeil,ENG,MF,24.0,21,15,1371,4,6,10,4,0.26,0.39,0.66
ENG-Premier League,2425,Everton,Idrissa Gueye,SEN,MF,34.0,37,35,3063,0,3,3,0,0.0,0.09,0.09
ENG-Premier League,2425,Everton,Iliman Ndiaye,SEN,"MF,FW",24.0,33,29,2430,9,0,9,7,0.33,0.0,0.33
ENG-Premier League,2425,Everton,Jack Harrison,ENG,"MF,FW",27.0,34,24,2076,1,0,1,1,0.04,0.0,0.04
ENG-Premier League,2425,Everton,James Garner,ENG,"MF,DF",23.0,21,17,1594,0,1,1,0,0.0,0.06,0.06
ENG-Premier League,2425,Everton,Jesper Lindstrøm,DEN,MF,24.0,25,15,1239,0,1,1,0,0.0,0.07,0.07
ENG-Premier League,2425,Everton,Orel Mangala,BEL,MF,26.0,19,14,1261,1,0,1,1,0.07,0.0,0.07
ENG-Premier League,2425,Fulham,Adama Traoré,ESP,MF,28.0,36,18,1772,2,7,9,2,0.1,0.36,0.46
ENG-Premier League,2425,Fulham,Alex Iwobi,NGA,MF,28.0,38,35,2981,9,6,15,9,0.27,0.18,0.45
ENG-Premier League,2425,Fulham,Andreas Pereira,BRA,MF,28.0,33,25,2013,2,4,6,2,0.09,0.18,0.27
ENG-Premier League,2425,Fulham,Antonee Robinson,USA,"DF,MF",26.0,36,35,3167,0,10,10,0,0.0,0.28,0.28
ENG-Premier League,2425,Fulham,Emile Smith Rowe,ENG,MF,24.0,34,25,2043,6,3,9,6,0.26,0.13,0.4
ENG-Premier League,2425,Fulham,Harry Wilson,WAL,"MF,FW",27.0,25,12,1162,6,1,7,6,0.46,0.08,0.54
ENG-Premier League,2425,Fulham,Raúl Jiménez,MEX,FW,33.0,38,30,2494,12,3,15,9,0.43,0.11,0.54
ENG-Premier League,2425,Fulham,Rodrigo Muniz,BRA,FW,23.0,31,8,964,8,1,9,8,0.75,0.09,0.84
ENG-Premier League,2425,Fulham,Sander Berge,NOR,MF,26.0,31,26,2224,0,0,0,0,0.0,0.0,0.0
ENG-Premier League,2425,Fulham,Saša Lukić,SRB,MF,27.0,30,28,2344,0,2,2,0,0.0,0.08,0.08
ENG-Premier League,2425,Fulham,Timothy Castagne,BEL,"DF,MF",28.0,24,17,1649,0,1,1,0,0.0,0.05,0.05
ENG-Premier League,2425,Ipswich Town,Ben Johnson,ENG,"MF,DF",24.0,23,14,1354,1,2,3,1,0.07,0.13,0.2
ENG-Premier League,2425,Ipswich Town,Jack Clarke,ENG,MF,23.0,32,12,1181,0,4,4,0,0.0,0.3,0.3
ENG-Premier League,2425,Ipswich Town,Jens Cajuste,SWE,MF,24.0,30,25,1959,1,1,2,1,0.05,0.05,0.09
ENG-Premier League,2425,Ipswich Town,Kalvin Phillips,ENG,MF,28.0,19,14,1237,0,0,0,0,0.0,0.0,0.0
ENG-Premier League,2425,Ipswich Town,Liam Delap,ENG,FW,21.0,37,32,2593,12,2,14,10,0.42,0.07,0.49
ENG-Premier League,2425,Ipswich Town,Omari Hutchinson,ENG,MF,20.0,31,30,2583,3,2,5,3,0.1,0.07,0.17
ENG-Premier League,2425,Ipswich Town,Sam Morsy,EGY,MF,32.0,33,31,2751,1,1,2,1,0.03,0.03,0.07
ENG-Premier League,2425,Ipswich Town,Sammie Szmodics,IRL,MF,28.0,20,13,992,4,0,4,4,0.36,0.0,0.36
ENG-Premier League,2425,Ipswich Town,Wes Burns,WAL,MF,29.0,18,12,926,0,1,1,0,0.0,0.1,0.1
ENG-Premier League,2425,Leicester City,Bilal El Khannouss,MAR,MF,20.0,32,27,2182,2,3,5,2,0.08,0.12,0.21
ENG-Premier League,2425,Leicester City,Boubakary Soumaré,FRA,MF,25.0,31,25,2171,0,0,0,0,0.0,0.0,0.0
ENG-Premier League,2425,Leicester City,Facundo Buonanotte,ARG,"MF,FW",19.0,31,14,1523,5,2,7,5,0.3,0.12,0.41
ENG-Premier League,2425,Leicester City,Harry Winks,ENG,MF,28.0,22,17,1538,0,2,2,0,0.0,0.12,0.12
ENG-Premier League,2425,Leicester City,James Justin,ENG,"DF,MF",26.0,36,34,2912,2,2,4,2,0.06,0.06,0.12
ENG-Premier League,2425,Leicester City,Jamie Vardy,ENG,FW,37.0,35,35,2823,9,4,13,8,0.29,0.13,0.41
ENG-Premier League,2425,Leicester City,Jordan Ayew,GHA,MF,32.0,30,19,1638,5,0,5,4,0.27,0.0,0.27
ENG-Premier League,2425,Leicester City,Oliver Skipp,ENG,MF,23.0,24,10,1129,0,0,0,0,0.0,0.0,0.0
ENG-Premier League,2425,Leicester City,Stephy Mavididi,ENG,MF,26.0,30,16,1615,4,1,5,4,0.22,0.06,0.28
ENG-Premier League,2425,Leicester City,Victor Bernth Kristiansen,DEN,"DF,MF",21.0,30,29,2482,0,1,1,0,0.0,0.04,0.04
ENG-Premier League,2425,Leicester City,Wilfred Ndidi,NGA,MF,27.0,28,28,2324,0,5,5,0,0.0,0.19,0.19
ENG-Premier League,2425,Liverpool,Alexis Mac Allister,ARG,MF,25.0,35,30,2599,5,5,10,5,0.17,0.17,0.35
ENG-Premier League,2425,Liverpool,Cody Gakpo,NED,MF,25.0,35,23,1935,10,4,14,10,0.47,0.19,0.65
ENG-Premier League,2425,Liverpool,Curtis Jones,ENG,"MF,DF",23.0,33,19,1712,3,3,6,3,0.16,0.16,0.32
ENG-Premier League,2425,Liverpool,Darwin Núñez,URU,FW,25.0,30,8,1133,5,2,7,5,0.4,0.16,0.56
ENG-Premier League,2425,Liverpool,Diogo Jota,POR,FW,27.0,26,14,1196,6,3,9,6,0.45,0.23,0.68
ENG-Premier League,2425,Liverpool,Dominik Szoboszlai,HUN,MF,23.0,36,29,2491,6,6,12,6,0.22,0.22,0.43
ENG-Premier League,2425,Liverpool,Luis Díaz,COL,"FW,MF",27.0,36,28,2399,13,5,18,13,0.49,0.19,0.68
ENG-Premier League,2425,Liverpool,Mohamed Salah,EGY,MF,32.0,38,38,3371,29,18,47,20,0.77,0.48,1.25
ENG-Premier League,2425,Liverpool,Ryan Gravenberch,NED,MF,22.0,37,37,3160,0,4,4,0,0.0,0.11,0.11
ENG-Premier League,2425,Manchester City,Bernardo Silva,POR,MF,29.0,33,29,2670,4,4,8,4,0.13,0.13,0.27
ENG-Premier League,2425,Manchester City,Erling Haaland,NOR,FW,24.0,31,31,2736,22,3,25,19,0.72,0.1,0.82
ENG-Premier League,2425,Manchester City,Jeremy Doku,BEL,"MF,FW",22.0,29,16,1516,3,6,9,3,0.18,0.36,0.53
ENG-Premier League,2425,Manchester City,Kevin De Bruyne,BEL,"MF,FW",33.0,28,19,1702,4,7,11,4,0.21,0.37,0.58
ENG-Premier League,2425,Manchester City,Manuel Akanji,SUI,"DF,MF",29.0,26,23,2014,0,0,0,0,0.0,0.0,0.0
ENG-Premier League,2425,Manchester City,Mateo Kovačić,CRO,"MF,DF",30.0,31,25,2198,6,2,8,6,0.25,0.08,0.33
ENG-Premier League,2425,Manchester City,Matheus Nunes,POR,"DF,MF",25.0,26,19,1674,1,6,7,1,0.05,0.32,0.38
ENG-Premier League,2425,Manchester City,Omar Marmoush,EGY,"MF,FW",25.0,16,14,1175,7,0,7,7,0.54,0.0,0.54
ENG-Premier League,2425,Manchester City,Phil Foden,ENG,"MF,FW",24.0,28,20,1777,7,2,9,7,0.35,0.1,0.46
ENG-Premier League,2425,Manchester City,Rico Lewis,ENG,"DF,MF",19.0,28,21,1893,1,2,3,1,0.05,0.1,0.14
ENG-Premier League,2425,Manchester City,Rúben Dias,POR,"DF,MF",27.0,27,25,2271,0,0,0,0,0.0,0.0,0.0
ENG-Premier League,2425,Manchester City,Sávio,BRA,"MF,FW",20.0,29,21,1766,1,8,9,1,0.05,0.41,0.46
ENG-Premier League,2425,Manchester City,İlkay Gündoğan,GER,MF,33.0,33,25,2223,1,6,7,1,0.04,0.24,0.28
ENG-Premier League,2425,Manchester Utd,Alejandro Garnacho,ARG,MF,20.0,36,23,2199,6,2,8,6,0.25,0.08,0.33
ENG-Premier League,2425,Manchester Utd,Amad Diallo,CIV,"MF,FW",22.0,26,20,1901,8,6,14,8,0.38,0.28,0.66
ENG-Premier League,2425,Manchester Utd,Bruno Fernandes,POR,MF,29.0,36,35,3018,8,10,18,5,0.24,0.3,0.54
ENG-Premier League,2425,Manchester Utd,Casemiro,BRA,MF,32.0,24,18,1494,1,0,1,1,0.06,0.0,0.06
ENG-Premier League,2425,Manchester Utd,Christian Eriksen,DEN,MF,32.0,23,11,1061,1,2,3,0,0.08,0.17,0.25
ENG-Premier League,2425,Manchester Utd,Diogo Dalot,POR,"MF,DF",25.0,33,31,2814,0,3,3,0,0.0,0.1,0.1
ENG-Premier League,2425,Manchester Utd,Joshua Zirkzee,NED,"FW,MF",23.0,32,14,1402,3,1,4,3,0.19,0.06,0.26
ENG-Premier League,2425,Manchester Utd,Kobbie Mainoo,ENG,MF,19.0,25,19,1651,0,0,0,0,0.0,0.0,0.0
ENG-Premier League,2425,Manchester Utd,Manuel Ugarte,URU,MF,23.0,29,22,1785,1,2,3,1,0.05,0.1,0.15
ENG-Premier League,2425,Manchester Utd,Marcus Rashford,ENG,MF,26.0,15,12,978,4,1,5,4,0.37,0.09,0.46
ENG-Premier League,2425,Manchester Utd,Noussair Mazraoui,MAR,"DF,MF",26.0,37,34,2838,0,1,1,0,0.0,0.03,0.03
ENG-Premier League,2425,Manchester Utd,Rasmus Højlund,DEN,FW,21.0,32,23,2004,4,0,4,4,0.18,0.0,0.18
ENG-Premier League,2425,Newcastle,Alexander Isak,SWE,FW,24.0,34,34,2756,23,6,29,19,0.75,0.2,0.95
ENG-Premier League,2425,Newcastle,Anthony Gordon,ENG,"FW,MF",23.0,34,28,2434,6,5,11,5,0.22,0.18,0.41
ENG-Premier League,2425,Newcastle,Bruno Guimarães,BRA,MF,26.0,38,38,3271,5,6,11,5,0.14,0.17,0.3
ENG-Premier League,2425,Newcastle,Harvey Barnes,ENG,"FW,MF",26.0,33,17,1755,9,4,13,9,0.46,0.21,0.67
ENG-Premier League,2425,Newcastle,Jacob Murphy,ENG,"FW,MF",29.0,35,31,2360,8,12,20,8,0.31,0.46,0.76
ENG-Premier League,2425,Newcastle,Joe Willock,ENG,MF,24.0,32,11,1086,0,2,2,0,0.0,0.17,0.17
ENG-Premier League,2425,Newcastle,Joelinton,BRA,"MF,FW",27.0,29,29,2393,4,3,7,4,0.15,0.11,0.26
ENG-Premier League,2425,Newcastle,Sandro Tonali,ITA,MF,24.0,36,28,2630,4,2,6,4,0.14,0.07,0.21
ENG-Premier League,2425,Nottingham,Anthony Elanga,SWE,"MF,FW",22.0,38,31,2501,6,11,17,6,0.22,0.4,0.61
ENG-Premier League,2425,Nottingham,Callum Hudson-Odoi,ENG,MF,23.0,31,25,2194,5,2,7,5,0.21,0.08,0.29
ENG-Premier League,2425,Nottingham,Chris Wood,NZL,FW,32.0,36,35,2959,20,3,23,17,0.61,0.09,0.7
ENG-Premier League,2425,Nottingham,Elliot Anderson,ENG,MF,21.0,37,33,2728,2,6,8,2,0.07,0.2,0.26
ENG-Premier League,2425,Nottingham,Morgan Gibbs-White,ENG,MF,24.0,34,34,2803,7,8,15,7,0.22,0.26,0.48
ENG-Premier League,2425,Nottingham,Neco Williams,WAL,"DF,MF",23.0,35,28,2594,1,3,4,1,0.03,0.1,0.14
ENG-Premier League,2425,Nottingham,Nicolás Domínguez,ARG,MF,26.0,34,23,1963,0,1,1,0,0.0,0.05,0.05
ENG-Premier League,2425,Nottingham,Ryan Yates,ENG,MF,26.0,35,18,1915,2,1,3,2,0.09,0.05,0.14
ENG-Premier League,2425,Southampton,Adam Armstrong,ENG,"FW,MF",27.0,20,15,1248,2,2,4,2,0.14,0.14,0.29
ENG-Premier League,2425,Southampton,Cameron Archer,ENG,FW,23.0,35,13,1441,2,0,2,2,0.12,0.0,0.12
ENG-Premier League,2425,Southampton,Flynn Downes,ENG,MF,25.0,27,25,2151,1,0,1,1,0.04,0.0,0.04
ENG-Premier League,2425,Southampton,James Bree,ENG,"DF,MF",26.0,17,13,1075,0,1,1,0,0.0,0.08,0.08
ENG-Premier League,2425,Southampton,Joe Aribo,NGA,MF,28.0,32,21,2013,3,0,3,3,0.13,0.0,0.13
ENG-Premier League,2425,Southampton,Kamaldeen Sulemana,GHA,"FW,MF",22.0,26,17,1402,1,1,2,1,0.06,0.06,0.13
ENG-Premier League,2425,Southampton,Kyle Walker-Peters,ENG,"MF,DF",27.0,33,33,2918,0,2,2,0,0.0,0.06,0.06
ENG-Premier League,2425,Southampton,Lesley Ugochukwu,FRA,MF,20.0,26,18,1655,1,1,2,1,0.05,0.05,0.11
ENG-Premier League,2425,Southampton,Mateus Fernandes,POR,MF,20.0,36,34,2909,2,4,6,2,0.06,0.12,0.19
ENG-Premier League,2425,Southampton,Paul Onuachu,NGA,FW,30.0,25,11,1050,4,1,5,4,0.34,0.09,0.43
ENG-Premier League,2425,Southampton,Ryan Manning,IRL,"DF,MF",28.0,24,18,1462,0,1,1,0,0.0,0.06,0.06
ENG-Premier League,2425,Southampton,Tyler Dibling,ENG,"MF,FW",18.0,33,20,1874,2,0,2,2,0.1,0.0,0.1
ENG-Premier League,2425,Southampton,Yukinari Sugawara,JPN,"MF,DF",24.0,30,16,1557,1,1,2,1,0.06,0.06,0.12
ENG-Premier League,2425,Tottenham,Archie Gray,ENG,"DF,MF",18.0,28,19,1751,0,0,0,0,0.0,0.0,0.0
ENG-Premier League,2425,Tottenham,Brennan Johnson,WAL,"FW,MF",23.0,33,24,2177,11,3,14,11,0.45,0.12,0.58
ENG-Premier League,2425,Tottenham,Dejan Kulusevski,SWE,"MF,FW",24.0,32,27,2389,7,4,11,7,0.26,0.15,0.41
ENG-Premier League,2425,Tottenham,Dominic Solanke,ENG,FW,26.0,27,25,2201,9,3,12,8,0.37,0.12,0.49
ENG-Premier League,2425,Tottenham,James Maddison,ENG,MF,27.0,31,21,1809,9,7,16,9,0.45,0.35,0.8
ENG-Premier League,2425,Tottenham,Lucas Bergvall,SWE,MF,18.0,27,11,1212,0,1,1,0,0.0,0.07,0.07
ENG-Premier League,2425,Tottenham,Mathys Tel,FRA,FW,19.0,13,11,911,2,1,3,1,0.2,0.1,0.3
ENG-Premier League,2425,Tottenham,Pape Matar Sarr,SEN,MF,21.0,36,22,1913,3,2,5,3,0.14,0.09,0.24
ENG-Premier League,2425,Tottenham,Rodrigo Bentancur,URU,MF,27.0,26,21,1645,2,0,2,2,0.11,0.0,0.11
ENG-Premier League,2425,Tottenham,Son Heung-min,KOR,"FW,MF",32.0,30,24,2110,7,9,16,6,0.3,0.38,0.68
ENG-Premier League,2425,Tottenham,Yves Bissouma,MLI,MF,27.0,28,16,1408,2,0,2,2,0.13,0.0,0.13
ENG-Premier League,2425,West Ham,Aaron Wan-Bissaka,COD,"DF,MF",26.0,36,35,3154,2,5,7,2,0.06,0.14,0.2
ENG-Premier League,2425,West Ham,Carlos Soler,ESP,MF,27.0,31,14,1409,1,1,2,1,0.06,0.06,0.13
ENG-Premier League,2425,West Ham,Edson Álvarez,MEX,MF,26.0,28,20,1772,0,1,1,0,0.0,0.05,0.05
ENG-Premier League,2425,West Ham,Emerson Palmieri,ITA,"DF,MF",29.0,31,26,2113,2,1,3,2,0.09,0.04,0.13
ENG-Premier League,2425,West Ham,Guido Rodríguez,ARG,MF,30.0,23,16,1149,0,1,1,0,0.0,0.08,0.08
ENG-Premier League,2425,West Ham,James Ward-Prowse,ENG,MF,29.0,15,12,1039,1,1,2,1,0.09,0.09,0.17
ENG-Premier League,2425,West Ham,Jarrod Bowen,ENG,"MF,FW",27.0,34,34,2973,13,8,21,12,0.39,0.24,0.64
ENG-Premier League,2425,West Ham,Lucas Paquetá,BRA,"MF,FW",26.0,33,27,2380,4,0,4,2,0.15,0.0,0.15
ENG-Premier League,2425,West Ham,Mohammed Kudus,GHA,"MF,FW",23.0,32,31,2590,5,3,8,5,0.17,0.1,0.28
ENG-Premier League,2425,West Ham,Tomáš Souček,CZE,MF,29.0,35,30,2567,9,1,10,9,0.32,0.04,0.35
ENG-Premier League,2425,West Ham,Vladimír Coufal,CZE,"DF,MF",31.0,22,11,1067,0,0,0,0,0.0,0.0,0.0
ENG-Premier League,2425,Wolves,André,BRA,MF,23.0,33,31,2472,0,0,0,0,0.0,0.0,0.0
ENG-Premier League,2425,Wolves,Gonçalo Guedes,POR,"MF,FW",27.0,29,10,995,2,4,6,2,0.18,0.36,0.54
ENG-Premier League,2425,Wolves,Jean-Ricner Bellegarde,HAI,MF,26.0,35,20,1677,2,7,9,2,0.11,0.38,0.48
ENG-Premier League,2425,Wolves,João Gomes,BRA,MF,23.0,36,35,2974,3,1,4,3,0.09,0.03,0.12
ENG-Premier League,2425,Wolves,Jørgen Strand Larsen,NOR,FW,24.0,35,30,2587,14,4,18,14,0.49,0.14,0.63
ENG-Premier League,2425,Wolves,Mario Lemina,GAB,"MF,DF",30.0,17,15,1364,1,3,4,1,0.07,0.2,0.26
ENG-Premier League,2425,Wolves,Marshall Munetsi,ZIM,"MF,FW",28.0,14,12,1078,2,1,3,2,0.17,0.08,0.25
ENG-Premier League,2425,Wolves,Matheus Cunha,BRA,MF,25.0,33,29,2597,15,6,21,15,0.52,0.21,0.73
ENG-Premier League,2425,Wolves,Matt Doherty,IRL,"DF,MF",32.0,30,25,2109,2,1,3,2,0.09,0.04,0.13
ENG-Premier League,2425,Wolves,Nélson Semedo,POR,"MF,DF",30.0,34,32,2886,0,4,4,0,0.0,0.12,0.12
ENG-Premier League,2425,Wolves,Rayan Aït-Nouri,ALG,"MF,DF",23.0,37,37,3109,4,7,11,4,0.12,0.2,0.32
ENG-Premier League,2526,Arsenal,Bukayo Saka,ENG,"FW,MF",23.0,31,25,2222,7,5,12,6,0.28,0.2,0.49
ENG-Premier League,2526,Arsenal,Declan Rice,ENG,MF,26.0,36,35,3094,4,5,9,4,0.12,0.15,0.26
ENG-Premier League,2526,Arsenal,Eberechi Eze,ENG,"MF,FW",27.0,32,21,1812,7,2,9,7,0.35,0.1,0.45
ENG-Premier League,2526,Arsenal,Gabriel Martinelli,BRA,"FW,MF",24.0,30,11,1081,1,4,5,1,0.08,0.33,0.42
ENG-Premier League,2526,Arsenal,Leandro Trossard,BEL,"FW,MF",30.0,31,21,2000,6,6,12,6,0.27,0.27,0.54
ENG-Premier League,2526,Arsenal,Martin Ødegaard,NOR,MF,26.0,24,16,1369,1,6,7,1,0.07,0.39,0.46
ENG-Premier League,2526,Arsenal,Martín Zubimendi,ESP,MF,26.0,38,34,2992,5,1,6,5,0.15,0.03,0.18
ENG-Premier League,2526,Arsenal,Mikel Merino,ESP,"MF,FW",29.0,22,10,1036,4,3,7,4,0.35,0.26,0.61
ENG-Premier League,2526,Arsenal,Noni Madueke,ENG,"FW,MF",23.0,26,16,1211,3,1,4,3,0.22,0.07,0.3
ENG-Premier League,2526,Arsenal,Viktor Gyökeres,SWE,FW,27.0,36,26,2224,14,1,15,11,0.57,0.04,0.61
ENG-Premier League,2526,Aston Villa,Amadou Onana,BEL,MF,23.0,25,21,1758,2,0,2,2,0.1,0.0,0.1
ENG-Premier League,2526,Aston Villa,Boubacar Kamara,FRA,MF,25.0,18,17,1411,1,3,4,1,0.06,0.19,0.26
ENG-Premier League,2526,Aston Villa,Emi Buendía,ARG,MF,28.0,36,21,1755,6,2,8,6,0.31,0.1,0.41
ENG-Premier League,2526,Aston Villa,John McGinn,SCO,MF,30.0,30,28,2137,5,4,9,5,0.21,0.17,0.38
ENG-Premier League,2526,Aston Villa,Lamare Bogarde,NED,"MF,DF",21.0,28,11,1053,0,0,0,0,0.0,0.0,0.0
ENG-Premier League,2526,Aston Villa,Morgan Rogers,ENG,MF,23.0,37,37,3280,10,6,16,10,0.27,0.16,0.44
ENG-Premier League,2526,Aston Villa,Ollie Watkins,ENG,FW,29.0,37,33,2839,16,3,19,16,0.51,0.1,0.6
ENG-Premier League,2526,Aston Villa,Victor Lindelöf,SWE,"DF,MF",31.0,17,11,948,0,1,1,0,0.0,0.09,0.09
ENG-Premier League,2526,Aston Villa,Youri Tielemans,BEL,MF,28.0,25,21,1862,0,4,4,0,0.0,0.19,0.19
ENG-Premier League,2526,Bournemouth,Alex Scott,ENG,MF,21.0,37,34,2849,3,1,4,3,0.09,0.03,0.13
ENG-Premier League,2526,Bournemouth,Amine Adli,MAR,MF,25.0,31,10,1094,3,1,4,3,0.25,0.08,0.33
ENG-Premier League,2526,Bournemouth,Antoine Semenyo,GHA,MF,25.0,20,20,1798,10,3,13,9,0.5,0.15,0.65
ENG-Premier League,2526,Bournemouth,David Brooks,WAL,MF,28.0,31,13,1204,1,3,4,1,0.07,0.22,0.3
ENG-Premier League,2526,Bournemouth,Eli Junior Kroupi,FRA,"MF,FW",19.0,33,21,1672,13,0,13,11,0.7,0.0,0.7
ENG-Premier League,2526,Bournemouth,Evanilson,BRA,FW,25.0,36,32,2742,6,1,7,6,0.2,0.03,0.23
ENG-Premier League,2526,Bournemouth,Justin Kluivert,NED,MF,26.0,20,10,952,2,0,2,2,0.19,0.0,0.19
ENG-Premier League,2526,Bournemouth,Marcus Tavernier,ENG,MF,26.0,34,31,2731,7,4,11,5,0.23,0.13,0.36
ENG-Premier League,2526,Bournemouth,Rayan,BRA,MF,18.0,15,13,1111,5,2,7,5,0.41,0.16,0.57
ENG-Premier League,2526,Bournemouth,Ryan Christie,SCO,MF,30.0,26,9,994,2,0,2,2,0.18,0.0,0.18
ENG-Premier League,2526,Bournemouth,Tyler Adams,USA,MF,26.0,25,21,1772,2,2,4,2,0.1,0.1,0.2
ENG-Premier League,2526,Bournemouth,Álex Jiménez,ESP,"DF,MF",20.0,31,26,2317,1,0,1,1,0.04,0.0,0.04
ENG-Premier League,2526,Brentford,Dango Ouattara,BFA,MF,23.0,32,25,2276,7,3,10,7,0.28,0.12,0.4
ENG-Premier League,2526,Brentford,Igor Thiago,BRA,FW,24.0,38,37,3282,22,1,23,14,0.6,0.03,0.63
ENG-Premier League,2526,Brentford,Jordan Henderson,ENG,MF,35.0,32,22,1919,1,3,4,1,0.05,0.14,0.19
ENG-Premier League,2526,Brentford,Keane Lewis-Potter,ENG,"DF,MF",24.0,36,22,1972,3,3,6,3,0.14,0.14,0.27
ENG-Premier League,2526,Brentford,Kevin Schade,GER,"MF,FW",23.0,35,32,2745,8,3,11,8,0.26,0.1,0.36
ENG-Premier League,2526,Brentford,Mathias Jensen,DEN,MF,29.0,36,26,2247,3,1,4,3,0.12,0.04,0.16
ENG-Premier League,2526,Brentford,Mikkel Damsgaard,DEN,MF,25.0,33,24,2054,4,4,8,4,0.18,0.18,0.35
ENG-Premier League,2526,Brentford,Vitaly Janelt,GER,MF,27.0,25,15,1443,1,4,5,1,0.06,0.25,0.31
ENG-Premier League,2526,Brentford,Yehor Yarmoliuk,UKR,MF,21.0,37,30,2659,1,2,3,1,0.03,0.07,0.1
ENG-Premier League,2526,Brighton,Carlos Baleba,CMR,MF,21.0,31,23,1652,0,0,0,0,0.0,0.0,0.0
ENG-Premier League,2526,Brighton,Danny Welbeck,ENG,FW,34.0,37,26,2258,13,1,14,12,0.52,0.04,0.56
ENG-Premier League,2526,Brighton,Diego Gómez,PAR,"MF,FW",22.0,32,26,2120,5,1,6,5,0.21,0.04,0.25
ENG-Premier League,2526,Brighton,Ferdi Kadioglu,TUR,"DF,MF",25.0,37,34,3133,1,0,1,1,0.03,0.0,0.03
ENG-Premier League,2526,Brighton,Georginio Rutter,FRA,"MF,FW",23.0,32,20,1786,3,3,6,3,0.15,0.15,0.3
ENG-Premier League,2526,Brighton,Jack Hinshelwood,ENG,MF,20.0,27,20,1741,4,3,7,4,0.21,0.16,0.36
ENG-Premier League,2526,Brighton,Kaoru Mitoma,JPN,"MF,FW",28.0,25,19,1721,3,1,4,3,0.16,0.05,0.21
ENG-Premier League,2526,Brighton,Maxim De Cuyper,BEL,"DF,MF",24.0,30,17,1414,2,3,5,2,0.13,0.19,0.32
ENG-Premier League,2526,Brighton,Pascal Groß,GER,MF,34.0,19,18,1636,1,3,4,1,0.06,0.17,0.22
ENG-Premier League,2526,Brighton,Yankuba Minteh,GAM,MF,21.0,34,26,2391,3,4,7,3,0.11,0.15,0.26
ENG-Premier League,2526,Brighton,Yasin Ayari,SWE,MF,21.0,29,20,1929,3,3,6,3,0.14,0.14,0.28
ENG-Premier League,2526,Burnley,Bashir Humphreys,ENG,"DF,MF",22.0,20,17,1578,0,0,0,0,0.0,0.0,0.0
ENG-Premier League,2526,Burnley,Florentino Luís,POR,MF,25.0,31,25,2105,0,2,2,0,0.0,0.09,0.09
ENG-Premier League,2526,Burnley,Hannibal Mejbri,TUN,MF,22.0,27,15,1229,1,4,5,1,0.07,0.29,0.37
ENG-Premier League,2526,Burnley,Jacob Bruun Larsen,DEN,"MF,FW",26.0,28,10,1030,0,1,1,0,0.0,0.09,0.09
ENG-Premier League,2526,Burnley,Jaidon Anthony,ENG,MF,25.0,37,32,2722,8,2,10,8,0.26,0.07,0.33
ENG-Premier League,2526,Burnley,Josh Cullen,IRL,MF,29.0,18,18,1514,2,2,4,2,0.12,0.12,0.24
ENG-Premier League,2526,Burnley,Josh Laurent,ENG,"DF,MF",30.0,33,18,1764,1,0,1,1,0.05,0.0,0.05
ENG-Premier League,2526,Burnley,Kyle Walker,ENG,"DF,MF",35.0,36,35,3096,0,2,2,0,0.0,0.06,0.06
ENG-Premier League,2526,Burnley,Lesley Ugochukwu,FRA,MF,21.0,35,27,2336,3,1,4,3,0.12,0.04,0.15
ENG-Premier League,2526,Burnley,Loum Tchaouna,FRA,"MF,FW",21.0,29,14,1272,2,1,3,2,0.14,0.07,0.21
ENG-Premier League,2526,Burnley,Lucas,BRA,"MF,DF",24.0,20,15,1409,0,0,0,0,0.0,0.0,0.0
ENG-Premier League,2526,Burnley,Lyle Foster,RSA,"FW,MF",24.0,26,15,1371,3,2,5,3,0.2,0.13,0.33
ENG-Premier League,2526,Burnley,Marcus Edwards,ENG,"MF,FW",26.0,23,11,1067,1,3,4,1,0.08,0.25,0.34
ENG-Premier League,2526,Burnley,Zian Flemming,NED,FW,26.0,29,21,1769,11,0,11,9,0.56,0.0,0.56
ENG-Premier League,2526,Chelsea,Alejandro Garnacho,ARG,MF,21.0,24,14,1268,1,4,5,1,0.07,0.28,0.35
ENG-Premier League,2526,Chelsea,Andrey Santos,BRA,MF,21.0,27,13,1260,1,0,1,1,0.07,0.0,0.07
ENG-Premier League,2526,Chelsea,Cole Palmer,ENG,MF,23.0,26,24,1955,10,1,11,5,0.46,0.05,0.51
ENG-Premier League,2526,Chelsea,Enzo Fernández,ARG,MF,24.0,36,35,3115,10,4,14,8,0.29,0.12,0.4
ENG-Premier League,2526,Chelsea,João Pedro,BRA,"FW,MF",23.0,35,31,2661,15,5,20,15,0.51,0.17,0.68
ENG-Premier League,2526,Chelsea,Liam Delap,ENG,FW,22.0,28,12,1107,1,0,1,1,0.08,0.0,0.08
ENG-Premier League,2526,Chelsea,Malo Gusto,FRA,"DF,MF",22.0,34,26,2261,2,3,5,2,0.08,0.12,0.2
ENG-Premier League,2526,Chelsea,Moisés Caicedo,ECU,MF,23.0,33,32,2795,3,1,4,3,0.1,0.03,0.13
ENG-Premier League,2526,Chelsea,Pedro Neto,POR,"MF,FW",25.0,34,30,2631,5,6,11,5,0.17,0.21,0.38
ENG-Premier League,2526,Chelsea,Reece James,ENG,"DF,MF",25.0,29,20,1963,2,4,6,2,0.09,0.18,0.28
ENG-Premier League,2526,Crystal Palace,Adam Wharton,ENG,MF,21.0,34,29,2552,1,5,6,1,0.04,0.18,0.21
ENG-Premier League,2526,Crystal Palace,Brennan Johnson,WAL,"MF,FW",24.0,18,13,1112,0,1,1,0,0.0,0.08,0.08
ENG-Premier League,2526,Crystal Palace,Daichi Kamada,JPN,MF,28.0,28,22,1902,0,0,0,0,0.0,0.0,0.0
ENG-Premier League,2526,Crystal Palace,Daniel Muñoz,COL,MF,29.0,29,29,2399,4,3,7,4,0.15,0.11,0.26
ENG-Premier League,2526,Crystal Palace,Ismaila Sarr,SEN,MF,27.0,28,24,2174,9,1,10,6,0.37,0.04,0.41
ENG-Premier League,2526,Crystal Palace,Jean-Philippe Mateta,FRA,FW,28.0,32,25,2218,12,0,12,8,0.49,0.0,0.49
ENG-Premier League,2526,Crystal Palace,Jefferson Lerma,COL,"MF,DF",30.0,31,18,1733,0,2,2,0,0.0,0.1,0.1
ENG-Premier League,2526,Crystal Palace,Jørgen Strand Larsen,NOR,FW,25.0,14,12,903,3,0,3,3,0.3,0.0,0.3
ENG-Premier League,2526,Crystal Palace,Tyrick Mitchell,ENG,MF,25.0,38,36,3251,1,2,3,1,0.03,0.06,0.08
ENG-Premier League,2526,Crystal Palace,Will Hughes,ENG,MF,30.0,31,19,1571,0,0,0,0,0.0,0.0,0.0
ENG-Premier League,2526,Crystal Palace,Yéremy Pino,ESP,"MF,FW",22.0,34,26,2080,2,2,4,2,0.09,0.09,0.17
ENG-Premier League,2526,Everton,Beto,GNB,FW,27.0,37,17,1568,9,1,10,9,0.52,0.06,0.57
ENG-Premier League,2526,Everton,Dwight McNeil,ENG,MF,25.0,22,14,1168,0,1,1,0,0.0,0.08,0.08
ENG-Premier League,2526,Everton,Idrissa Gueye,SEN,MF,35.0,25,25,2093,2,3,5,2,0.09,0.13,0.22
ENG-Premier League,2526,Everton,Iliman Ndiaye,SEN,MF,25.0,32,32,2778,6,3,9,4,0.19,0.1,0.29
ENG-Premier League,2526,Everton,Jack Grealish,ENG,MF,29.0,20,18,1627,2,6,8,2,0.11,0.33,0.44
ENG-Premier League,2526,Everton,James Garner,ENG,"MF,DF",24.0,38,38,3413,2,7,9,2,0.05,0.18,0.24
ENG-Premier League,2526,Everton,Kiernan Dewsbury-Hall,ENG,MF,26.0,31,30,2626,8,4,12,8,0.27,0.14,0.41
ENG-Premier League,2526,Everton,Thierno Barry,FRA,FW,22.0,38,21,1914,8,0,8,8,0.38,0.0,0.38
ENG-Premier League,2526,Everton,Tim Iroegbunam,ENG,MF,22.0,29,17,1487,0,2,2,0,0.0,0.12,0.12
ENG-Premier League,2526,Fulham,Alex Iwobi,NGA,MF,29.0,29,29,2419,4,3,7,4,0.15,0.11,0.26
ENG-Premier League,2526,Fulham,Antonee Robinson,USA,"DF,MF",27.0,22,17,1492,1,0,1,0,0.06,0.0,0.06
ENG-Premier League,2526,Fulham,Emile Smith Rowe,ENG,MF,25.0,37,22,1923,3,0,3,3,0.14,0.0,0.14
ENG-Premier League,2526,Fulham,Harry Wilson,WAL,MF,28.0,36,32,2673,10,7,17,10,0.34,0.24,0.57
ENG-Premier League,2526,Fulham,Joshua King,ENG,MF,18.0,32,15,1308,1,2,3,1,0.07,0.14,0.21
ENG-Premier League,2526,Fulham,Kevin,BRA,MF,22.0,26,9,1041,1,1,2,1,0.09,0.09,0.17
ENG-Premier League,2526,Fulham,Raúl Jiménez,MEX,FW,34.0,36,27,2189,9,3,12,5,0.37,0.12,0.49
ENG-Premier League,2526,Fulham,Rodrigo Muniz,BRA,FW,24.0,21,10,1000,1,1,2,1,0.09,0.09,0.18
ENG-Premier League,2526,Fulham,Ryan Sessegnon,ENG,"DF,MF",25.0,27,20,1823,3,1,4,3,0.15,0.05,0.2
ENG-Premier League,2526,Fulham,Samuel Chukwueze,NGA,MF,26.0,23,10,1079,3,4,7,3,0.25,0.33,0.58
ENG-Premier League,2526,Fulham,Sander Berge,NOR,MF,27.0,35,34,2905,0,1,1,0,0.0,0.03,0.03
ENG-Premier League,2526,Fulham,Saša Lukić,SRB,MF,28.0,26,20,1734,1,2,3,1,0.05,0.1,0.16
ENG-Premier League,2526,Fulham,Timothy Castagne,BEL,"DF,MF",29.0,30,20,1845,0,0,0,0,0.0,0.0,0.0
ENG-Premier League,2526,Leeds United,Anton Stach,GER,MF,26.0,29,28,2370,5,3,8,5,0.19,0.11,0.3
ENG-Premier League,2526,Leeds United,Ao Tanaka,JPN,MF,26.0,28,14,1315,2,0,2,2,0.14,0.0,0.14
ENG-Premier League,2526,Leeds United,Brenden Aaronson,USA,"MF,FW",24.0,37,30,2449,4,5,9,4,0.15,0.18,0.33
ENG-Premier League,2526,Leeds United,Dominic Calvert-Lewin,ENG,FW,28.0,35,30,2721,14,1,15,10,0.46,0.03,0.5
ENG-Premier League,2526,Leeds United,Ethan Ampadu,WAL,MF,24.0,35,35,3119,1,1,2,1,0.03,0.03,0.06
ENG-Premier League,2526,Leeds United,Gabriel Gudmundsson,SWE,"DF,MF",26.0,32,31,2631,0,0,0,0,0.0,0.0,0.0
ENG-Premier League,2526,Leeds United,Ilia Gruev,BUL,MF,25.0,23,15,1323,0,3,3,0,0.0,0.2,0.2
ENG-Premier League,2526,Leeds United,James Justin,ENG,"DF,MF",27.0,29,21,1901,2,1,3,2,0.09,0.05,0.14
ENG-Premier League,2526,Leeds United,Jayden Bogle,ENG,"MF,DF",25.0,34,32,2793,1,2,3,1,0.03,0.06,0.1
ENG-Premier League,2526,Leeds United,Lukas Nmecha,GER,FW,26.0,31,10,1083,6,1,7,4,0.5,0.08,0.58
ENG-Premier League,2526,Leeds United,Noah Okafor,SUI,"FW,MF",25.0,28,19,1561,8,1,9,8,0.46,0.06,0.52
ENG-Premier League,2526,Leeds United,Sean Longstaff,ENG,MF,27.0,23,10,1011,2,2,4,2,0.18,0.18,0.36
ENG-Premier League,2526,Liverpool,Alexis Mac Allister,ARG,MF,26.0,37,31,2658,2,4,6,2,0.07,0.14,0.2
ENG-Premier League,2526,Liverpool,Cody Gakpo,NED,"MF,FW",26.0,36,32,2737,7,5,12,7,0.23,0.16,0.39
ENG-Premier League,2526,Liverpool,Curtis Jones,ENG,"MF,DF",24.0,34,18,1937,1,2,3,1,0.05,0.09,0.14
ENG-Premier League,2526,Liverpool,Dominik Szoboszlai,HUN,"MF,DF",24.0,36,36,3231,6,7,13,6,0.17,0.19,0.36
ENG-Premier League,2526,Liverpool,Florian Wirtz,GER,MF,22.0,33,27,2378,5,3,8,5,0.19,0.11,0.3
ENG-Premier League,2526,Liverpool,Hugo Ekitike,FRA,FW,23.0,28,21,1803,11,4,15,11,0.55,0.2,0.75
ENG-Premier League,2526,Liverpool,Jeremie Frimpong,NED,"DF,MF",24.0,21,12,1040,0,1,1,0,0.0,0.09,0.09
ENG-Premier League,2526,Liverpool,Mohamed Salah,EGY,MF,33.0,27,23,2146,7,7,14,6,0.29,0.29,0.59
ENG-Premier League,2526,Liverpool,Ryan Gravenberch,NED,MF,23.0,36,34,2992,5,3,8,5,0.15,0.09,0.24
ENG-Premier League,2526,Manchester City,Antoine Semenyo,GHA,"MF,FW",25.0,17,17,1397,7,1,8,7,0.45,0.06,0.52
ENG-Premier League,2526,Manchester City,Bernardo Silva,POR,MF,30.0,38,34,2872,2,4,6,2,0.06,0.13,0.19
ENG-Premier League,2526,Manchester City,Erling Haaland,NOR,FW,25.0,35,34,2953,27,8,35,24,0.82,0.24,1.07
ENG-Premier League,2526,Manchester City,Jeremy Doku,BEL,"MF,FW",23.0,30,19,1784,5,5,10,5,0.25,0.25,0.5
ENG-Premier League,2526,Manchester City,Nico O'Reilly,ENG,"DF,MF",20.0,34,29,2646,5,3,8,5,0.17,0.1,0.27
ENG-Premier League,2526,Manchester City,Nicolás González,ESP,MF,23.0,25,17,1569,1,0,1,1,0.06,0.0,0.06
ENG-Premier League,2526,Manchester City,Phil Foden,ENG,MF,25.0,33,23,2086,7,5,12,7,0.3,0.22,0.52
ENG-Premier League,2526,Manchester City,Rayan Cherki,FRA,MF,21.0,33,19,1786,4,12,16,4,0.2,0.6,0.81
ENG-Premier League,2526,Manchester City,Rodri,ESP,MF,29.0,21,17,1511,1,0,1,1,0.06,0.0,0.06
ENG-Premier League,2526,Manchester City,Tijjani Reijnders,NED,MF,27.0,28,19,1631,5,2,7,5,0.28,0.11,0.39
ENG-Premier League,2526,Manchester Utd,Amad Diallo,CIV,MF,23.0,32,27,2341,2,3,5,2,0.08,0.12,0.19
ENG-Premier League,2526,Manchester Utd,Benjamin Šeško,SVN,FW,22.0,30,17,1643,11,1,12,11,0.6,0.05,0.66
ENG-Premier League,2526,Manchester Utd,Bruno Fernandes,POR,MF,30.0,35,35,3063,9,21,30,5,0.26,0.62,0.88
ENG-Premier League,2526,Manchester Utd,Bryan Mbeumo,CMR,"MF,FW",25.0,33,31,2609,11,3,14,11,0.38,0.1,0.48
ENG-Premier League,2526,Manchester Utd,Casemiro,BRA,MF,33.0,34,33,2571,9,2,11,9,0.32,0.07,0.39
ENG-Premier League,2526,Manchester Utd,Diogo Dalot,POR,"DF,MF",26.0,34,29,2614,1,3,4,1,0.03,0.1,0.14
ENG-Premier League,2526,Manchester Utd,Kobbie Mainoo,ENG,MF,20.0,28,16,1662,1,2,3,1,0.05,0.11,0.16
ENG-Premier League,2526,Manchester Utd,Mason Mount,ENG,MF,26.0,23,12,1017,3,0,3,3,0.27,0.0,0.27
ENG-Premier League,2526,Manchester Utd,Matheus Cunha,BRA,"MF,FW",26.0,33,29,2494,10,2,12,10,0.36,0.07,0.43
ENG-Premier League,2526,Manchester Utd,Noussair Mazraoui,MAR,"DF,MF",27.0,20,11,985,0,0,0,0,0.0,0.0,0.0
ENG-Premier League,2526,Manchester Utd,Patrick Dorgu,DEN,MF,20.0,26,15,1449,4,4,8,4,0.25,0.25,0.5
ENG-Premier League,2526,Newcastle,Anthony Elanga,SWE,"FW,MF",23.0,32,14,1319,0,1,1,0,0.0,0.07,0.07
ENG-Premier League,2526,Newcastle,Anthony Gordon,ENG,FW,24.0,26,24,1795,6,2,8,3,0.3,0.1,0.4
ENG-Premier League,2526,Newcastle,Bruno Guimarães,BRA,MF,27.0,29,27,2453,9,5,14,7,0.33,0.18,0.51
ENG-Premier League,2526,Newcastle,Harvey Barnes,ENG,"FW,MF",27.0,37,19,1966,7,1,8,7,0.32,0.05,0.37
ENG-Premier League,2526,Newcastle,Jacob Murphy,ENG,"FW,MF",30.0,33,19,1617,3,2,5,3,0.17,0.11,0.28
ENG-Premier League,2526,Newcastle,Jacob Ramsey,ENG,MF,24.0,28,15,1450,2,3,5,2,0.12,0.19,0.31
ENG-Premier League,2526,Newcastle,Joe Willock,ENG,MF,25.0,24,10,983,0,2,2,0,0.0,0.18,0.18
ENG-Premier League,2526,Newcastle,Joelinton,BRA,MF,28.0,27,23,1951,2,1,3,2,0.09,0.05,0.14
ENG-Premier League,2526,Newcastle,Lewis Miley,ENG,"MF,DF",19.0,23,15,1496,1,4,5,1,0.06,0.24,0.3
ENG-Premier League,2526,Newcastle,Nick Woltemade,GER,"FW,MF",23.0,33,24,1902,8,3,11,7,0.38,0.14,0.52
ENG-Premier League,2526,Newcastle,Sandro Tonali,ITA,MF,25.0,35,31,2534,0,2,2,0,0.0,0.07,0.07
ENG-Premier League,2526,Nottingham,Callum Hudson-Odoi,ENG,MF,24.0,30,21,1841,3,4,7,3,0.15,0.2,0.34
ENG-Premier League,2526,Nottingham,Chris Wood,NZL,FW,33.0,15,11,901,3,0,3,3,0.3,0.0,0.3
ENG-Premier League,2526,Nottingham,Dan Ndoye,SUI,MF,24.0,24,14,1173,1,1,2,1,0.08,0.08,0.15
ENG-Premier League,2526,Nottingham,Elliot Anderson,ENG,MF,22.0,38,37,3331,4,4,8,3,0.11,0.11,0.22
ENG-Premier League,2526,Nottingham,Ibrahim Sangaré,CIV,MF,27.0,28,25,2075,2,2,4,2,0.09,0.09,0.17
ENG-Premier League,2526,Nottingham,Igor Jesus,BRA,FW,24.0,37,28,2298,6,4,10,5,0.23,0.16,0.39
ENG-Premier League,2526,Nottingham,Morgan Gibbs-White,ENG,MF,25.0,37,35,3097,15,4,19,14,0.44,0.12,0.55
ENG-Premier League,2526,Nottingham,Nicolás Domínguez,ARG,MF,27.0,27,17,1175,1,1,2,1,0.08,0.08,0.15
ENG-Premier League,2526,Nottingham,Omari Hutchinson,ENG,MF,21.0,31,17,1688,1,5,6,1,0.05,0.27,0.32
ENG-Premier League,2526,Sunderland,Brian Brobbey,NED,FW,23.0,31,22,1927,7,1,8,7,0.33,0.05,0.37
ENG-Premier League,2526,Sunderland,Chemsdine Talbi,MAR,"MF,FW",20.0,28,16,1561,4,1,5,4,0.23,0.06,0.29
ENG-Premier League,2526,Sunderland,Enzo Le Fée,FRA,"MF,FW",25.0,36,33,2930,5,6,11,2,0.15,0.18,0.34
ENG-Premier League,2526,Sunderland,Granit Xhaka,SUI,MF,32.0,34,32,2904,1,6,7,1,0.03,0.19,0.22
ENG-Premier League,2526,Sunderland,Habib Diarra,SEN,MF,21.0,20,15,1405,2,2,4,1,0.13,0.13,0.26
ENG-Premier League,2526,Sunderland,Lutsharel Geertruida,NED,"DF,MF",25.0,28,17,1693,0,0,0,0,0.0,0.0,0.0
ENG-Premier League,2526,Sunderland,Noah Sadiki,COD,MF,20.0,33,33,2889,0,1,1,0,0.0,0.03,0.03
ENG-Premier League,2526,Sunderland,Trai Hume,NIR,"DF,MF",23.0,38,34,3036,2,1,3,2,0.06,0.03,0.09
ENG-Premier League,2526,Sunderland,Wilson Isidor,HAI,FW,24.0,32,11,1165,6,0,6,6,0.46,0.0,0.46
ENG-Premier League,2526,Tottenham,Archie Gray,ENG,"MF,DF",19.0,24,18,1478,2,2,4,2,0.12,0.12,0.24
ENG-Premier League,2526,Tottenham,Conor Gallagher,ENG,MF,25.0,16,14,1184,1,1,2,1,0.08,0.08,0.15
ENG-Premier League,2526,Tottenham,Destiny Udogie,ITA,"DF,MF",22.0,20,14,1338,0,1,1,0,0.0,0.07,0.07
ENG-Premier League,2526,Tottenham,Djed Spence,ENG,"DF,MF",24.0,30,23,2056,0,0,0,0,0.0,0.0,0.0
ENG-Premier League,2526,Tottenham,Dominic Solanke,ENG,FW,27.0,15,11,1001,3,0,3,3,0.27,0.0,0.27
ENG-Premier League,2526,Tottenham,João Palhinha,POR,MF,30.0,33,23,2198,5,2,7,5,0.2,0.08,0.29
ENG-Premier League,2526,Tottenham,Lucas Bergvall,SWE,MF,19.0,23,11,965,1,3,4,1,0.09,0.28,0.37
ENG-Premier League,2526,Tottenham,Mathys Tel,FRA,"MF,FW",20.0,31,13,1349,4,1,5,4,0.27,0.07,0.33
ENG-Premier League,2526,Tottenham,Mohammed Kudus,GHA,"MF,FW",24.0,19,19,1535,2,5,7,2,0.12,0.29,0.41
ENG-Premier League,2526,Tottenham,Pape Matar Sarr,SEN,MF,22.0,26,13,1398,2,4,6,2,0.13,0.26,0.39
ENG-Premier League,2526,Tottenham,Randal Kolo Muani,FRA,"FW,MF",26.0,30,21,1664,1,1,2,1,0.05,0.05,0.11
ENG-Premier League,2526,Tottenham,Richarlison,BRA,"FW,MF",28.0,32,20,1964,11,4,15,11,0.5,0.18,0.69
ENG-Premier League,2526,Tottenham,Rodrigo Bentancur,URU,MF,28.0,26,23,1883,1,1,2,1,0.05,0.05,0.1
ENG-Premier League,2526,Tottenham,Wilson Odobert,FRA,"MF,FW",20.0,24,10,985,0,2,2,0,0.0,0.18,0.18
ENG-Premier League,2526,Tottenham,Xavi Simons,NED,"MF,FW",22.0,28,19,1755,2,5,7,2,0.1,0.26,0.36
ENG-Premier League,2526,West Ham,Aaron Wan-Bissaka,COD,"DF,MF",27.0,25,23,2081,0,2,2,0,0.0,0.09,0.09
ENG-Premier League,2526,West Ham,Callum Wilson,ENG,FW,33.0,32,11,1251,7,1,8,7,0.5,0.07,0.58
ENG-Premier League,2526,West Ham,Crysencio Summerville,NED,"MF,FW",23.0,31,29,2470,5,2,7,5,0.18,0.07,0.26
ENG-Premier League,2526,West Ham,El Hadji Malick Diouf,SEN,"DF,MF",20.0,32,30,2707,0,5,5,0,0.0,0.17,0.17
ENG-Premier League,2526,West Ham,Freddie Potts,ENG,MF,21.0,22,12,1171,0,1,1,0,0.0,0.08,0.08
ENG-Premier League,2526,West Ham,Jarrod Bowen,ENG,"MF,FW",28.0,38,38,3403,9,11,20,8,0.24,0.29,0.53
ENG-Premier League,2526,West Ham,Lucas Paquetá,BRA,"MF,FW",27.0,18,18,1511,4,1,5,2,0.24,0.06,0.3
ENG-Premier League,2526,West Ham,Mateus Fernandes,POR,MF,21.0,36,35,3016,3,4,7,3,0.09,0.12,0.21
ENG-Premier League,2526,West Ham,Soungoutou Magassa,FRA,MF,21.0,22,11,981,1,0,1,1,0.09,0.0,0.09
ENG-Premier League,2526,West Ham,Tomáš Souček,CZE,MF,30.0,35,24,2200,5,0,5,5,0.2,0.0,0.2
ENG-Premier League,2526,West Ham,Valentín Castellanos,ARG,FW,26.0,18,17,1384,6,0,6,6,0.39,0.0,0.39
ENG-Premier League,2526,Wolves,Adam Armstrong,ENG,"FW,MF",28.0,14,14,1140,2,2,4,1,0.16,0.16,0.32
ENG-Premier League,2526,Wolves,André,BRA,MF,24.0,35,30,2762,1,0,1,1,0.03,0.0,0.03
ENG-Premier League,2526,Wolves,David Møller Wolfe,NOR,"MF,DF",23.0,22,11,1049,0,2,2,0,0.0,0.17,0.17
ENG-Premier League,2526,Wolves,Hugo Bueno,ESP,"MF,DF",22.0,35,26,2366,1,2,3,1,0.04,0.08,0.11
ENG-Premier League,2526,Wolves,Hwang Hee-chan,KOR,"FW,MF",29.0,26,18,1446,2,2,4,1,0.12,0.12,0.25
ENG-Premier League,2526,Wolves,Jackson Tchatchoua,CMR,"MF,DF",23.0,31,19,1845,0,1,1,0,0.0,0.05,0.05
ENG-Premier League,2526,Wolves,Jean-Ricner Bellegarde,HAI,"MF,FW",27.0,26,15,1248,1,1,2,1,0.07,0.07,0.14
ENG-Premier League,2526,Wolves,Jhon Arias,COL,"FW,MF",27.0,23,14,1124,1,0,1,1,0.08,0.0,0.08
ENG-Premier League,2526,Wolves,João Gomes,BRA,MF,24.0,35,32,2829,1,1,2,1,0.03,0.03,0.06
ENG-Premier League,2526,Wolves,Jørgen Strand Larsen,NOR,FW,25.0,22,14,1404,1,1,2,0,0.06,0.06,0.13
ENG-Premier League,2526,Wolves,Ladislav Krejčí,CZE,"DF,MF",26.0,28,27,2356,2,1,3,2,0.08,0.04,0.11
ENG-Premier League,2526,Wolves,Mateus Mane,POR,MF,17.0,27,19,1795,3,1,4,3,0.15,0.05,0.2
ENG-Premier League,2526,Wolves,Rodrigo Gomes,POR,"MF,FW",22.0,22,9,960,3,0,3,3,0.28,0.0,0.28
ENG-Premier League,2526,Wolves,Tolu Arokodare,NGA,FW,24.0,33,13,1419,3,1,4,3,0.19,0.06,0.25
FRA-Ligue 1,2122,Angers,Angelo Fulgini,NCL,"MF,FW",24.0,36,35,2929,5,4,9,5,0.15,0.12,0.28
FRA-Ligue 1,2122,Angers,Azzedine Ounahi,MAR,MF,21.0,32,16,1633,2,1,3,2,0.11,0.06,0.17
FRA-Ligue 1,2122,Angers,Batista Mendy,FRA,"MF,DF",21.0,34,27,2413,1,1,2,1,0.04,0.04,0.07
FRA-Ligue 1,2122,Angers,Enzo Ebosse,CMR,"DF,MF",22.0,27,21,1890,0,0,0,0,0.0,0.0,0.0
FRA-Ligue 1,2122,Angers,Jimmy Cabot,FRA,MF,27.0,24,24,2008,0,5,5,0,0.0,0.22,0.22
FRA-Ligue 1,2122,Angers,Mathias Pereira Lage,POR,"MF,DF",24.0,24,11,1040,4,2,6,4,0.35,0.17,0.52
FRA-Ligue 1,2122,Angers,Mohamed Ali Cho,FRA,FW,17.0,32,21,1837,4,1,5,4,0.2,0.05,0.24
FRA-Ligue 1,2122,Angers,Nabil Bentaleb,ALG,MF,26.0,18,18,1515,1,0,1,1,0.06,0.0,0.06
FRA-Ligue 1,2122,Angers,Pierrick Capelle,FRA,MF,34.0,30,12,1193,0,1,1,0,0.0,0.08,0.08
FRA-Ligue 1,2122,Angers,Sofiane Boufal,MAR,"FW,MF",27.0,29,28,2330,8,4,12,5,0.31,0.15,0.46
FRA-Ligue 1,2122,Angers,Souleyman Doumbia,CIV,"MF,DF",24.0,27,27,2219,0,1,1,0,0.0,0.04,0.04
FRA-Ligue 1,2122,Angers,Stéphane Bahoken,CMR,FW,29.0,29,12,1099,3,1,4,3,0.25,0.08,0.33
FRA-Ligue 1,2122,Angers,Thomas Mangani,FRA,MF,34.0,33,25,2193,7,2,9,1,0.29,0.08,0.37
FRA-Ligue 1,2122,Bordeaux,Alberth Elis,HON,"FW,MF",25.0,20,16,1409,9,1,10,9,0.57,0.06,0.64
FRA-Ligue 1,2122,Bordeaux,Enock Kwateng,FRA,"DF,MF",24.0,29,22,2002,1,0,1,1,0.04,0.0,0.04
FRA-Ligue 1,2122,Bordeaux,Fransérgio,BRA,MF,30.0,26,14,1258,0,1,1,0,0.0,0.07,0.07
FRA-Ligue 1,2122,Bordeaux,Gideon Mensah,GHA,"DF,MF",23.0,23,13,1208,0,2,2,0,0.0,0.15,0.15
FRA-Ligue 1,2122,Bordeaux,Hwang Ui-jo,KOR,FW,28.0,32,29,2508,11,2,13,11,0.39,0.07,0.47
FRA-Ligue 1,2122,Bordeaux,Javairô Dilrosun,NED,"MF,FW",23.0,32,19,1732,2,6,8,2,0.1,0.31,0.42
FRA-Ligue 1,2122,Bordeaux,Jean Onana,CMR,MF,21.0,23,23,1832,3,2,5,3,0.15,0.1,0.25
FRA-Ligue 1,2122,Bordeaux,Josuha Guilavogui,FRA,"MF,DF",30.0,15,15,1331,1,1,2,1,0.07,0.07,0.14
FRA-Ligue 1,2122,Bordeaux,Otávio,BRA,MF,27.0,16,13,1147,0,0,0,0,0.0,0.0,0.0
FRA-Ligue 1,2122,Bordeaux,Remi Oudin,FRA,"MF,FW",24.0,33,20,1737,4,5,9,4,0.21,0.26,0.47
FRA-Ligue 1,2122,Bordeaux,Ricardo Mangas,POR,"DF,MF",23.0,29,27,2353,3,1,4,3,0.11,0.04,0.15
FRA-Ligue 1,2122,Bordeaux,Sekou Mara,FRA,FW,19.0,26,8,905,6,0,6,5,0.6,0.0,0.6
FRA-Ligue 1,2122,Bordeaux,Timothee Pembele,FRA,"DF,MF",18.0,26,17,1414,1,1,2,1,0.06,0.06,0.13
FRA-Ligue 1,2122,Bordeaux,Tom Lacoux,FRA,MF,19.0,13,11,907,0,0,0,0,0.0,0.0,0.0
FRA-Ligue 1,2122,Bordeaux,Yacine Adli,FRA,"MF,FW",21.0,36,25,2260,1,7,8,1,0.04,0.28,0.32
FRA-Ligue 1,2122,Brest,Franck Honorat,FRA,"MF,FW",24.0,34,34,2899,11,4,15,11,0.34,0.12,0.47
FRA-Ligue 1,2122,Brest,Haris Belkebla,ALG,MF,27.0,31,26,2310,0,0,0,0,0.0,0.0,0.0
FRA-Ligue 1,2122,Brest,Hugo Magnetti,FRA,MF,23.0,28,16,1463,0,1,1,0,0.0,0.06,0.06
FRA-Ligue 1,2122,Brest,Irvin Cardona,MLT,"FW,MF",23.0,32,13,1334,4,2,6,4,0.27,0.13,0.4
FRA-Ligue 1,2122,Brest,Jérémy Le Douaron,FRA,"FW,MF",23.0,32,16,1446,5,3,8,5,0.31,0.19,0.5
FRA-Ligue 1,2122,Brest,Lucien Agoume,FRA,MF,19.0,27,21,1868,0,0,0,0,0.0,0.0,0.0
FRA-Ligue 1,2122,Brest,Martin Satriano,URU,FW,20.0,15,11,932,4,0,4,4,0.39,0.0,0.39
FRA-Ligue 1,2122,Brest,Romain Del Castillo,FRA,MF,25.0,19,13,975,0,6,6,0,0.0,0.55,0.55
FRA-Ligue 1,2122,Brest,Romain Faivre,FRA,MF,23.0,21,20,1795,7,5,12,2,0.35,0.25,0.6
FRA-Ligue 1,2122,Brest,Steve Mounié,BEN,FW,26.0,35,25,2312,9,2,11,7,0.35,0.08,0.43
FRA-Ligue 1,2122,Clermont Foot,Elba Rashani,KVX,"MF,FW",28.0,29,22,1759,8,3,11,8,0.41,0.15,0.56
FRA-Ligue 1,2122,Clermont Foot,Jason Berthomier,FRA,MF,31.0,29,22,1732,1,5,6,1,0.05,0.26,0.31
FRA-Ligue 1,2122,Clermont Foot,Jim Allevinah,GAB,"MF,FW",26.0,30,13,1488,1,2,3,1,0.06,0.12,0.18
FRA-Ligue 1,2122,Clermont Foot,Jodel Dossou,BEN,"MF,FW",29.0,35,23,2008,3,1,4,3,0.13,0.04,0.18
FRA-Ligue 1,2122,Clermont Foot,Johan Gastien,FRA,MF,33.0,32,32,2746,0,1,1,0,0.0,0.03,0.03
FRA-Ligue 1,2122,Clermont Foot,Mohamed Lamine Bayo,GUI,FW,23.0,32,27,2413,14,5,19,12,0.52,0.19,0.71
FRA-Ligue 1,2122,Clermont Foot,Salis Abdul Samed,GHA,MF,21.0,31,29,2462,1,0,1,1,0.04,0.0,0.04
FRA-Ligue 1,2122,Clermont Foot,Saîf-Eddine Khaoui,TUN,"MF,FW",26.0,23,9,927,1,0,1,1,0.1,0.0,0.1
FRA-Ligue 1,2122,Clermont Foot,Yohann Magnin,FRA,"MF,DF",24.0,24,19,1717,1,0,1,1,0.05,0.0,0.05
FRA-Ligue 1,2122,Lens,Arnaud Kalimuendo,FRA,FW,19.0,32,27,2148,12,0,12,10,0.5,0.0,0.5
FRA-Ligue 1,2122,Lens,Cheick Doucouré,MLI,MF,21.0,34,33,2946,1,4,5,1,0.03,0.12,0.15
FRA-Ligue 1,2122,Lens,David Costa,POR,"MF,FW",20.0,33,16,1464,3,5,8,3,0.18,0.31,0.49
FRA-Ligue 1,2122,Lens,Florian Sotoca,FRA,"FW,MF",30.0,35,28,2480,6,4,10,4,0.22,0.15,0.36
FRA-Ligue 1,2122,Lens,Gaël Kakuta,COD,"MF,FW",30.0,29,20,1673,3,2,5,2,0.16,0.11,0.27
FRA-Ligue 1,2122,Lens,Ignatius Ganago,CMR,FW,22.0,28,11,1024,5,1,6,5,0.44,0.09,0.53
FRA-Ligue 1,2122,Lens,Jonathan Clauss,FRA,MF,28.0,37,35,3046,5,11,16,5,0.15,0.33,0.47
FRA-Ligue 1,2122,Lens,Massadio Haïdara,MLI,"MF,DF",28.0,20,12,1076,1,1,2,1,0.08,0.08,0.17
FRA-Ligue 1,2122,Lens,Przemysław Frankowski,POL,MF,26.0,37,28,2448,6,5,11,6,0.22,0.18,0.4
FRA-Ligue 1,2122,Lens,Seko Fofana,CIV,MF,26.0,38,38,3357,8,1,9,8,0.21,0.03,0.24
FRA-Ligue 1,2122,Lille,Amadou Onana,BEL,MF,19.0,32,11,1359,1,0,1,1,0.07,0.0,0.07
FRA-Ligue 1,2122,Lille,Angel Gomes,ENG,MF,20.0,24,12,954,1,1,2,1,0.09,0.09,0.19
FRA-Ligue 1,2122,Lille,Benjamin André,FRA,MF,30.0,33,33,2752,2,1,3,2,0.07,0.03,0.1
FRA-Ligue 1,2122,Lille,Burak Yılmaz,TUR,FW,36.0,31,25,2211,4,3,7,2,0.16,0.12,0.28
FRA-Ligue 1,2122,Lille,Gabriel Gudmundsson,SWE,"DF,MF",22.0,30,15,1344,1,0,1,1,0.07,0.0,0.07
FRA-Ligue 1,2122,Lille,Jonathan Bamba,CIV,MF,25.0,31,28,2428,1,2,3,1,0.04,0.07,0.11
FRA-Ligue 1,2122,Lille,Jonathan David,CAN,FW,21.0,38,32,2804,15,0,15,13,0.48,0.0,0.48
FRA-Ligue 1,2122,Lille,Jonathan Ikone,FRA,"MF,FW",23.0,18,13,1062,1,0,1,1,0.08,0.0,0.08
FRA-Ligue 1,2122,Lille,Renato Sanches,POR,"MF,FW",23.0,25,20,1651,2,5,7,2,0.11,0.27,0.38
FRA-Ligue 1,2122,Lille,Timothy Weah,USA,"MF,FW",21.0,29,17,1616,3,4,7,3,0.17,0.22,0.39
FRA-Ligue 1,2122,Lille,Xeka,POR,MF,26.0,23,19,1619,3,0,3,3,0.17,0.0,0.17
FRA-Ligue 1,2122,Lorient,Armand Lauriente,FRA,"FW,MF",22.0,35,28,2477,6,2,8,5,0.22,0.07,0.29
FRA-Ligue 1,2122,Lorient,Enzo Le Fée,FRA,"MF,FW",21.0,36,25,2194,2,3,5,2,0.08,0.12,0.21
FRA-Ligue 1,2122,Lorient,Fabien Lemoine,FRA,MF,34.0,21,13,1117,0,1,1,0,0.0,0.08,0.08
FRA-Ligue 1,2122,Lorient,Igor Carioca,BRA,"DF,MF",24.0,28,17,1578,0,0,0,0,0.0,0.0,0.0
FRA-Ligue 1,2122,Lorient,Laurent Abergel,FRA,MF,28.0,34,34,2956,0,2,2,0,0.0,0.06,0.06
FRA-Ligue 1,2122,Lorient,Quentin Boisgard,FRA,"MF,FW",24.0,25,9,958,1,1,2,1,0.09,0.09,0.19
FRA-Ligue 1,2122,Lorient,Terem Moffi,NGA,FW,22.0,37,34,2711,8,4,12,6,0.27,0.13,0.4
FRA-Ligue 1,2122,Lorient,Thomas Monconduit,FRA,MF,30.0,34,26,2248,3,2,5,3,0.12,0.08,0.2
FRA-Ligue 1,2122,Lorient,Vincent Le Goff,FRA,"DF,MF",31.0,34,34,3060,1,1,2,1,0.03,0.03,0.06
FRA-Ligue 1,2122,Lyon,Bruno Guimarães,BRA,MF,23.0,20,19,1634,0,3,3,0,0.0,0.17,0.17
FRA-Ligue 1,2122,Lyon,Emerson Palmieri,ITA,"DF,MF",26.0,29,26,2264,1,2,3,1,0.04,0.08,0.12
FRA-Ligue 1,2122,Lyon,Henrique,BRA,"DF,MF",27.0,18,12,1105,0,1,1,0,0.0,0.08,0.08
FRA-Ligue 1,2122,Lyon,Houssem Aouar,ALG,MF,23.0,36,29,2504,6,4,10,6,0.22,0.14,0.36
FRA-Ligue 1,2122,Lyon,Karl Toko Ekambi,CMR,"MF,FW",28.0,30,26,2296,12,5,17,10,0.47,0.2,0.67
FRA-Ligue 1,2122,Lyon,Leo Dubois,FRA,"DF,MF",26.0,23,20,1742,0,0,0,0,0.0,0.0,0.0
FRA-Ligue 1,2122,Lyon,Lucas Paquetá,BRA,"MF,FW",23.0,35,32,2699,9,6,15,8,0.3,0.2,0.5
FRA-Ligue 1,2122,Lyon,Malo Gusto,FRA,"DF,MF",18.0,30,21,1884,0,4,4,0,0.0,0.19,0.19
FRA-Ligue 1,2122,Lyon,Maxence Caqueret,FRA,MF,21.0,31,26,2335,0,0,0,0,0.0,0.0,0.0
FRA-Ligue 1,2122,Lyon,Moussa Dembélé,FRA,FW,25.0,30,25,2207,21,4,25,16,0.86,0.16,1.02
FRA-Ligue 1,2122,Lyon,Thiago Mendes,BRA,"MF,DF",29.0,29,21,1863,1,1,2,1,0.05,0.05,0.1
FRA-Ligue 1,2122,Marseille,Amine Harit,MAR,"MF,FW",24.0,23,12,1165,4,4,8,4,0.31,0.31,0.62
FRA-Ligue 1,2122,Marseille,Arkadiusz Milik,POL,"FW,MF",27.0,23,15,1416,7,2,9,6,0.44,0.13,0.57
FRA-Ligue 1,2122,Marseille,Bamba Dieng,SEN,"FW,MF",21.0,25,11,975,7,1,8,6,0.65,0.09,0.74
FRA-Ligue 1,2122,Marseille,Boubacar Kamara,FRA,"MF,DF",21.0,34,31,2778,1,0,1,1,0.03,0.0,0.03
FRA-Ligue 1,2122,Marseille,Cengiz Ünder,TUR,"FW,MF",24.0,32,25,2200,10,2,12,9,0.41,0.08,0.49
FRA-Ligue 1,2122,Marseille,Dimitri Payet,FRA,"FW,MF",34.0,31,28,2592,12,10,22,5,0.42,0.35,0.76
FRA-Ligue 1,2122,Marseille,Gerson,BRA,"MF,FW",24.0,35,29,2544,9,4,13,9,0.32,0.14,0.46
FRA-Ligue 1,2122,Marseille,Leonardo Balerdi,ARG,"DF,MF",22.0,17,10,950,0,0,0,0,0.0,0.0,0.0
FRA-Ligue 1,2122,Marseille,Mattéo Guendouzi,FRA,MF,22.0,38,35,3152,4,6,10,4,0.11,0.17,0.29
FRA-Ligue 1,2122,Marseille,Pape Gueye,SEN,"MF,DF",22.0,28,17,1528,0,1,1,0,0.0,0.06,0.06
FRA-Ligue 1,2122,Marseille,Pol Lirola,ESP,"DF,MF",23.0,34,19,1770,1,2,3,1,0.05,0.1,0.15
FRA-Ligue 1,2122,Marseille,Valentin Rongier,FRA,"DF,MF",26.0,32,25,2194,0,1,1,0,0.0,0.04,0.04
FRA-Ligue 1,2122,Marseille,William Saliba,FRA,"DF,MF",20.0,36,36,3240,0,0,0,0,0.0,0.0,0.0
FRA-Ligue 1,2122,Metz,Boubacar Traoré,MLI,MF,19.0,27,17,1726,1,1,2,1,0.05,0.05,0.1
FRA-Ligue 1,2122,Metz,Fabien Centonze,FRA,"MF,DF",25.0,19,18,1586,4,1,5,4,0.23,0.06,0.28
FRA-Ligue 1,2122,Metz,Fali Candé,GNB,"DF,MF",23.0,11,11,973,0,2,2,0,0.0,0.18,0.18
FRA-Ligue 1,2122,Metz,Farid Boulaya,ALG,"MF,FW",28.0,24,18,1526,4,2,6,4,0.24,0.12,0.35
FRA-Ligue 1,2122,Metz,Habib Maïga,CIV,MF,25.0,17,16,1267,2,0,2,2,0.14,0.0,0.14
FRA-Ligue 1,2122,Metz,Ibrahima Niane,SEN,FW,22.0,26,20,1582,3,1,4,2,0.17,0.06,0.23
FRA-Ligue 1,2122,Metz,Kévin N'Doram,FRA,MF,25.0,19,16,1235,0,0,0,0,0.0,0.0,0.0
FRA-Ligue 1,2122,Metz,Nicolas de Préville,FRA,"FW,MF",30.0,27,24,1969,5,2,7,5,0.23,0.09,0.32
FRA-Ligue 1,2122,Metz,Opa Nguette,SEN,"MF,FW",27.0,26,10,1048,2,2,4,2,0.17,0.17,0.34
FRA-Ligue 1,2122,Metz,Pape Matar Sarr,SEN,MF,18.0,33,22,2129,1,3,4,1,0.04,0.13,0.17
FRA-Ligue 1,2122,Metz,Thomas Delaine,FRA,"MF,DF",29.0,29,26,2316,1,2,3,1,0.04,0.08,0.12
FRA-Ligue 1,2122,Metz,Vincent Pajot,FRA,MF,30.0,30,27,2311,1,0,1,1,0.04,0.0,0.04
FRA-Ligue 1,2122,Monaco,Aleksandr Golovin,RUS,MF,25.0,27,17,1502,3,4,7,3,0.18,0.24,0.42
FRA-Ligue 1,2122,Monaco,Aurélien Tchouaméni,FRA,MF,21.0,35,33,2929,3,2,5,3,0.09,0.06,0.15
FRA-Ligue 1,2122,Monaco,Caio Henrique,BRA,"DF,MF",24.0,34,31,2662,2,8,10,2,0.07,0.27,0.34
FRA-Ligue 1,2122,Monaco,Gelson Martins,POR,MF,26.0,32,24,1905,4,3,7,4,0.19,0.14,0.33
FRA-Ligue 1,2122,Monaco,Ismail Jakobs,SEN,"DF,MF",21.0,28,10,1203,0,1,1,0,0.0,0.07,0.07
FRA-Ligue 1,2122,Monaco,Jean Lucas,BRA,MF,23.0,28,18,1445,1,1,2,1,0.06,0.06,0.12
FRA-Ligue 1,2122,Monaco,Kevin Volland,GER,"MF,FW",29.0,34,29,2436,9,9,18,8,0.33,0.33,0.67
FRA-Ligue 1,2122,Monaco,Myron Boadu,NED,FW,20.0,31,7,960,4,1,5,4,0.37,0.09,0.47
FRA-Ligue 1,2122,Monaco,Sofiane Diop,MAR,MF,21.0,30,24,1948,6,4,10,6,0.28,0.18,0.46
FRA-Ligue 1,2122,Monaco,Vanderson,BRA,"MF,DF",20.0,17,12,1120,2,1,3,2,0.16,0.08,0.24
FRA-Ligue 1,2122,Monaco,Wissam Ben Yedder,FRA,FW,30.0,37,29,2529,25,5,30,17,0.89,0.18,1.07
FRA-Ligue 1,2122,Monaco,Youssouf Fofana,FRA,MF,22.0,33,23,2190,0,4,4,0,0.0,0.16,0.16
FRA-Ligue 1,2122,Montpellier,Elye Wahi,CIV,"FW,MF",18.0,33,21,1786,10,1,11,10,0.5,0.05,0.55
FRA-Ligue 1,2122,Montpellier,Florent Mollet,FRA,MF,29.0,35,32,2630,6,2,8,6,0.21,0.07,0.27
FRA-Ligue 1,2122,Montpellier,Jordan Ferri,FRA,MF,29.0,34,33,2911,0,2,2,0,0.0,0.06,0.06
FRA-Ligue 1,2122,Montpellier,Joris Chotard,FRA,MF,19.0,36,33,2935,1,1,2,1,0.03,0.03,0.06
FRA-Ligue 1,2122,Montpellier,Junior Sambia,CTA,"DF,MF",24.0,30,16,1533,1,0,1,1,0.06,0.0,0.06
FRA-Ligue 1,2122,Montpellier,Stephy Mavididi,ENG,"MF,FW",23.0,30,27,2299,8,3,11,8,0.31,0.12,0.43
FRA-Ligue 1,2122,Montpellier,Téji Savanier,FRA,MF,29.0,29,28,2414,8,7,15,5,0.3,0.26,0.56
FRA-Ligue 1,2122,Montpellier,Valère Germain,FRA,FW,31.0,34,22,1970,4,3,7,4,0.18,0.14,0.32
FRA-Ligue 1,2122,Nantes,Andrei Girotto,BRA,"DF,MF",29.0,36,36,3146,6,1,7,6,0.17,0.03,0.2
FRA-Ligue 1,2122,Nantes,Fábio,BRA,"DF,MF",31.0,27,21,1667,0,2,2,0,0.0,0.11,0.11
FRA-Ligue 1,2122,Nantes,Ludovic Blas,FRA,"MF,FW",23.0,35,35,2961,10,5,15,5,0.3,0.15,0.46
FRA-Ligue 1,2122,Nantes,Marcus Coco,FRA,"MF,FW",25.0,24,9,930,1,1,2,1,0.1,0.1,0.19
FRA-Ligue 1,2122,Nantes,Moses Simon,NGA,"MF,FW",26.0,30,29,2332,6,8,14,6,0.23,0.31,0.54
FRA-Ligue 1,2122,Nantes,Osman Bukari,GHA,"MF,FW",22.0,24,10,1012,2,4,6,2,0.18,0.36,0.53
FRA-Ligue 1,2122,Nantes,Pedro Chirivella,ESP,MF,24.0,31,31,2637,3,1,4,3,0.1,0.03,0.14
FRA-Ligue 1,2122,Nantes,Quentin Merlin,FRA,"DF,MF",19.0,28,21,1926,2,3,5,2,0.09,0.14,0.23
FRA-Ligue 1,2122,Nantes,Randal Kolo Muani,FRA,"FW,MF",22.0,36,34,2948,12,4,16,12,0.37,0.12,0.49
FRA-Ligue 1,2122,Nantes,Samuel Moutoussamy,COD,MF,24.0,30,16,1509,0,1,1,0,0.0,0.06,0.06
FRA-Ligue 1,2122,Nantes,Sébastien Corchia,FRA,"DF,MF",30.0,28,13,1324,0,3,3,0,0.0,0.2,0.2
FRA-Ligue 1,2122,Nantes,Wylan Cyprien,FRA,MF,26.0,24,17,1490,2,3,5,2,0.12,0.18,0.3
FRA-Ligue 1,2122,Nice,Amine Gouiri,ALG,"FW,MF",21.0,38,32,2754,10,9,19,7,0.33,0.29,0.62
FRA-Ligue 1,2122,Nice,Andy Delort,ALG,FW,29.0,32,26,2448,16,2,18,13,0.59,0.07,0.66
FRA-Ligue 1,2122,Nice,Calvin Stengs,NED,MF,22.0,24,11,1073,1,1,2,1,0.08,0.08,0.17
FRA-Ligue 1,2122,Nice,Hicham Boudaoui,ALG,MF,21.0,29,21,1621,3,2,5,3,0.17,0.11,0.28
FRA-Ligue 1,2122,Nice,Justin Kluivert,NED,MF,22.0,27,24,1868,4,5,9,4,0.19,0.24,0.43
FRA-Ligue 1,2122,Nice,Kasper Dolberg,DEN,FW,23.0,26,19,1492,6,2,8,4,0.36,0.12,0.48
FRA-Ligue 1,2122,Nice,Khéphren Thuram,FRA,MF,20.0,36,20,1901,4,2,6,4,0.19,0.09,0.28
FRA-Ligue 1,2122,Nice,Mario Lemina,GAB,MF,27.0,32,24,1967,2,0,2,2,0.09,0.0,0.09
FRA-Ligue 1,2122,Nice,Pablo Rosario,DOM,MF,24.0,36,31,2729,0,2,2,0,0.0,0.07,0.07
FRA-Ligue 1,2122,PSG,Achraf Hakimi,MAR,"DF,MF",22.0,32,28,2479,4,6,10,4,0.15,0.22,0.36
FRA-Ligue 1,2122,PSG,Ander Herrera,ESP,MF,31.0,19,12,1091,3,2,5,3,0.25,0.16,0.41
FRA-Ligue 1,2122,PSG,Danilo Pereira,POR,MF,29.0,27,22,2038,5,0,5,5,0.22,0.0,0.22
FRA-Ligue 1,2122,PSG,Georginio Wijnaldum,NED,"MF,FW",30.0,31,18,1653,1,3,4,1,0.05,0.16,0.22
FRA-Ligue 1,2122,PSG,Idrissa Gueye,SEN,MF,31.0,26,18,1641,3,1,4,3,0.16,0.05,0.22
FRA-Ligue 1,2122,PSG,Juan Bernat,ESP,"DF,MF",28.0,15,12,958,0,0,0,0,0.0,0.0,0.0
FRA-Ligue 1,2122,PSG,Kylian Mbappé,FRA,FW,22.0,35,34,3023,28,17,45,24,0.83,0.51,1.34
FRA-Ligue 1,2122,PSG,Lionel Messi,ARG,"FW,MF",34.0,26,24,2153,6,14,20,6,0.25,0.59,0.84
FRA-Ligue 1,2122,PSG,Marco Verratti,ITA,MF,28.0,24,23,1937,2,2,4,2,0.09,0.09,0.19
FRA-Ligue 1,2122,PSG,Mauro Icardi,ARG,FW,28.0,24,10,1027,4,0,4,4,0.35,0.0,0.35
FRA-Ligue 1,2122,PSG,Neymar,BRA,"FW,MF",29.0,22,22,1851,13,6,19,10,0.63,0.29,0.92
FRA-Ligue 1,2122,PSG,Ángel Di María,ARG,"FW,MF",33.0,26,19,1645,5,7,12,5,0.27,0.38,0.66
FRA-Ligue 1,2122,Reims,Alexis Flips,FRA,MF,21.0,25,13,1056,2,4,6,1,0.17,0.34,0.51
FRA-Ligue 1,2122,Reims,Azor Matusiwa,NED,MF,23.0,29,29,2463,1,1,2,1,0.04,0.04,0.07
FRA-Ligue 1,2122,Reims,Bradley Locko,FRA,"MF,DF",19.0,24,11,1011,1,1,2,1,0.09,0.09,0.18
FRA-Ligue 1,2122,Reims,Dion Lopy,SEN,MF,19.0,26,19,1642,0,0,0,0,0.0,0.0,0.0
FRA-Ligue 1,2122,Reims,El Bilal Touré,MLI,"FW,MF",19.0,21,15,1194,2,4,6,1,0.15,0.3,0.45
FRA-Ligue 1,2122,Reims,Ghislain Konan,CIV,"MF,DF",25.0,28,28,2418,1,3,4,1,0.04,0.11,0.15
FRA-Ligue 1,2122,Reims,Hugo Ekitike,FRA,FW,19.0,24,15,1273,10,3,13,9,0.71,0.21,0.92
FRA-Ligue 1,2122,Reims,Ilan Kebbal,ALG,"MF,FW",23.0,31,21,1772,1,4,5,1,0.05,0.2,0.25
FRA-Ligue 1,2122,Reims,Marshall Munetsi,ZIM,"MF,DF",25.0,24,20,1885,5,1,6,5,0.24,0.05,0.29
FRA-Ligue 1,2122,Reims,Maxime Busi,BEL,"DF,MF",21.0,18,13,1296,1,0,1,1,0.07,0.0,0.07
FRA-Ligue 1,2122,Reims,Mitchell van Bergen,NED,"FW,MF",21.0,20,11,983,0,0,0,0,0.0,0.0,0.0
FRA-Ligue 1,2122,Reims,Nathanaël Mbuku,COD,"FW,MF",19.0,31,18,1418,2,1,3,2,0.13,0.06,0.19
FRA-Ligue 1,2122,Reims,Thomas Foket,BEL,"MF,DF",26.0,29,26,2235,1,0,1,1,0.04,0.0,0.04
FRA-Ligue 1,2122,Rennes,Baptiste Santamaria,FRA,"MF,DF",26.0,34,28,2518,2,1,3,2,0.07,0.04,0.11
FRA-Ligue 1,2122,Rennes,Benjamin Bourigeaud,FRA,"MF,FW",27.0,38,38,3193,11,12,23,11,0.31,0.34,0.65
FRA-Ligue 1,2122,Rennes,Flavien Tait,FRA,MF,28.0,28,24,2125,5,3,8,5,0.21,0.13,0.34
FRA-Ligue 1,2122,Rennes,Gaëtan Laborde,FRA,FW,27.0,34,32,2729,12,8,20,10,0.4,0.26,0.66
FRA-Ligue 1,2122,Rennes,Jonas Martin,FRA,MF,31.0,29,24,2105,1,1,2,1,0.04,0.04,0.09
FRA-Ligue 1,2122,Rennes,Kamaldeen Sulemana,GHA,"MF,FW",19.0,20,11,1015,4,2,6,4,0.35,0.18,0.53
FRA-Ligue 1,2122,Rennes,Lovro Majer,CRO,MF,23.0,29,21,1832,6,8,14,6,0.29,0.39,0.69
FRA-Ligue 1,2122,Rennes,Martin Terrier,FRA,"FW,MF",24.0,37,37,2779,21,3,24,19,0.68,0.1,0.78
FRA-Ligue 1,2122,Rennes,Serhou Guirassy,GUI,FW,25.0,37,7,1016,9,0,9,9,0.8,0.0,0.8
FRA-Ligue 1,2122,Saint-Étienne,Adil Aouchiche,ALG,MF,19.0,35,11,1081,0,4,4,0,0.0,0.33,0.33
FRA-Ligue 1,2122,Saint-Étienne,Arnaud Nordin,FRA,"MF,FW",23.0,36,20,1874,4,4,8,4,0.19,0.19,0.38
FRA-Ligue 1,2122,Saint-Étienne,Denis Bouanga,GAB,"FW,MF",26.0,34,28,2436,9,6,15,9,0.33,0.22,0.55
FRA-Ligue 1,2122,Saint-Étienne,Lucas Gourna-Douath,FRA,MF,17.0,31,20,1804,1,0,1,1,0.05,0.0,0.05
FRA-Ligue 1,2122,Saint-Étienne,Mahdi Camara,FRA,"MF,DF",23.0,35,34,3073,3,0,3,3,0.09,0.0,0.09
FRA-Ligue 1,2122,Saint-Étienne,Miguel Trauco,PER,"DF,MF",28.0,17,12,1112,1,0,1,1,0.08,0.0,0.08
FRA-Ligue 1,2122,Saint-Étienne,Ryad Boudebouz,ALG,"MF,FW",31.0,30,27,2252,3,4,7,2,0.12,0.16,0.28
FRA-Ligue 1,2122,Saint-Étienne,Sada Thioub,SEN,MF,26.0,17,11,950,0,1,1,0,0.0,0.09,0.09
FRA-Ligue 1,2122,Saint-Étienne,Timothée Kolodziejczak,FRA,"DF,MF",29.0,30,30,2565,2,3,5,2,0.07,0.11,0.18
FRA-Ligue 1,2122,Saint-Étienne,Wahbi Khazri,TUN,"FW,MF",30.0,30,26,2225,10,0,10,6,0.4,0.0,0.4
FRA-Ligue 1,2122,Saint-Étienne,Yvan Neyou,CMR,MF,24.0,16,12,936,0,0,0,0,0.0,0.0,0.0
FRA-Ligue 1,2122,Saint-Étienne,Yvann Macon,FRA,"DF,MF",22.0,22,19,1529,0,0,0,0,0.0,0.0,0.0
FRA-Ligue 1,2122,Saint-Étienne,Zaydou Youssouf,COM,MF,22.0,30,18,1553,1,0,1,1,0.06,0.0,0.06
FRA-Ligue 1,2122,Strasbourg,Adrien Thomasson,FRA,MF,27.0,31,27,2389,8,4,12,8,0.3,0.15,0.45
FRA-Ligue 1,2122,Strasbourg,Anthony Caci,FRA,"DF,MF",24.0,37,26,2395,1,3,4,1,0.04,0.11,0.15
FRA-Ligue 1,2122,Strasbourg,Dimitri Liénard,FRA,"DF,MF",33.0,33,23,2044,2,3,5,2,0.09,0.13,0.22
FRA-Ligue 1,2122,Strasbourg,Frederic Guilbert,FRA,"DF,MF",26.0,33,28,2516,0,4,4,0,0.0,0.14,0.14
FRA-Ligue 1,2122,Strasbourg,Habib Diallo,SEN,FW,26.0,31,16,1541,11,1,12,9,0.64,0.06,0.7
FRA-Ligue 1,2122,Strasbourg,Ibrahima Sissoko,MLI,"MF,DF",23.0,35,26,2303,2,5,7,2,0.08,0.2,0.27
FRA-Ligue 1,2122,Strasbourg,Jean-Eudes Aholou,CIV,MF,27.0,25,11,1004,1,1,2,1,0.09,0.09,0.18
FRA-Ligue 1,2122,Strasbourg,Jean-Ricner Bellegarde,HAI,MF,23.0,36,26,2332,2,3,5,2,0.08,0.12,0.19
FRA-Ligue 1,2122,Strasbourg,Kévin Gameiro,FRA,FW,34.0,35,28,2385,11,3,14,10,0.42,0.11,0.53
FRA-Ligue 1,2122,Strasbourg,Ludovic Ajorque,FRA,FW,27.0,36,31,2738,12,8,20,9,0.39,0.26,0.66
FRA-Ligue 1,2122,Strasbourg,Sanjin Prcić,BIH,MF,27.0,32,27,2186,1,0,1,1,0.04,0.0,0.04
FRA-Ligue 1,2122,Troyes,Abdu Conté,POR,"DF,MF",23.0,17,17,1347,0,1,1,0,0.0,0.07,0.07
FRA-Ligue 1,2122,Troyes,Florian Tardieu,FRA,MF,29.0,30,29,2632,4,2,6,0,0.14,0.07,0.21
FRA-Ligue 1,2122,Troyes,Giulian Biancone,FRA,"DF,MF",21.0,33,26,2292,1,2,3,1,0.04,0.08,0.12
FRA-Ligue 1,2122,Troyes,Issa Kaboré,BFA,"DF,MF",20.0,31,26,2254,0,1,1,0,0.0,0.04,0.04
FRA-Ligue 1,2122,Troyes,Mama Samba Baldé,GNB,"MF,FW",25.0,30,20,1717,3,2,5,3,0.16,0.1,0.26
FRA-Ligue 1,2122,Troyes,Renaud Ripart,FRA,"MF,FW",28.0,28,22,1893,2,2,4,2,0.1,0.1,0.19
FRA-Ligue 1,2122,Troyes,Rominigue Kouamé,MLI,MF,24.0,34,34,2968,1,2,3,1,0.03,0.06,0.09
FRA-Ligue 1,2122,Troyes,Tristan Dingomé,CMR,"MF,FW",30.0,25,12,1077,2,4,6,2,0.17,0.33,0.5
FRA-Ligue 1,2122,Troyes,Xavier Chavalerin,FRA,MF,30.0,34,31,2717,5,2,7,5,0.17,0.07,0.23
FRA-Ligue 1,2122,Troyes,Yoann Touzghar,TUN,FW,34.0,28,16,1457,4,0,4,4,0.25,0.0,0.25
FRA-Ligue 1,2122,Troyes,Youssouf Koné,MLI,"DF,MF",26.0,21,11,980,0,1,1,0,0.0,0.09,0.09
FRA-Ligue 1,2223,Ajaccio,Cyrille Bayala,BFA,MF,26.0,33,25,2009,1,1,2,1,0.04,0.04,0.09
FRA-Ligue 1,2223,Ajaccio,Kevin Spadanuda,SUI,MF,25.0,22,13,1063,0,1,1,0,0.0,0.08,0.08
FRA-Ligue 1,2223,Ajaccio,Mathieu Coutadeur,FRA,MF,36.0,27,22,1947,0,0,0,0,0.0,0.0,0.0
FRA-Ligue 1,2223,Ajaccio,Mickaël Barreto,FRA,MF,31.0,20,15,1325,1,1,2,1,0.07,0.07,0.14
FRA-Ligue 1,2223,Ajaccio,Mounaim El Idrissy,FRA,FW,23.0,32,30,2497,6,0,6,6,0.22,0.0,0.22
FRA-Ligue 1,2223,Ajaccio,Riad Nouri,FRA,MF,37.0,33,16,1693,1,1,2,1,0.05,0.05,0.11
FRA-Ligue 1,2223,Ajaccio,Romain Hamouma,FRA,FW,35.0,19,14,1079,2,2,4,2,0.17,0.17,0.33
FRA-Ligue 1,2223,Ajaccio,Thomas Mangani,FRA,MF,35.0,26,14,1332,1,1,2,0,0.07,0.07,0.14
FRA-Ligue 1,2223,Ajaccio,Vincent Marchetti,FRA,MF,25.0,31,29,2452,0,2,2,0,0.0,0.07,0.07
FRA-Ligue 1,2223,Ajaccio,Youcef Belaïli,ALG,"MF,FW",30.0,17,15,1150,6,3,9,1,0.47,0.23,0.7
FRA-Ligue 1,2223,Angers,Abdallah Sima,SEN,FW,21.0,34,19,1836,5,1,6,5,0.25,0.05,0.29
FRA-Ligue 1,2223,Angers,Adrien Hunou,FRA,"MF,FW",28.0,34,28,2234,4,1,5,4,0.16,0.04,0.2
FRA-Ligue 1,2223,Angers,Amine Salama,FRA,"FW,MF",22.0,25,12,1249,3,1,4,3,0.22,0.07,0.29
FRA-Ligue 1,2223,Angers,Azzedine Ounahi,MAR,MF,22.0,15,13,1129,0,0,0,0,0.0,0.0,0.0
FRA-Ligue 1,2223,Angers,Batista Mendy,FRA,"MF,DF",22.0,35,35,2859,0,0,0,0,0.0,0.0,0.0
FRA-Ligue 1,2223,Angers,Himad Abdelli,ALG,"MF,FW",22.0,30,24,2137,2,2,4,2,0.08,0.08,0.17
FRA-Ligue 1,2223,Angers,Ibrahima Niane,SEN,FW,23.0,16,15,1136,2,0,2,2,0.16,0.0,0.16
FRA-Ligue 1,2223,Angers,Nabil Bentaleb,ALG,MF,27.0,30,29,2489,4,4,8,2,0.14,0.14,0.29
FRA-Ligue 1,2223,Angers,Pierrick Capelle,FRA,"MF,DF",35.0,26,15,1428,0,3,3,0,0.0,0.19,0.19
FRA-Ligue 1,2223,Angers,Sada Thioub,SEN,"DF,MF",27.0,27,11,1060,1,2,3,1,0.08,0.17,0.25
FRA-Ligue 1,2223,Angers,Souleyman Doumbia,CIV,"DF,MF",25.0,24,21,1790,0,0,0,0,0.0,0.0,0.0
FRA-Ligue 1,2223,Auxerre,Akim Zedadka,ALG,"MF,DF",27.0,20,19,1599,0,0,0,0,0.0,0.0,0.0
FRA-Ligue 1,2223,Auxerre,Birama Touré,MLI,MF,30.0,38,38,3400,2,0,2,2,0.05,0.0,0.05
FRA-Ligue 1,2223,Auxerre,Gauthier Hein,FRA,MF,25.0,35,23,1874,2,0,2,2,0.1,0.0,0.1
FRA-Ligue 1,2223,Auxerre,Gaëtan Perrin,FRA,"MF,FW",26.0,37,15,1391,3,1,4,2,0.19,0.06,0.26
FRA-Ligue 1,2223,Auxerre,Gideon Mensah,GHA,"DF,MF",24.0,26,26,2262,0,0,0,0,0.0,0.0,0.0
FRA-Ligue 1,2223,Auxerre,Hamza Sakhi,FRA,MF,26.0,27,18,1658,1,2,3,1,0.05,0.11,0.16
FRA-Ligue 1,2223,Auxerre,Han-Noah Massengo,FRA,MF,21.0,14,13,1116,0,0,0,0,0.0,0.0,0.0
FRA-Ligue 1,2223,Auxerre,Lassine Sinayoko,MLI,"MF,FW",22.0,33,16,1570,1,2,3,1,0.06,0.11,0.17
FRA-Ligue 1,2223,Auxerre,M'Baye Niang,SEN,FW,27.0,30,17,1482,6,0,6,3,0.36,0.0,0.36
FRA-Ligue 1,2223,Auxerre,Mathias Autret,FRA,MF,31.0,23,16,1290,2,2,4,1,0.14,0.14,0.28
FRA-Ligue 1,2223,Auxerre,Nuno da Costa,CPV,"FW,MF",31.0,33,23,2003,5,4,9,5,0.22,0.18,0.4
FRA-Ligue 1,2223,Auxerre,Rayan Raveloson,MAD,"DF,MF",25.0,34,27,2431,2,1,3,2,0.07,0.04,0.11
FRA-Ligue 1,2223,Auxerre,Youssouf M'Changama,COM,MF,31.0,26,11,1081,0,0,0,0,0.0,0.0,0.0
FRA-Ligue 1,2223,Brest,Franck Honorat,FRA,"MF,FW",25.0,33,29,2535,6,5,11,6,0.21,0.18,0.39
FRA-Ligue 1,2223,Brest,Haris Belkebla,ALG,MF,28.0,38,30,2656,2,0,2,1,0.07,0.0,0.07
FRA-Ligue 1,2223,Brest,Hugo Magnetti,FRA,MF,24.0,32,19,1688,1,2,3,1,0.05,0.11,0.16
FRA-Ligue 1,2223,Brest,Islam Slimani,ALG,FW,34.0,16,11,986,1,1,2,1,0.09,0.09,0.18
FRA-Ligue 1,2223,Brest,Jérémy Le Douaron,FRA,"MF,FW",24.0,32,24,2071,10,3,13,10,0.43,0.13,0.56
FRA-Ligue 1,2223,Brest,Mahdi Camara,FRA,MF,24.0,31,20,1820,2,0,2,2,0.1,0.0,0.1
FRA-Ligue 1,2223,Brest,Mathias Pereira Lage,POR,"MF,FW",25.0,24,16,1264,2,1,3,2,0.14,0.07,0.21
FRA-Ligue 1,2223,Brest,Pierre Lees-Melou,FRA,MF,29.0,32,32,2767,5,5,10,5,0.16,0.16,0.33
FRA-Ligue 1,2223,Brest,Romain Del Castillo,FRA,"MF,FW",26.0,27,16,1422,6,6,12,1,0.38,0.38,0.76
FRA-Ligue 1,2223,Brest,Steve Mounié,BEN,FW,27.0,23,20,1655,6,0,6,5,0.33,0.0,0.33
FRA-Ligue 1,2223,Clermont Foot,Elba Rashani,KVX,MF,29.0,32,26,2162,3,3,6,3,0.12,0.12,0.25
FRA-Ligue 1,2223,Clermont Foot,Grejohn Kyei,FRA,FW,26.0,37,26,2232,10,3,13,6,0.4,0.12,0.52
FRA-Ligue 1,2223,Clermont Foot,Jim Allevinah,GAB,MF,27.0,36,25,2244,1,1,2,1,0.04,0.04,0.08
FRA-Ligue 1,2223,Clermont Foot,Johan Gastien,FRA,MF,34.0,31,29,2603,4,3,7,4,0.14,0.1,0.24
FRA-Ligue 1,2223,Clermont Foot,Komnen Andrić,SRB,FW,27.0,34,16,1446,4,3,7,3,0.25,0.19,0.44
FRA-Ligue 1,2223,Clermont Foot,Maxime Gonalons,FRA,MF,33.0,25,19,1449,1,0,1,1,0.06,0.0,0.06
FRA-Ligue 1,2223,Clermont Foot,Muhammed Cham,AUT,MF,21.0,38,23,1968,7,4,11,5,0.32,0.18,0.5
FRA-Ligue 1,2223,Clermont Foot,Neto Borges,BRA,"MF,DF",25.0,33,33,2833,3,1,4,3,0.1,0.03,0.13
FRA-Ligue 1,2223,Clermont Foot,Saîf-Eddine Khaoui,TUN,MF,27.0,34,23,2027,7,3,10,7,0.31,0.13,0.44
FRA-Ligue 1,2223,Clermont Foot,Yohann Magnin,FRA,MF,25.0,38,25,2399,0,0,0,0,0.0,0.0,0.0
FRA-Ligue 1,2223,Lens,Adrien Thomasson,FRA,"MF,FW",28.0,20,16,1278,5,5,10,5,0.35,0.35,0.7
FRA-Ligue 1,2223,Lens,David Costa,POR,"MF,FW",21.0,31,16,1407,1,3,4,1,0.06,0.19,0.26
FRA-Ligue 1,2223,Lens,Deiver Machado,COL,MF,28.0,33,26,2184,4,3,7,4,0.16,0.12,0.29
FRA-Ligue 1,2223,Lens,Florian Sotoca,FRA,"MF,FW",31.0,38,34,3054,7,9,16,6,0.21,0.27,0.47
FRA-Ligue 1,2223,Lens,Loïs Openda,BEL,FW,22.0,38,29,2517,21,4,25,20,0.75,0.14,0.89
FRA-Ligue 1,2223,Lens,Massadio Haïdara,MLI,"DF,MF",29.0,36,17,1671,0,1,1,0,0.0,0.05,0.05
FRA-Ligue 1,2223,Lens,Przemysław Frankowski,POL,MF,27.0,37,31,2833,5,3,8,2,0.16,0.1,0.25
FRA-Ligue 1,2223,Lens,Salis Abdul Samed,GHA,MF,22.0,33,33,2894,1,1,2,1,0.03,0.03,0.06
FRA-Ligue 1,2223,Lens,Seko Fofana,CIV,MF,27.0,35,34,3073,7,5,12,6,0.21,0.15,0.35
FRA-Ligue 1,2223,Lille,Adam Ounas,ALG,MF,25.0,21,12,1064,1,1,2,1,0.08,0.08,0.17
FRA-Ligue 1,2223,Lille,André Gomes,POR,MF,29.0,26,18,1629,3,2,5,3,0.17,0.11,0.28
FRA-Ligue 1,2223,Lille,Angel Gomes,ENG,MF,21.0,36,34,2816,2,6,8,1,0.06,0.19,0.26
FRA-Ligue 1,2223,Lille,Benjamin André,FRA,MF,31.0,34,33,2916,1,1,2,1,0.03,0.03,0.06
FRA-Ligue 1,2223,Lille,Edon Zhegrova,KVX,MF,23.0,22,11,1056,3,4,7,3,0.26,0.34,0.6
FRA-Ligue 1,2223,Lille,Ismaily,BRA,"DF,MF",32.0,23,21,1779,2,1,3,2,0.1,0.05,0.15
FRA-Ligue 1,2223,Lille,Jonathan Bamba,CIV,MF,26.0,34,32,2783,6,7,13,6,0.19,0.23,0.42
FRA-Ligue 1,2223,Lille,Jonathan David,CAN,"FW,MF",22.0,37,36,3166,24,4,28,14,0.68,0.11,0.8
FRA-Ligue 1,2223,Lille,Rémy Cabella,FRA,MF,32.0,32,28,2525,7,10,17,7,0.25,0.36,0.61
FRA-Ligue 1,2223,Lille,Timothy Weah,USA,"DF,MF",22.0,29,18,1748,0,2,2,0,0.0,0.1,0.1
FRA-Ligue 1,2223,Lorient,Bonke Innocent,NGA,MF,26.0,25,14,1182,0,1,1,0,0.0,0.08,0.08
FRA-Ligue 1,2223,Lorient,Dango Ouattara,BFA,"MF,FW",20.0,18,18,1548,6,5,11,6,0.35,0.29,0.64
FRA-Ligue 1,2223,Lorient,Enzo Le Fée,FRA,MF,22.0,35,35,3028,5,6,11,5,0.15,0.18,0.33
FRA-Ligue 1,2223,Lorient,Gédéon Kalulu,COD,"DF,MF",24.0,29,28,2438,0,4,4,0,0.0,0.15,0.15
FRA-Ligue 1,2223,Lorient,Ibrahima Koné,MLI,FW,23.0,37,15,1577,7,1,8,5,0.4,0.06,0.46
FRA-Ligue 1,2223,Lorient,Jean-Victor Makengo,FRA,MF,24.0,15,12,1064,0,0,0,0,0.0,0.0,0.0
FRA-Ligue 1,2223,Lorient,Julien Ponceau,FRA,MF,21.0,31,20,1655,1,4,5,1,0.05,0.22,0.27
FRA-Ligue 1,2223,Lorient,Laurent Abergel,FRA,MF,29.0,29,28,2342,0,1,1,0,0.0,0.04,0.04
FRA-Ligue 1,2223,Lorient,Romain Faivre,FRA,MF,24.0,16,14,1246,5,3,8,5,0.36,0.22,0.58
FRA-Ligue 1,2223,Lorient,Stéphane Diarra,FRA,"MF,FW",23.0,28,14,1066,2,0,2,2,0.17,0.0,0.17
FRA-Ligue 1,2223,Lorient,Terem Moffi,NGA,FW,23.0,18,17,1386,12,0,12,11,0.78,0.0,0.78
FRA-Ligue 1,2223,Lorient,Théo Le Bris,FRA,"MF,DF",19.0,27,15,1452,2,2,4,2,0.12,0.12,0.25
FRA-Ligue 1,2223,Lorient,Yoann Cathline,FRA,MF,20.0,23,11,1090,1,1,2,1,0.08,0.08,0.17
FRA-Ligue 1,2223,Lyon,Alexandre Lacazette,FRA,FW,31.0,35,34,2929,27,5,32,21,0.83,0.15,0.98
FRA-Ligue 1,2223,Lyon,Bradley Barcola,FRA,"FW,MF",19.0,26,15,1440,5,8,13,5,0.31,0.5,0.81
FRA-Ligue 1,2223,Lyon,Corentin Tolisso,FRA,MF,27.0,30,25,2036,1,2,3,1,0.04,0.09,0.13
FRA-Ligue 1,2223,Lyon,Johann Lepenant,FRA,MF,19.0,31,21,1933,1,2,3,1,0.05,0.09,0.14
FRA-Ligue 1,2223,Lyon,Karl Toko Ekambi,CMR,"FW,MF",29.0,19,15,1353,4,2,6,4,0.27,0.13,0.4
FRA-Ligue 1,2223,Lyon,Malo Gusto,FRA,"DF,MF",19.0,21,19,1595,0,1,1,0,0.0,0.06,0.06
FRA-Ligue 1,2223,Lyon,Maxence Caqueret,FRA,MF,22.0,36,32,2767,4,7,11,4,0.13,0.23,0.36
FRA-Ligue 1,2223,Lyon,Nicolás Tagliafico,ARG,"DF,MF",29.0,34,34,2991,1,3,4,1,0.03,0.09,0.12
FRA-Ligue 1,2223,Lyon,Rayan Cherki,FRA,"MF,FW",18.0,34,21,1872,4,6,10,4,0.19,0.29,0.48
FRA-Ligue 1,2223,Lyon,Sael Kumbedi,FRA,"DF,MF",17.0,20,14,1320,0,2,2,0,0.0,0.14,0.14
FRA-Ligue 1,2223,Lyon,Tetê,BRA,"FW,MF",22.0,17,14,1107,6,2,8,6,0.49,0.16,0.65
FRA-Ligue 1,2223,Lyon,Thiago Mendes,BRA,"MF,DF",30.0,31,22,2063,1,1,2,1,0.04,0.04,0.09
FRA-Ligue 1,2223,Marseille,Alexis Sánchez,CHI,"FW,MF",33.0,35,32,2679,14,3,17,12,0.47,0.1,0.57
FRA-Ligue 1,2223,Marseille,Cengiz Ünder,TUR,MF,25.0,37,28,2490,5,4,9,4,0.18,0.14,0.33
FRA-Ligue 1,2223,Marseille,Issa Kaboré,BFA,MF,21.0,22,9,1028,1,0,1,1,0.09,0.0,0.09
FRA-Ligue 1,2223,Marseille,Jonathan Clauss,FRA,MF,29.0,34,32,2590,2,9,11,2,0.07,0.31,0.38
FRA-Ligue 1,2223,Marseille,Jordan Veretout,FRA,MF,29.0,38,31,2863,4,3,7,3,0.13,0.09,0.22
FRA-Ligue 1,2223,Marseille,Mattéo Guendouzi,FRA,MF,23.0,33,25,2108,2,4,6,1,0.09,0.17,0.26
FRA-Ligue 1,2223,Marseille,Nuno Tavares,POR,MF,22.0,31,23,2349,6,0,6,6,0.23,0.0,0.23
FRA-Ligue 1,2223,Marseille,Ruslan Malinovskyi,UKR,"MF,FW",29.0,20,13,1227,1,1,2,1,0.07,0.07,0.15
FRA-Ligue 1,2223,Marseille,Sead Kolašinac,BIH,"DF,MF",29.0,33,26,2214,4,1,5,4,0.16,0.04,0.2
FRA-Ligue 1,2223,Marseille,Valentin Rongier,FRA,MF,27.0,36,34,3032,1,2,3,1,0.03,0.06,0.09
FRA-Ligue 1,2223,Monaco,Aleksandr Golovin,RUS,MF,26.0,34,29,2464,8,7,15,8,0.29,0.26,0.55
FRA-Ligue 1,2223,Monaco,Breel Embolo,SUI,FW,25.0,32,19,1859,12,2,14,12,0.58,0.1,0.68
FRA-Ligue 1,2223,Monaco,Eliesse Ben Seghir,MAR,"FW,MF",17.0,19,13,1052,4,1,5,4,0.34,0.09,0.43
FRA-Ligue 1,2223,Monaco,Eliot Matazo,BEL,MF,20.0,23,13,1175,1,0,1,1,0.08,0.0,0.08
FRA-Ligue 1,2223,Monaco,Ismail Jakobs,SEN,"MF,DF",22.0,32,9,1119,0,2,2,0,0.0,0.16,0.16
FRA-Ligue 1,2223,Monaco,Krépin Diatta,SEN,MF,23.0,31,22,2072,4,2,6,4,0.17,0.09,0.26
FRA-Ligue 1,2223,Monaco,Mohamed Camara,MLI,MF,22.0,29,25,2194,0,3,3,0,0.0,0.12,0.12
FRA-Ligue 1,2223,Monaco,Vanderson,BRA,"DF,MF",21.0,31,24,2214,1,4,5,1,0.04,0.16,0.2
FRA-Ligue 1,2223,Monaco,Wissam Ben Yedder,FRA,FW,31.0,32,28,2114,19,6,25,14,0.81,0.26,1.06
FRA-Ligue 1,2223,Monaco,Youssouf Fofana,FRA,MF,23.0,36,35,3086,2,2,4,2,0.06,0.06,0.12
FRA-Ligue 1,2223,Montpellier,Arnaud Nordin,FRA,"MF,FW",24.0,36,30,2401,9,3,12,9,0.34,0.11,0.45
FRA-Ligue 1,2223,Montpellier,Elye Wahi,CIV,FW,19.0,33,29,2513,19,5,24,18,0.68,0.18,0.86
FRA-Ligue 1,2223,Montpellier,Faitout Maouassa,FRA,"MF,DF",24.0,33,23,1923,5,5,10,5,0.23,0.23,0.47
FRA-Ligue 1,2223,Montpellier,Jordan Ferri,FRA,MF,30.0,34,32,2738,1,2,3,1,0.03,0.07,0.1
FRA-Ligue 1,2223,Montpellier,Joris Chotard,FRA,MF,20.0,35,26,2461,0,6,6,0,0.0,0.22,0.22
FRA-Ligue 1,2223,Montpellier,Léo Leroy,FRA,MF,22.0,27,14,1192,0,0,0,0,0.0,0.0,0.0
FRA-Ligue 1,2223,Montpellier,Stephy Mavididi,ENG,"MF,FW",24.0,26,14,1288,4,2,6,4,0.28,0.14,0.42
FRA-Ligue 1,2223,Montpellier,Téji Savanier,FRA,MF,30.0,30,30,2546,12,4,16,6,0.42,0.14,0.57
FRA-Ligue 1,2223,Montpellier,Wahbi Khazri,TUN,"MF,FW",31.0,27,20,1635,4,1,5,4,0.22,0.06,0.28
FRA-Ligue 1,2223,Nantes,Andrei Girotto,BRA,"DF,MF",30.0,36,36,3149,1,1,2,1,0.03,0.03,0.06
FRA-Ligue 1,2223,Nantes,Evann Guessand,CIV,"MF,FW",21.0,30,15,1260,3,2,5,3,0.21,0.14,0.36
FRA-Ligue 1,2223,Nantes,Fabien Centonze,FRA,"DF,MF",26.0,23,19,1689,0,0,0,0,0.0,0.0,0.0
FRA-Ligue 1,2223,Nantes,Florent Mollet,FRA,MF,30.0,19,11,1089,1,2,3,1,0.08,0.17,0.25
FRA-Ligue 1,2223,Nantes,Ignatius Ganago,CMR,"FW,MF",23.0,28,16,1520,5,3,8,5,0.3,0.18,0.47
FRA-Ligue 1,2223,Nantes,Ludovic Blas,FRA,"MF,FW",24.0,37,30,2813,7,5,12,5,0.22,0.16,0.38
FRA-Ligue 1,2223,Nantes,Moses Simon,NGA,"MF,FW",27.0,34,28,2346,5,4,9,4,0.19,0.15,0.35
FRA-Ligue 1,2223,Nantes,Mostafa Mohamed,EGY,FW,24.0,36,18,1939,8,2,10,8,0.37,0.09,0.46
FRA-Ligue 1,2223,Nantes,Moussa Sissoko,FRA,MF,32.0,30,22,1918,2,0,2,2,0.09,0.0,0.09
FRA-Ligue 1,2223,Nantes,Pedro Chirivella,ESP,MF,25.0,26,25,2028,0,1,1,0,0.0,0.04,0.04
FRA-Ligue 1,2223,Nantes,Quentin Merlin,FRA,"DF,MF",20.0,24,22,1791,1,2,3,1,0.05,0.1,0.15
FRA-Ligue 1,2223,Nantes,Samuel Moutoussamy,COD,MF,25.0,35,27,2399,0,2,2,0,0.0,0.08,0.08
FRA-Ligue 1,2223,Nice,Aaron Ramsey,WAL,MF,31.0,27,18,1584,1,1,2,1,0.06,0.06,0.11
FRA-Ligue 1,2223,Nice,Gaëtan Laborde,FRA,FW,28.0,33,28,2506,13,3,16,13,0.47,0.11,0.57
FRA-Ligue 1,2223,Nice,Hicham Boudaoui,ALG,MF,22.0,27,22,1875,1,2,3,1,0.05,0.1,0.14
FRA-Ligue 1,2223,Nice,Jordan Lotomba,SUI,"DF,MF",23.0,33,27,2453,0,2,2,0,0.0,0.07,0.07
FRA-Ligue 1,2223,Nice,Khéphren Thuram,FRA,MF,21.0,35,30,2547,2,4,6,2,0.07,0.14,0.21
FRA-Ligue 1,2223,Nice,Melvin Bard,FRA,"DF,MF",21.0,33,28,2456,0,0,0,0,0.0,0.0,0.0
FRA-Ligue 1,2223,Nice,Nicolas Pépé,CIV,"FW,MF",27.0,18,17,1495,6,0,6,3,0.36,0.0,0.36
FRA-Ligue 1,2223,Nice,Pablo Rosario,DOM,"MF,DF",25.0,31,17,1767,0,1,1,0,0.0,0.05,0.05
FRA-Ligue 1,2223,Nice,Ross Barkley,ENG,"MF,FW",28.0,27,9,960,4,2,6,4,0.37,0.19,0.56
FRA-Ligue 1,2223,Nice,Sofiane Diop,MAR,"MF,FW",22.0,22,14,1228,1,4,5,1,0.07,0.29,0.37
FRA-Ligue 1,2223,Nice,Terem Moffi,NGA,FW,23.0,16,15,1328,6,3,9,6,0.41,0.2,0.61
FRA-Ligue 1,2223,PSG,Achraf Hakimi,MAR,"MF,DF",23.0,28,23,2053,5,3,8,5,0.22,0.13,0.35
FRA-Ligue 1,2223,PSG,Carlos Soler,ESP,MF,25.0,26,14,1187,3,2,5,3,0.23,0.15,0.38
FRA-Ligue 1,2223,PSG,Danilo Pereira,POR,"DF,MF",30.0,33,27,2410,2,0,2,2,0.07,0.0,0.07
FRA-Ligue 1,2223,PSG,Fabián Ruiz Peña,ESP,MF,26.0,27,21,1892,3,2,5,3,0.14,0.1,0.24
FRA-Ligue 1,2223,PSG,Hugo Ekitike,FRA,FW,20.0,25,12,1155,3,4,7,3,0.23,0.31,0.55
FRA-Ligue 1,2223,PSG,Juan Bernat,ESP,"MF,DF",29.0,28,18,1648,1,4,5,1,0.05,0.22,0.27
FRA-Ligue 1,2223,PSG,Kylian Mbappé,FRA,FW,23.0,34,32,2818,29,5,34,26,0.93,0.16,1.09
FRA-Ligue 1,2223,PSG,Lionel Messi,ARG,"FW,MF",35.0,32,32,2837,16,16,32,16,0.51,0.51,1.02
FRA-Ligue 1,2223,PSG,Marco Verratti,ITA,MF,29.0,29,27,2194,0,0,0,0,0.0,0.0,0.0
FRA-Ligue 1,2223,PSG,Neymar,BRA,"MF,FW",30.0,20,18,1545,13,11,24,11,0.76,0.64,1.4
FRA-Ligue 1,2223,PSG,Nordi Mukiele,FRA,"MF,DF",24.0,19,12,1137,0,3,3,0,0.0,0.24,0.24
FRA-Ligue 1,2223,PSG,Nuno Mendes,POR,"MF,DF",20.0,23,18,1548,1,6,7,1,0.06,0.35,0.41
FRA-Ligue 1,2223,PSG,Vitinha,POR,MF,22.0,36,29,2446,2,3,5,2,0.07,0.11,0.18
FRA-Ligue 1,2223,PSG,Warren Zaïre-Emery,FRA,MF,16.0,26,8,929,2,0,2,2,0.19,0.0,0.19
FRA-Ligue 1,2223,Reims,Alexis Flips,FRA,"MF,DF",22.0,33,28,1978,4,6,10,4,0.18,0.27,0.46
FRA-Ligue 1,2223,Reims,Arber Zeneli,KVX,"MF,FW",27.0,23,12,1000,0,2,2,0,0.0,0.18,0.18
FRA-Ligue 1,2223,Reims,Azor Matusiwa,NED,MF,24.0,30,29,2484,0,0,0,0,0.0,0.0,0.0
FRA-Ligue 1,2223,Reims,Bradley Locko,FRA,"MF,DF",20.0,15,13,1059,0,0,0,0,0.0,0.0,0.0
FRA-Ligue 1,2223,Reims,Dion Lopy,SEN,MF,20.0,29,16,1379,0,1,1,0,0.0,0.07,0.07
FRA-Ligue 1,2223,Reims,Folarin Balogun,USA,FW,21.0,37,34,2999,21,2,23,15,0.63,0.06,0.69
FRA-Ligue 1,2223,Reims,Jens Cajuste,SWE,MF,22.0,31,14,1530,3,1,4,3,0.18,0.06,0.24
FRA-Ligue 1,2223,Reims,Junya Itō,JPN,"MF,FW",29.0,35,34,2916,6,5,11,6,0.19,0.15,0.34
FRA-Ligue 1,2223,Reims,Kamory Doumbia,MLI,MF,19.0,26,13,1155,2,2,4,1,0.16,0.16,0.31
FRA-Ligue 1,2223,Reims,Marshall Munetsi,ZIM,MF,26.0,34,31,2700,7,3,10,7,0.23,0.1,0.33
FRA-Ligue 1,2223,Reims,Maxime Busi,BEL,"MF,DF",22.0,21,11,1043,0,1,1,0,0.0,0.09,0.09
FRA-Ligue 1,2223,Reims,Mitchell van Bergen,NED,"MF,FW",22.0,28,6,905,0,1,1,0,0.0,0.1,0.1
FRA-Ligue 1,2223,Rennes,Amine Gouiri,ALG,"FW,MF",22.0,33,29,2523,15,3,18,15,0.54,0.11,0.64
FRA-Ligue 1,2223,Rennes,Arnaud Kalimuendo,FRA,FW,20.0,30,24,1849,7,3,10,7,0.34,0.15,0.49
FRA-Ligue 1,2223,Rennes,Baptiste Santamaria,FRA,MF,27.0,25,20,1813,2,0,2,2,0.1,0.0,0.1
FRA-Ligue 1,2223,Rennes,Benjamin Bourigeaud,FRA,"MF,FW",28.0,37,37,3065,7,10,17,5,0.21,0.29,0.5
FRA-Ligue 1,2223,Rennes,Désiré Doué,FRA,"MF,FW",17.0,26,11,1115,3,1,4,3,0.24,0.08,0.32
FRA-Ligue 1,2223,Rennes,Flavien Tait,FRA,MF,29.0,30,19,1680,2,2,4,2,0.11,0.11,0.21
FRA-Ligue 1,2223,Rennes,Jeremy Doku,BEL,"MF,FW",20.0,29,13,1291,6,2,8,6,0.42,0.14,0.56
FRA-Ligue 1,2223,Rennes,Karl Toko Ekambi,CMR,"MF,FW",29.0,17,11,972,3,2,5,3,0.28,0.19,0.46
FRA-Ligue 1,2223,Rennes,Lesley Ugochukwu,FRA,MF,18.0,26,14,1330,0,1,1,0,0.0,0.07,0.07
FRA-Ligue 1,2223,Rennes,Lovro Majer,CRO,MF,24.0,32,18,1668,2,5,7,1,0.11,0.27,0.38
FRA-Ligue 1,2223,Rennes,Martin Terrier,FRA,"MF,FW",25.0,16,16,1319,9,4,13,9,0.61,0.27,0.89
FRA-Ligue 1,2223,Strasbourg,Adrien Thomasson,FRA,"MF,FW",28.0,15,10,937,0,2,2,0,0.0,0.19,0.19
FRA-Ligue 1,2223,Strasbourg,Colin Dagba,FRA,"MF,DF",23.0,21,12,958,0,0,0,0,0.0,0.0,0.0
FRA-Ligue 1,2223,Strasbourg,Dimitri Liénard,FRA,"MF,DF",34.0,28,18,1543,0,0,0,0,0.0,0.0,0.0
FRA-Ligue 1,2223,Strasbourg,Frederic Guilbert,FRA,"MF,DF",27.0,18,17,1461,0,1,1,0,0.0,0.06,0.06
FRA-Ligue 1,2223,Strasbourg,Habib Diallo,SEN,FW,27.0,37,32,2879,20,1,21,17,0.63,0.03,0.66
FRA-Ligue 1,2223,Strasbourg,Habib Diarra,SEN,"MF,FW",18.0,29,18,1626,3,2,5,3,0.17,0.11,0.28
FRA-Ligue 1,2223,Strasbourg,Ibrahima Sissoko,MLI,MF,24.0,26,13,1310,0,2,2,0,0.0,0.14,0.14
FRA-Ligue 1,2223,Strasbourg,Ismaël Doukouré,FRA,"DF,MF",19.0,28,25,2297,1,1,2,1,0.04,0.04,0.08
FRA-Ligue 1,2223,Strasbourg,Jean-Eudes Aholou,CIV,MF,28.0,30,16,1300,3,1,4,3,0.21,0.07,0.28
FRA-Ligue 1,2223,Strasbourg,Jean-Ricner Bellegarde,HAI,"MF,FW",24.0,30,29,2419,2,6,8,2,0.07,0.22,0.3
FRA-Ligue 1,2223,Strasbourg,Kévin Gameiro,FRA,FW,35.0,34,23,2098,10,0,10,9,0.43,0.0,0.43
FRA-Ligue 1,2223,Strasbourg,Morgan Sanson,FRA,MF,27.0,18,18,1419,1,2,3,1,0.06,0.13,0.19
FRA-Ligue 1,2223,Strasbourg,Sanjin Prcić,BIH,MF,28.0,29,17,1633,1,1,2,1,0.06,0.06,0.11
FRA-Ligue 1,2223,Strasbourg,Thomas Delaine,FRA,MF,30.0,17,13,1069,0,2,2,0,0.0,0.17,0.17
FRA-Ligue 1,2223,Toulouse,Ado Onaiwu,JPN,"FW,MF",26.0,34,9,1082,2,1,3,2,0.17,0.08,0.25
FRA-Ligue 1,2223,Toulouse,Branco van den Boomen,NED,MF,27.0,35,32,2888,5,8,13,1,0.16,0.25,0.41
FRA-Ligue 1,2223,Toulouse,Brecht Dejaegere,BEL,MF,31.0,30,25,1809,4,1,5,4,0.2,0.05,0.25
FRA-Ligue 1,2223,Toulouse,Fares Chaïbi,ALG,"MF,FW",19.0,36,24,2340,5,5,10,5,0.19,0.19,0.38
FRA-Ligue 1,2223,Toulouse,Rafael Ratão,BRA,"FW,MF",26.0,30,25,1851,5,4,9,5,0.24,0.19,0.44
FRA-Ligue 1,2223,Toulouse,Stijn Spierings,NED,MF,26.0,36,35,3120,2,0,2,2,0.06,0.0,0.06
FRA-Ligue 1,2223,Toulouse,Thijs Dallinga,NED,FW,21.0,36,28,2353,12,1,13,12,0.46,0.04,0.5
FRA-Ligue 1,2223,Toulouse,Zakaria Aboukhlal,MAR,"MF,FW",22.0,37,28,2473,10,5,15,10,0.36,0.18,0.55
FRA-Ligue 1,2223,Troyes,Abdu Conté,POR,"DF,MF",24.0,19,15,1315,1,2,3,1,0.07,0.14,0.21
FRA-Ligue 1,2223,Troyes,Andreas Bruus,DEN,"MF,DF",23.0,27,18,1628,0,2,2,0,0.0,0.11,0.11
FRA-Ligue 1,2223,Troyes,Florian Tardieu,FRA,MF,30.0,15,11,1009,3,0,3,0,0.27,0.0,0.27
FRA-Ligue 1,2223,Troyes,Lucien Agoume,FRA,MF,20.0,15,14,1094,0,1,1,0,0.0,0.08,0.08
FRA-Ligue 1,2223,Troyes,Mama Samba Baldé,GNB,"FW,MF",26.0,34,30,2665,12,3,15,10,0.41,0.1,0.51
FRA-Ligue 1,2223,Troyes,Renaud Ripart,FRA,"FW,MF",29.0,26,15,1320,4,1,5,4,0.27,0.07,0.34
FRA-Ligue 1,2223,Troyes,Rominigue Kouamé,MLI,MF,25.0,32,31,2661,1,1,2,1,0.03,0.03,0.07
FRA-Ligue 1,2223,Troyes,Rony Lopes,POR,"MF,FW",26.0,32,29,2346,7,5,12,7,0.27,0.19,0.46
FRA-Ligue 1,2223,Troyes,Thierno Balde,FRA,"MF,DF",20.0,31,25,2153,0,1,1,0,0.0,0.04,0.04
FRA-Ligue 1,2223,Troyes,Wilson Odobert,FRA,MF,17.0,32,19,1764,4,2,6,4,0.2,0.1,0.31
FRA-Ligue 1,2223,Troyes,Xavier Chavalerin,FRA,MF,31.0,34,25,2426,4,2,6,4,0.15,0.07,0.22
FRA-Ligue 1,2223,Troyes,Yasser Larouci,ALG,"MF,DF",21.0,30,21,1797,1,1,2,1,0.05,0.05,0.1
FRA-Ligue 1,2324,Brest,Hugo Magnetti,FRA,MF,25.0,33,30,2340,2,0,2,2,0.08,0.0,0.08
FRA-Ligue 1,2324,Brest,Jonas Martin,FRA,MF,33.0,31,9,1208,0,1,1,0,0.0,0.07,0.07
FRA-Ligue 1,2324,Brest,Jérémy Le Douaron,FRA,"FW,MF",25.0,33,19,1618,4,0,4,4,0.22,0.0,0.22
FRA-Ligue 1,2324,Brest,Mahdi Camara,FRA,MF,25.0,32,26,2020,7,3,10,6,0.31,0.13,0.45
FRA-Ligue 1,2324,Brest,Martin Satriano,URU,"FW,MF",22.0,33,21,1864,4,4,8,4,0.19,0.19,0.39
FRA-Ligue 1,2324,Brest,Mathias Pereira Lage,POR,"MF,FW",26.0,30,12,1187,3,2,5,3,0.23,0.15,0.38
FRA-Ligue 1,2324,Brest,Pierre Lees-Melou,FRA,MF,30.0,29,29,2517,4,0,4,4,0.14,0.0,0.14
FRA-Ligue 1,2324,Brest,Romain Del Castillo,FRA,"MF,FW",27.0,33,30,2497,8,8,16,5,0.29,0.29,0.58
FRA-Ligue 1,2324,Brest,Steve Mounié,BEN,FW,28.0,32,20,1769,6,2,8,6,0.31,0.1,0.41
FRA-Ligue 1,2324,Clermont Foot,Alan Virginius,FRA,"MF,FW",20.0,14,12,934,0,2,2,0,0.0,0.19,0.19
FRA-Ligue 1,2324,Clermont Foot,Bilal Boutobba,FRA,"MF,FW",24.0,27,10,926,1,1,2,1,0.1,0.1,0.19
FRA-Ligue 1,2324,Clermont Foot,Cheick Konaté,MLI,"MF,DF",19.0,19,12,1068,1,1,2,1,0.08,0.08,0.17
FRA-Ligue 1,2324,Clermont Foot,Elba Rashani,KVX,"MF,FW",30.0,24,14,1175,2,0,2,2,0.15,0.0,0.15
FRA-Ligue 1,2324,Clermont Foot,Grejohn Kyei,FRA,FW,27.0,26,10,1026,2,1,3,1,0.18,0.09,0.26
FRA-Ligue 1,2324,Clermont Foot,Habib Keita,MLI,MF,21.0,27,12,1278,1,0,1,1,0.07,0.0,0.07
FRA-Ligue 1,2324,Clermont Foot,Jim Allevinah,GAB,MF,28.0,29,22,1861,2,1,3,2,0.1,0.05,0.15
FRA-Ligue 1,2324,Clermont Foot,Johan Gastien,FRA,MF,35.0,28,28,2260,0,0,0,0,0.0,0.0,0.0
FRA-Ligue 1,2324,Clermont Foot,Maxime Gonalons,FRA,MF,34.0,21,17,1296,1,0,1,1,0.07,0.0,0.07
FRA-Ligue 1,2324,Clermont Foot,Mehdi Zeffane,ALG,"MF,DF",31.0,23,15,1231,0,0,0,0,0.0,0.0,0.0
FRA-Ligue 1,2324,Clermont Foot,Muhammed Cham,AUT,"MF,FW",22.0,33,29,2554,8,4,12,4,0.28,0.14,0.42
FRA-Ligue 1,2324,Clermont Foot,Neto Borges,BRA,"MF,DF",26.0,28,28,2516,0,1,1,0,0.0,0.04,0.04
FRA-Ligue 1,2324,Clermont Foot,Shamar Nicholson,JAM,FW,26.0,26,17,1484,4,3,7,3,0.24,0.18,0.42
FRA-Ligue 1,2324,Clermont Foot,Yohann Magnin,FRA,MF,26.0,31,17,1687,1,0,1,1,0.05,0.0,0.05
FRA-Ligue 1,2324,Le Havre,Abdoulaye Touré,GUI,MF,29.0,30,27,2284,2,0,2,0,0.08,0.0,0.08
FRA-Ligue 1,2324,Le Havre,André Ayew,GHA,"FW,MF",33.0,19,12,1104,5,0,5,5,0.41,0.0,0.41
FRA-Ligue 1,2324,Le Havre,Christopher Opéri,CIV,"DF,MF",26.0,28,28,2445,3,4,7,3,0.11,0.15,0.26
FRA-Ligue 1,2324,Le Havre,Daler Kuzyaev,RUS,MF,30.0,30,24,2090,2,2,4,2,0.09,0.09,0.17
FRA-Ligue 1,2324,Le Havre,Emmanuel Sabbi,USA,"MF,FW",25.0,30,18,1584,5,1,6,3,0.28,0.06,0.34
FRA-Ligue 1,2324,Le Havre,Josué Casimir,HAI,"MF,FW",21.0,30,25,2016,0,5,5,0,0.0,0.22,0.22
FRA-Ligue 1,2324,Le Havre,Loïc Nego,HUN,"MF,DF",32.0,28,18,1561,0,3,3,0,0.0,0.17,0.17
FRA-Ligue 1,2324,Le Havre,Mohamed Lamine Bayo,GUI,FW,25.0,22,16,1389,5,1,6,3,0.32,0.06,0.39
FRA-Ligue 1,2324,Le Havre,Nabil Alioui,FRA,"MF,FW",24.0,18,12,1009,4,1,5,4,0.36,0.09,0.45
FRA-Ligue 1,2324,Le Havre,Oussama Targhalline,MAR,MF,21.0,14,12,1025,0,0,0,0,0.0,0.0,0.0
FRA-Ligue 1,2324,Le Havre,Yassine Kechta,MAR,MF,21.0,32,21,1849,2,1,3,2,0.1,0.05,0.15
FRA-Ligue 1,2324,Lens,Adrien Thomasson,FRA,MF,29.0,29,13,1193,1,2,3,1,0.08,0.15,0.23
FRA-Ligue 1,2324,Lens,Andy Diouf,FRA,MF,20.0,25,16,1314,1,0,1,1,0.07,0.0,0.07
FRA-Ligue 1,2324,Lens,Angelo Fulgini,NCL,MF,26.0,29,16,1376,1,2,3,1,0.07,0.13,0.2
FRA-Ligue 1,2324,Lens,David Costa,POR,MF,22.0,25,17,1494,4,2,6,4,0.24,0.12,0.36
FRA-Ligue 1,2324,Lens,Deiver Machado,COL,MF,29.0,19,13,1124,4,0,4,4,0.32,0.0,0.32
FRA-Ligue 1,2324,Lens,Elye Wahi,CIV,FW,20.0,27,20,1692,9,3,12,8,0.48,0.16,0.64
FRA-Ligue 1,2324,Lens,Florian Sotoca,FRA,"MF,FW",32.0,32,29,2598,7,6,13,3,0.24,0.21,0.45
FRA-Ligue 1,2324,Lens,Nampalys Mendy,SEN,MF,31.0,16,13,1052,0,1,1,0,0.0,0.09,0.09
FRA-Ligue 1,2324,Lens,Neil El Aynaoui,MAR,MF,22.0,25,17,1566,1,2,3,1,0.06,0.11,0.17
FRA-Ligue 1,2324,Lens,Przemysław Frankowski,POL,MF,28.0,30,24,2192,3,2,5,2,0.12,0.08,0.21
FRA-Ligue 1,2324,Lens,Ruben Aguilar,FRA,"MF,DF",30.0,25,22,1922,1,3,4,1,0.05,0.14,0.19
FRA-Ligue 1,2324,Lens,Salis Abdul Samed,GHA,MF,23.0,27,17,1519,0,0,0,0,0.0,0.0,0.0
FRA-Ligue 1,2324,Lens,Wesley Saïd,FRA,FW,28.0,27,11,1020,7,1,8,7,0.62,0.09,0.71
FRA-Ligue 1,2324,Lille,Angel Gomes,ENG,MF,22.0,31,29,2571,0,8,8,0,0.0,0.28,0.28
FRA-Ligue 1,2324,Lille,Benjamin André,FRA,MF,32.0,30,29,2570,4,0,4,4,0.14,0.0,0.14
FRA-Ligue 1,2324,Lille,Edon Zhegrova,KVX,"MF,FW",24.0,33,25,2288,6,6,12,6,0.24,0.24,0.47
FRA-Ligue 1,2324,Lille,Gabriel Gudmundsson,SWE,"MF,DF",24.0,25,14,1267,1,0,1,1,0.07,0.0,0.07
FRA-Ligue 1,2324,Lille,Hákon Haraldsson,ISL,"MF,FW",20.0,26,15,1284,2,0,2,2,0.14,0.0,0.14
FRA-Ligue 1,2324,Lille,Jonathan David,CAN,FW,23.0,34,30,2629,19,4,23,17,0.65,0.14,0.79
FRA-Ligue 1,2324,Lille,Nabil Bentaleb,ALG,MF,28.0,26,23,1967,0,3,3,0,0.0,0.14,0.14
FRA-Ligue 1,2324,Lille,Rémy Cabella,FRA,"MF,FW",33.0,30,14,1477,2,2,4,2,0.12,0.12,0.24
FRA-Ligue 1,2324,Lille,Yusuf Yazıcı,TUR,"MF,FW",26.0,27,16,1312,5,2,7,5,0.34,0.14,0.48
FRA-Ligue 1,2324,Lorient,Darlin Yongwa,CMR,"MF,DF",22.0,22,11,1159,1,1,2,1,0.08,0.08,0.16
FRA-Ligue 1,2324,Lorient,Eli Junior Kroupi,FRA,FW,17.0,30,11,1084,5,3,8,5,0.42,0.25,0.66
FRA-Ligue 1,2324,Lorient,Gédéon Kalulu,COD,"MF,DF",25.0,19,11,970,0,1,1,0,0.0,0.09,0.09
FRA-Ligue 1,2324,Lorient,Julien Ponceau,FRA,MF,22.0,32,27,2244,3,2,5,3,0.12,0.08,0.2
FRA-Ligue 1,2324,Lorient,Laurent Abergel,FRA,MF,30.0,33,32,2860,2,1,3,2,0.06,0.03,0.09
FRA-Ligue 1,2324,Lorient,Mohamed Bamba,CIV,FW,21.0,16,14,1138,8,3,11,7,0.63,0.24,0.87
FRA-Ligue 1,2324,Lorient,Panos Katseris,GRE,MF,22.0,15,13,1041,1,1,2,1,0.09,0.09,0.17
FRA-Ligue 1,2324,Lorient,Romain Faivre,FRA,MF,25.0,17,16,1453,5,1,6,5,0.31,0.06,0.37
FRA-Ligue 1,2324,Lorient,Théo Le Bris,FRA,MF,20.0,26,15,1516,0,2,2,0,0.0,0.12,0.12
FRA-Ligue 1,2324,Lorient,Tiemoué Bakayoko,FRA,MF,28.0,20,15,1314,2,1,3,2,0.14,0.07,0.21
FRA-Ligue 1,2324,Lorient,Tosin Aiyegun,BEN,"MF,FW",25.0,19,10,902,2,0,2,2,0.2,0.0,0.2
FRA-Ligue 1,2324,Lyon,Ainsley Maitland-Niles,ENG,"DF,MF",25.0,23,16,1432,1,4,5,0,0.06,0.25,0.31
FRA-Ligue 1,2324,Lyon,Alexandre Lacazette,FRA,FW,32.0,29,27,2293,19,2,21,17,0.75,0.08,0.82
FRA-Ligue 1,2324,Lyon,Clinton Mata,ANG,"DF,MF",30.0,28,25,2220,0,3,3,0,0.0,0.12,0.12
FRA-Ligue 1,2324,Lyon,Corentin Tolisso,FRA,MF,28.0,25,21,1741,3,1,4,2,0.16,0.05,0.21
FRA-Ligue 1,2324,Lyon,Ernest Nuamah,GHA,"FW,MF",19.0,29,21,1838,3,2,5,3,0.15,0.1,0.24
FRA-Ligue 1,2324,Lyon,Maxence Caqueret,FRA,MF,23.0,34,34,3022,1,3,4,1,0.03,0.09,0.12
FRA-Ligue 1,2324,Lyon,Nemanja Matić,SRB,MF,34.0,15,15,1254,0,0,0,0,0.0,0.0,0.0
FRA-Ligue 1,2324,Lyon,Nicolás Tagliafico,ARG,"DF,MF",30.0,25,25,2123,3,1,4,3,0.13,0.04,0.17
FRA-Ligue 1,2324,Lyon,Rayan Cherki,FRA,"MF,FW",19.0,33,19,1719,1,6,7,1,0.05,0.31,0.37
FRA-Ligue 1,2324,Lyon,Sael Kumbedi,FRA,"DF,MF",18.0,17,8,924,0,1,1,0,0.0,0.1,0.1
FRA-Ligue 1,2324,Marseille,Amine Harit,MAR,MF,26.0,28,21,1821,1,2,3,1,0.05,0.1,0.15
FRA-Ligue 1,2324,Marseille,Azzedine Ounahi,MAR,MF,23.0,21,15,1209,2,0,2,2,0.15,0.0,0.15
FRA-Ligue 1,2324,Marseille,Geoffrey Kondogbia,CTA,MF,30.0,26,15,1463,0,0,0,0,0.0,0.0,0.0
FRA-Ligue 1,2324,Marseille,Iliman Ndiaye,SEN,"FW,MF",23.0,30,19,1618,3,3,6,3,0.17,0.17,0.33
FRA-Ligue 1,2324,Marseille,Ismaila Sarr,SEN,"MF,FW",25.0,23,15,1447,3,4,7,3,0.19,0.25,0.44
FRA-Ligue 1,2324,Marseille,Jonathan Clauss,FRA,"DF,MF",30.0,27,25,2068,3,4,7,3,0.13,0.17,0.3
FRA-Ligue 1,2324,Marseille,Jordan Veretout,FRA,MF,30.0,29,24,2183,1,2,3,1,0.04,0.08,0.12
FRA-Ligue 1,2324,Marseille,Michael Amir Murillo,PAN,"DF,MF",27.0,16,10,997,3,2,5,3,0.27,0.18,0.45
FRA-Ligue 1,2324,Marseille,Pierre-Emerick Aubameyang,GAB,FW,34.0,34,30,2622,17,8,25,13,0.58,0.27,0.86
FRA-Ligue 1,2324,Marseille,Renan Lodi,BRA,"DF,MF",25.0,14,14,1235,0,0,0,0,0.0,0.0,0.0
FRA-Ligue 1,2324,Marseille,Ulisses Garcia,SUI,"DF,MF",27.0,13,10,906,0,0,0,0,0.0,0.0,0.0
FRA-Ligue 1,2324,Marseille,Vitinha,POR,FW,23.0,18,10,923,3,2,5,3,0.29,0.2,0.49
FRA-Ligue 1,2324,Metz,Ablie Jallow,GAM,"MF,FW",24.0,17,10,918,3,2,5,2,0.29,0.2,0.49
FRA-Ligue 1,2324,Metz,Arthur Atta,FRA,MF,20.0,21,10,924,1,2,3,1,0.1,0.19,0.29
FRA-Ligue 1,2324,Metz,Cheikh Tidiane Sabaly,SEN,"MF,FW",24.0,29,17,1379,3,1,4,3,0.2,0.07,0.26
FRA-Ligue 1,2324,Metz,Danley Jean-Jacques,HAI,MF,23.0,33,30,2682,0,0,0,0,0.0,0.0,0.0
FRA-Ligue 1,2324,Metz,Georges Mikautadze,GEO,FW,22.0,20,20,1747,13,4,17,10,0.67,0.21,0.88
FRA-Ligue 1,2324,Metz,Kévin N'Doram,FRA,MF,27.0,23,18,1604,0,2,2,0,0.0,0.11,0.11
FRA-Ligue 1,2324,Metz,Kévin Van Den Kerkhof,ALG,"MF,FW",27.0,29,21,1913,1,2,3,1,0.05,0.09,0.14
FRA-Ligue 1,2324,Metz,Lamine Camara,SEN,MF,19.0,31,26,2255,1,4,5,1,0.04,0.16,0.2
FRA-Ligue 1,2324,Monaco,Aleksandr Golovin,RUS,MF,27.0,25,25,2147,6,6,12,6,0.25,0.25,0.5
FRA-Ligue 1,2324,Monaco,Denis Zakaria,SUI,"MF,DF",26.0,25,24,2137,4,0,4,4,0.17,0.0,0.17
FRA-Ligue 1,2324,Monaco,Folarin Balogun,USA,FW,22.0,29,19,1692,7,5,12,7,0.37,0.27,0.64
FRA-Ligue 1,2324,Monaco,Ismail Jakobs,SEN,"MF,DF",23.0,22,16,1466,1,2,3,1,0.06,0.12,0.18
FRA-Ligue 1,2324,Monaco,Krépin Diatta,SEN,"MF,DF",24.0,26,12,1206,0,2,2,0,0.0,0.15,0.15
FRA-Ligue 1,2324,Monaco,Maghnes Akliouche,FRA,MF,21.0,28,18,1613,7,4,11,7,0.39,0.22,0.61
FRA-Ligue 1,2324,Monaco,Mohamed Camara,MLI,MF,23.0,20,14,1035,1,2,3,0,0.09,0.17,0.26
FRA-Ligue 1,2324,Monaco,Takumi Minamino,JPN,MF,28.0,30,25,2117,9,6,15,9,0.38,0.26,0.64
FRA-Ligue 1,2324,Monaco,Vanderson,BRA,"MF,DF",22.0,20,20,1641,3,1,4,3,0.16,0.05,0.22
FRA-Ligue 1,2324,Monaco,Wissam Ben Yedder,FRA,FW,32.0,32,26,2316,16,2,18,15,0.62,0.08,0.7
FRA-Ligue 1,2324,Monaco,Youssouf Fofana,FRA,MF,24.0,32,31,2697,4,4,8,4,0.13,0.13,0.27
FRA-Ligue 1,2324,Montpellier,Akor Adams,NGA,FW,23.0,32,27,2252,8,1,9,8,0.32,0.04,0.36
FRA-Ligue 1,2324,Montpellier,Arnaud Nordin,FRA,"MF,FW",25.0,20,15,1246,5,3,8,5,0.36,0.22,0.58
FRA-Ligue 1,2324,Montpellier,Becir Omeragic,SUI,"DF,MF",21.0,28,26,2312,0,0,0,0,0.0,0.0,0.0
FRA-Ligue 1,2324,Montpellier,Issiaga Sylla,GUI,"DF,MF",29.0,19,17,1455,1,2,3,1,0.06,0.12,0.19
FRA-Ligue 1,2324,Montpellier,Jordan Ferri,FRA,MF,31.0,30,23,2031,1,1,2,1,0.04,0.04,0.09
FRA-Ligue 1,2324,Montpellier,Joris Chotard,FRA,MF,21.0,31,30,2587,0,3,3,0,0.0,0.1,0.1
FRA-Ligue 1,2324,Montpellier,Khalil Fayad,FRA,MF,19.0,23,11,1025,3,0,3,3,0.26,0.0,0.26
FRA-Ligue 1,2324,Montpellier,Lucas Mincarelli,FRA,"DF,MF",19.0,13,12,978,1,1,2,1,0.09,0.09,0.18
FRA-Ligue 1,2324,Montpellier,Musa Al-Taamari,JOR,"MF,FW",26.0,27,24,1928,5,2,7,5,0.23,0.09,0.33
FRA-Ligue 1,2324,Montpellier,Téji Savanier,FRA,MF,31.0,32,32,2765,9,6,15,2,0.29,0.2,0.49
FRA-Ligue 1,2324,Montpellier,Wahbi Khazri,TUN,"MF,FW",32.0,25,13,1131,1,0,1,1,0.08,0.0,0.08
FRA-Ligue 1,2324,Nantes,Douglas,BRA,MF,26.0,25,22,1772,0,0,0,0,0.0,0.0,0.0
FRA-Ligue 1,2324,Nantes,Florent Mollet,FRA,"MF,FW",31.0,29,24,2083,4,4,8,4,0.17,0.17,0.35
FRA-Ligue 1,2324,Nantes,Marcus Coco,FRA,"MF,DF",27.0,28,18,1481,1,0,1,1,0.06,0.0,0.06
FRA-Ligue 1,2324,Nantes,Matthis Abline,FRA,"FW,MF",20.0,22,12,1044,5,0,5,5,0.43,0.0,0.43
FRA-Ligue 1,2324,Nantes,Moses Simon,NGA,"MF,FW",28.0,22,21,1788,3,5,8,2,0.15,0.25,0.4
FRA-Ligue 1,2324,Nantes,Mostafa Mohamed,EGY,FW,25.0,29,24,2002,8,2,10,5,0.36,0.09,0.45
FRA-Ligue 1,2324,Nantes,Moussa Sissoko,FRA,MF,33.0,26,21,1821,0,0,0,0,0.0,0.0,0.0
FRA-Ligue 1,2324,Nantes,Pedro Chirivella,ESP,MF,26.0,32,31,2594,1,1,2,1,0.03,0.03,0.07
FRA-Ligue 1,2324,Nantes,Quentin Merlin,FRA,"MF,DF",21.0,16,15,1283,0,1,1,0,0.0,0.07,0.07
FRA-Ligue 1,2324,Nantes,Samuel Moutoussamy,COD,MF,26.0,26,11,1107,1,0,1,1,0.08,0.0,0.08
FRA-Ligue 1,2324,Nice,Evann Guessand,CIV,FW,22.0,34,14,1553,6,0,6,4,0.35,0.0,0.35
FRA-Ligue 1,2324,Nice,Gaëtan Laborde,FRA,"FW,MF",29.0,34,22,1906,5,2,7,4,0.24,0.09,0.33
FRA-Ligue 1,2324,Nice,Hicham Boudaoui,ALG,MF,23.0,29,17,1613,2,0,2,2,0.11,0.0,0.11
FRA-Ligue 1,2324,Nice,Jeremie Boga,CIV,"FW,MF",26.0,28,24,1998,6,6,12,6,0.27,0.27,0.54
FRA-Ligue 1,2324,Nice,Jordan Lotomba,SUI,"DF,MF",24.0,28,21,1804,1,0,1,1,0.05,0.0,0.05
FRA-Ligue 1,2324,Nice,Khéphren Thuram,FRA,MF,22.0,27,25,2108,1,1,2,1,0.04,0.04,0.09
FRA-Ligue 1,2324,Nice,Morgan Sanson,FRA,MF,28.0,29,24,1964,2,3,5,2,0.09,0.14,0.23
FRA-Ligue 1,2324,Nice,Pablo Rosario,DOM,"MF,DF",26.0,30,21,2009,0,0,0,0,0.0,0.0,0.0
FRA-Ligue 1,2324,Nice,Terem Moffi,NGA,FW,24.0,30,23,1949,11,2,13,8,0.51,0.09,0.6
FRA-Ligue 1,2324,Nice,Youssouf Ndayishimiye,BDI,"MF,DF",24.0,23,20,1712,0,0,0,0,0.0,0.0,0.0
FRA-Ligue 1,2324,PSG,Achraf Hakimi,MAR,"DF,MF",24.0,25,20,1932,4,5,9,4,0.19,0.23,0.42
FRA-Ligue 1,2324,PSG,Bradley Barcola,FRA,"FW,MF",20.0,25,18,1370,4,7,11,4,0.26,0.46,0.72
FRA-Ligue 1,2324,PSG,Carlos Soler,ESP,"MF,DF",26.0,24,12,1090,2,2,4,2,0.17,0.17,0.33
FRA-Ligue 1,2324,PSG,Fabián Ruiz Peña,ESP,MF,27.0,21,14,1197,1,3,4,1,0.08,0.23,0.3
FRA-Ligue 1,2324,PSG,Gonçalo Ramos,POR,FW,22.0,29,16,1419,11,1,12,10,0.7,0.06,0.76
FRA-Ligue 1,2324,PSG,Kylian Mbappé,FRA,FW,24.0,29,24,2158,27,7,34,21,1.13,0.29,1.42
FRA-Ligue 1,2324,PSG,Lee Kang-in,KOR,"MF,FW",22.0,23,18,1464,3,4,7,3,0.18,0.25,0.43
FRA-Ligue 1,2324,PSG,Manuel Ugarte,URU,MF,22.0,25,21,1932,0,2,2,0,0.0,0.09,0.09
FRA-Ligue 1,2324,PSG,Marco Asensio,ESP,"MF,FW",27.0,19,13,1113,4,5,9,4,0.32,0.4,0.73
FRA-Ligue 1,2324,PSG,Ousmane Dembélé,FRA,"FW,MF",26.0,26,17,1506,3,8,11,3,0.18,0.48,0.66
FRA-Ligue 1,2324,PSG,Randal Kolo Muani,FRA,"FW,MF",24.0,26,13,1268,6,5,11,6,0.43,0.35,0.78
FRA-Ligue 1,2324,PSG,Vitinha,POR,MF,23.0,28,23,2126,7,4,11,7,0.3,0.17,0.47
FRA-Ligue 1,2324,PSG,Warren Zaïre-Emery,FRA,"MF,DF",17.0,26,21,1962,2,3,5,2,0.09,0.14,0.23
FRA-Ligue 1,2324,Reims,Amir Richardson,MAR,MF,21.0,28,14,1352,3,1,4,3,0.2,0.07,0.27
FRA-Ligue 1,2324,Reims,Azor Matusiwa,NED,MF,25.0,16,16,1385,1,0,1,1,0.06,0.0,0.06
FRA-Ligue 1,2324,Reims,Junya Itō,JPN,"FW,MF",30.0,31,31,2714,3,7,10,3,0.1,0.23,0.33
FRA-Ligue 1,2324,Reims,Keito Nakamura,JPN,"FW,MF",23.0,25,17,1381,4,1,5,4,0.26,0.07,0.33
FRA-Ligue 1,2324,Reims,Marshall Munetsi,ZIM,MF,27.0,27,25,2173,4,3,7,4,0.17,0.12,0.29
FRA-Ligue 1,2324,Reims,Mohamed Daramy,DEN,"FW,MF",21.0,25,19,1648,4,5,9,3,0.22,0.27,0.49
FRA-Ligue 1,2324,Reims,Oumar Diakité,CIV,FW,19.0,28,18,1585,5,1,6,5,0.28,0.06,0.34
FRA-Ligue 1,2324,Reims,Reda Khadra,GER,"MF,FW",22.0,29,14,1368,1,3,4,1,0.07,0.2,0.26
FRA-Ligue 1,2324,Reims,Teddy Teuma,MLT,MF,29.0,28,25,2113,6,3,9,5,0.26,0.13,0.38
FRA-Ligue 1,2324,Reims,Thibault De Smet,BEL,"DF,MF",25.0,27,22,1831,0,0,0,0,0.0,0.0,0.0
FRA-Ligue 1,2324,Reims,Thomas Foket,BEL,"DF,MF",28.0,27,22,1833,0,1,1,0,0.0,0.05,0.05
FRA-Ligue 1,2324,Rennes,Adrien Truffert,FRA,"DF,MF",21.0,30,24,2145,1,2,3,1,0.04,0.08,0.13
FRA-Ligue 1,2324,Rennes,Amine Gouiri,ALG,"FW,MF",23.0,31,24,2067,7,3,10,7,0.3,0.13,0.44
FRA-Ligue 1,2324,Rennes,Arnaud Kalimuendo,FRA,FW,21.0,30,25,2139,10,1,11,8,0.42,0.04,0.46
FRA-Ligue 1,2324,Rennes,Baptiste Santamaria,FRA,MF,28.0,30,22,1926,0,1,1,0,0.0,0.05,0.05
FRA-Ligue 1,2324,Rennes,Benjamin Bourigeaud,FRA,MF,29.0,32,29,2425,9,6,15,2,0.33,0.22,0.56
FRA-Ligue 1,2324,Rennes,Désiré Doué,FRA,MF,18.0,31,17,1626,4,4,8,4,0.22,0.22,0.44
FRA-Ligue 1,2324,Rennes,Enzo Le Fée,FRA,MF,23.0,25,19,1527,0,1,1,0,0.0,0.06,0.06
FRA-Ligue 1,2324,Rennes,Ludovic Blas,FRA,"MF,FW",25.0,29,18,1563,4,1,5,3,0.23,0.06,0.29
FRA-Ligue 1,2324,Rennes,Martin Terrier,FRA,"FW,MF",26.0,24,19,1527,7,3,10,7,0.41,0.18,0.59
FRA-Ligue 1,2324,Rennes,Nemanja Matić,SRB,MF,34.0,13,11,1027,0,0,0,0,0.0,0.0,0.0
FRA-Ligue 1,2324,Strasbourg,Dilane Bakwa,FRA,"MF,FW",20.0,31,25,2177,3,6,9,3,0.12,0.25,0.37
FRA-Ligue 1,2324,Strasbourg,Emanuel Emegha,NED,FW,20.0,28,23,2078,8,1,9,8,0.35,0.04,0.39
FRA-Ligue 1,2324,Strasbourg,Frederic Guilbert,FRA,"DF,MF",28.0,32,29,2490,2,0,2,2,0.07,0.0,0.07
FRA-Ligue 1,2324,Strasbourg,Habib Diarra,SEN,"MF,FW",19.0,31,28,2305,3,1,4,2,0.12,0.04,0.16
FRA-Ligue 1,2324,Strasbourg,Ibrahima Sissoko,MLI,MF,25.0,27,18,1642,0,1,1,0,0.0,0.05,0.05
FRA-Ligue 1,2324,Strasbourg,Ismaël Doukouré,FRA,"MF,DF",20.0,22,19,1656,0,0,0,0,0.0,0.0,0.0
FRA-Ligue 1,2324,Strasbourg,Junior Mwanga,FRA,"MF,FW",20.0,22,17,1450,1,1,2,1,0.06,0.06,0.12
FRA-Ligue 1,2324,Strasbourg,Kévin Gameiro,FRA,"FW,MF",36.0,27,15,1346,4,2,6,2,0.27,0.13,0.4
FRA-Ligue 1,2324,Strasbourg,Marvin Senaya,GHA,"DF,MF",22.0,32,23,2138,1,1,2,1,0.04,0.04,0.08
FRA-Ligue 1,2324,Strasbourg,Thomas Delaine,FRA,"MF,DF",31.0,27,24,2044,1,1,2,1,0.04,0.04,0.09
FRA-Ligue 1,2324,Strasbourg,Ângelo,BRA,"MF,FW",18.0,21,11,1094,0,3,3,0,0.0,0.25,0.25
FRA-Ligue 1,2324,Toulouse,Aron Dønnum,NOR,"MF,FW",25.0,27,19,1595,0,1,1,0,0.0,0.06,0.06
FRA-Ligue 1,2324,Toulouse,Christian Mawissa,FRA,"DF,MF",18.0,17,12,1118,2,0,2,2,0.16,0.0,0.16
FRA-Ligue 1,2324,Toulouse,Cristian Cásseres Jr.,VEN,MF,23.0,32,23,1946,1,3,4,1,0.05,0.14,0.18
FRA-Ligue 1,2324,Toulouse,Frank Magri,CMR,"FW,MF",23.0,29,14,1438,5,2,7,5,0.31,0.13,0.44
FRA-Ligue 1,2324,Toulouse,Gabriel Suazo,CHI,"DF,MF",25.0,31,27,2357,0,4,4,0,0.0,0.15,0.15
FRA-Ligue 1,2324,Toulouse,Mikkel Desler,DEN,"DF,MF",28.0,24,19,1544,0,1,1,0,0.0,0.06,0.06
FRA-Ligue 1,2324,Toulouse,Niklas Schmidt,GER,MF,25.0,22,15,1269,1,1,2,1,0.07,0.07,0.14
FRA-Ligue 1,2324,Toulouse,Stijn Spierings,NED,MF,27.0,22,16,1516,0,1,1,0,0.0,0.06,0.06
FRA-Ligue 1,2324,Toulouse,Thijs Dallinga,NED,FW,22.0,33,28,2510,14,2,16,13,0.5,0.07,0.57
FRA-Ligue 1,2324,Toulouse,Vincent Sierro,SUI,MF,27.0,30,25,2261,6,2,8,2,0.24,0.08,0.32
FRA-Ligue 1,2324,Toulouse,Warren Kamanzi,NOR,"MF,DF",22.0,24,12,1187,0,3,3,0,0.0,0.23,0.23
FRA-Ligue 1,2324,Toulouse,Yann Gboho,FRA,"MF,FW",22.0,16,13,1193,3,2,5,3,0.23,0.15,0.38
FRA-Ligue 1,2425,Angers,Esteban Lepaul,FRA,FW,24.0,28,18,1629,9,0,9,9,0.5,0.0,0.5
FRA-Ligue 1,2425,Angers,Farid El Melali,ALG,"MF,FW",27.0,32,22,1893,2,3,5,2,0.1,0.14,0.24
FRA-Ligue 1,2425,Angers,Haris Belkebla,ALG,MF,30.0,22,21,1792,0,1,1,0,0.0,0.05,0.05
FRA-Ligue 1,2425,Angers,Himad Abdelli,ALG,MF,24.0,32,32,2842,6,1,7,3,0.19,0.03,0.22
FRA-Ligue 1,2425,Angers,Ibrahima Niane,SEN,FW,25.0,24,8,943,3,1,4,2,0.29,0.1,0.38
FRA-Ligue 1,2425,Angers,Jean-Eudes Aholou,CIV,MF,30.0,26,26,1959,2,0,2,2,0.09,0.0,0.09
FRA-Ligue 1,2425,Angers,Jim Allevinah,GAB,MF,29.0,28,23,1750,1,3,4,1,0.05,0.15,0.21
FRA-Ligue 1,2425,Angers,Lilian Raolisoa,FRA,"DF,MF",24.0,29,14,1318,0,3,3,0,0.0,0.2,0.2
FRA-Ligue 1,2425,Angers,Yassin Belkhdim,FRA,MF,22.0,29,16,1523,1,1,2,1,0.06,0.06,0.12
FRA-Ligue 1,2425,Auxerre,Ado Onaiwu,JPN,"MF,FW",28.0,31,9,957,4,1,5,4,0.38,0.09,0.47
FRA-Ligue 1,2425,Auxerre,Elisha Owusu,GHA,MF,26.0,28,28,2344,1,3,4,1,0.04,0.12,0.15
FRA-Ligue 1,2425,Auxerre,Gaëtan Perrin,FRA,MF,28.0,34,31,2691,10,11,21,10,0.33,0.37,0.7
FRA-Ligue 1,2425,Auxerre,Gideon Mensah,GHA,"DF,MF",26.0,29,26,2280,0,1,1,0,0.0,0.04,0.04
FRA-Ligue 1,2425,Auxerre,Hamed Junior Traorè,CIV,MF,24.0,26,26,2093,10,2,12,10,0.43,0.09,0.52
FRA-Ligue 1,2425,Auxerre,Han-Noah Massengo,FRA,MF,23.0,17,11,1046,0,0,0,0,0.0,0.0,0.0
FRA-Ligue 1,2425,Auxerre,Ki-Jana Hoever,NED,"DF,MF",22.0,30,26,2124,1,2,3,1,0.04,0.08,0.13
FRA-Ligue 1,2425,Auxerre,Kévin Danois,FRA,MF,20.0,22,16,1460,0,0,0,0,0.0,0.0,0.0
FRA-Ligue 1,2425,Auxerre,Lassine Sinayoko,MLI,"FW,MF",24.0,34,25,2299,5,8,13,4,0.2,0.31,0.51
FRA-Ligue 1,2425,Auxerre,Paul Joly,FRA,"DF,MF",24.0,26,10,1009,0,1,1,0,0.0,0.09,0.09
FRA-Ligue 1,2425,Auxerre,Theo Bair,CAN,FW,24.0,29,11,939,2,1,3,2,0.19,0.1,0.29
FRA-Ligue 1,2425,Brest,Abdallah Sima,SEN,"FW,MF",23.0,27,14,1238,7,2,9,7,0.51,0.15,0.65
FRA-Ligue 1,2425,Brest,Edimilson Fernandes,SUI,"MF,DF",28.0,19,12,1105,0,1,1,0,0.0,0.08,0.08
FRA-Ligue 1,2425,Brest,Hugo Magnetti,FRA,MF,26.0,32,27,2323,1,0,1,1,0.04,0.0,0.04
FRA-Ligue 1,2425,Brest,Kamory Doumbia,MLI,"MF,FW",21.0,30,13,1322,3,2,5,3,0.2,0.14,0.34
FRA-Ligue 1,2425,Brest,Ludovic Ajorque,FRA,FW,30.0,31,29,2495,13,2,15,13,0.47,0.07,0.54
FRA-Ligue 1,2425,Brest,Mahdi Camara,FRA,MF,26.0,34,31,2659,5,3,8,5,0.17,0.1,0.27
FRA-Ligue 1,2425,Brest,Mama Samba Baldé,GNB,"FW,MF",28.0,27,12,1149,2,3,5,2,0.16,0.23,0.39
FRA-Ligue 1,2425,Brest,Mathias Pereira Lage,POR,"MF,FW",27.0,29,18,1571,2,7,9,2,0.11,0.4,0.52
FRA-Ligue 1,2425,Brest,Pierre Lees-Melou,FRA,MF,31.0,20,17,1526,2,2,4,2,0.12,0.12,0.24
FRA-Ligue 1,2425,Brest,Romain Del Castillo,FRA,"FW,MF",28.0,26,14,1259,6,4,10,3,0.43,0.29,0.71
FRA-Ligue 1,2425,Le Havre,Abdoulaye Touré,GUI,MF,30.0,28,26,2324,10,1,11,2,0.39,0.04,0.43
FRA-Ligue 1,2425,Le Havre,André Ayew,GHA,FW,34.0,27,15,1453,4,1,5,4,0.25,0.06,0.31
FRA-Ligue 1,2425,Le Havre,Antoine Joujou,FRA,"MF,FW",21.0,26,9,943,0,2,2,0,0.0,0.19,0.19
FRA-Ligue 1,2425,Le Havre,Christopher Opéri,CIV,"MF,DF",27.0,13,13,1169,0,2,2,0,0.0,0.15,0.15
FRA-Ligue 1,2425,Le Havre,Issa Soumaré,SEN,"MF,FW",23.0,29,21,1902,5,4,9,5,0.24,0.19,0.43
FRA-Ligue 1,2425,Le Havre,Josué Casimir,HAI,"MF,FW",22.0,27,23,1997,4,4,8,4,0.18,0.18,0.36
FRA-Ligue 1,2425,Le Havre,Junior Mwanga,FRA,MF,21.0,11,11,952,1,2,3,1,0.09,0.19,0.28
FRA-Ligue 1,2425,Le Havre,Loïc Nego,HUN,"DF,MF",33.0,31,28,2459,0,0,0,0,0.0,0.0,0.0
FRA-Ligue 1,2425,Le Havre,Oussama Targhalline,MAR,MF,22.0,14,12,990,0,0,0,0,0.0,0.0,0.0
FRA-Ligue 1,2425,Le Havre,Rassoul Ndiaye,SEN,MF,22.0,27,11,1061,1,0,1,1,0.08,0.0,0.08
FRA-Ligue 1,2425,Le Havre,Timothee Pembele,FRA,"DF,MF",21.0,20,12,1113,1,0,1,1,0.08,0.0,0.08
FRA-Ligue 1,2425,Le Havre,Yanis Zouaoui,ALG,"DF,MF",26.0,17,9,976,0,2,2,0,0.0,0.18,0.18
FRA-Ligue 1,2425,Le Havre,Yassine Kechta,MAR,"MF,FW",22.0,31,25,2096,2,0,2,2,0.09,0.0,0.09
FRA-Ligue 1,2425,Lens,Adrien Thomasson,FRA,MF,30.0,33,31,2615,3,7,10,3,0.1,0.24,0.34
FRA-Ligue 1,2425,Lens,Anass Zaroury,MAR,"MF,FW",23.0,28,16,1405,2,2,4,2,0.13,0.13,0.26
FRA-Ligue 1,2425,Lens,Andy Diouf,FRA,MF,21.0,34,27,2225,1,2,3,1,0.04,0.08,0.12
FRA-Ligue 1,2425,Lens,Angelo Fulgini,NCL,MF,27.0,23,11,1045,1,1,2,1,0.09,0.09,0.17
FRA-Ligue 1,2425,Lens,Deiver Machado,COL,"DF,MF",30.0,27,20,1805,1,4,5,1,0.05,0.2,0.25
FRA-Ligue 1,2425,Lens,Florian Sotoca,FRA,"FW,MF",33.0,31,22,1794,1,1,2,1,0.05,0.05,0.1
FRA-Ligue 1,2425,Lens,M'Bala Nzola,ANG,FW,27.0,21,16,1460,6,1,7,6,0.37,0.06,0.43
FRA-Ligue 1,2425,Lens,Neil El Aynaoui,MAR,MF,23.0,24,17,1588,8,1,9,5,0.45,0.06,0.51
FRA-Ligue 1,2425,Lens,Przemysław Frankowski,POL,"MF,DF",29.0,18,16,1387,4,2,6,2,0.26,0.13,0.39
FRA-Ligue 1,2425,Lens,Ruben Aguilar,FRA,"MF,DF",31.0,16,13,1124,1,2,3,1,0.08,0.16,0.24
FRA-Ligue 1,2425,Lens,Wesley Saïd,FRA,FW,29.0,24,11,905,3,0,3,3,0.3,0.0,0.3
FRA-Ligue 1,2425,Lille,André Gomes,POR,MF,31.0,20,16,1276,0,0,0,0,0.0,0.0,0.0
FRA-Ligue 1,2425,Lille,Ayyoub Bouaddi,MAR,MF,16.0,24,11,1151,0,1,1,0,0.0,0.08,0.08
FRA-Ligue 1,2425,Lille,Benjamin André,FRA,MF,33.0,30,30,2692,0,3,3,0,0.0,0.1,0.1
FRA-Ligue 1,2425,Lille,Edon Zhegrova,KVX,MF,25.0,12,12,978,4,1,5,4,0.37,0.09,0.46
FRA-Ligue 1,2425,Lille,Gabriel Gudmundsson,SWE,"DF,MF",25.0,30,20,1785,2,0,2,2,0.1,0.0,0.1
FRA-Ligue 1,2425,Lille,Hákon Haraldsson,ISL,MF,21.0,25,21,1755,5,3,8,5,0.26,0.15,0.41
FRA-Ligue 1,2425,Lille,Jonathan David,CAN,FW,24.0,32,28,2554,16,5,21,10,0.56,0.18,0.74
FRA-Ligue 1,2425,Lille,Matias Fernandez-Pardo,BEL,"MF,FW",19.0,22,12,1065,4,2,6,4,0.34,0.17,0.51
FRA-Ligue 1,2425,Lille,Mitchel Bakker,NED,"MF,DF",24.0,24,14,1139,3,2,5,3,0.24,0.16,0.4
FRA-Ligue 1,2425,Lille,Ngal'Ayel Mukau,COD,MF,19.0,22,14,1190,0,1,1,0,0.0,0.08,0.08
FRA-Ligue 1,2425,Lille,Osame Sahraoui,MAR,MF,23.0,30,10,1293,3,3,6,3,0.21,0.21,0.42
FRA-Ligue 1,2425,Lille,Rémy Cabella,FRA,MF,34.0,23,12,1011,1,2,3,1,0.09,0.18,0.27
FRA-Ligue 1,2425,Lyon,Abner,BRA,"DF,MF",24.0,19,12,1090,1,1,2,1,0.08,0.08,0.17
FRA-Ligue 1,2425,Lyon,Ainsley Maitland-Niles,ENG,"DF,MF",26.0,32,20,1985,1,4,5,1,0.05,0.18,0.23
FRA-Ligue 1,2425,Lyon,Alexandre Lacazette,FRA,FW,33.0,30,24,2051,15,2,17,10,0.66,0.09,0.75
FRA-Ligue 1,2425,Lyon,Corentin Tolisso,FRA,MF,29.0,32,27,2329,7,4,11,7,0.27,0.15,0.43
FRA-Ligue 1,2425,Lyon,Ernest Nuamah,GHA,"MF,FW",20.0,23,13,1052,3,1,4,3,0.26,0.09,0.34
FRA-Ligue 1,2425,Lyon,Georges Mikautadze,GEO,"FW,MF",23.0,34,13,1449,11,6,17,8,0.68,0.37,1.06
FRA-Ligue 1,2425,Lyon,Jordan Veretout,FRA,MF,31.0,27,19,1553,2,0,2,2,0.12,0.0,0.12
FRA-Ligue 1,2425,Lyon,Malick Fofana,BEL,"FW,MF",19.0,29,16,1589,5,4,9,5,0.28,0.23,0.51
FRA-Ligue 1,2425,Lyon,Nemanja Matić,SRB,MF,35.0,29,25,2010,0,1,1,0,0.0,0.04,0.04
FRA-Ligue 1,2425,Lyon,Rayan Cherki,FRA,"MF,FW",20.0,30,22,2041,8,11,19,8,0.35,0.49,0.84
FRA-Ligue 1,2425,Lyon,Tanner Tessmann,USA,MF,22.0,25,13,1234,1,0,1,1,0.07,0.0,0.07
FRA-Ligue 1,2425,Lyon,Thiago Almada,ARG,MF,23.0,16,9,951,1,4,5,1,0.09,0.38,0.47
FRA-Ligue 1,2425,Marseille,Adrien Rabiot,FRA,MF,29.0,29,27,2485,9,4,13,9,0.33,0.14,0.47
FRA-Ligue 1,2425,Marseille,Amine Gouiri,ALG,FW,24.0,14,12,1048,10,3,13,10,0.86,0.26,1.12
FRA-Ligue 1,2425,Marseille,Geoffrey Kondogbia,CTA,"DF,MF",31.0,25,22,2020,0,0,0,0,0.0,0.0,0.0
FRA-Ligue 1,2425,Marseille,Luis Henrique,BRA,MF,22.0,33,29,2613,7,7,14,7,0.24,0.24,0.48
FRA-Ligue 1,2425,Marseille,Mason Greenwood,ENG,"MF,FW",22.0,34,32,2804,21,5,26,14,0.67,0.16,0.83
FRA-Ligue 1,2425,Marseille,Neal Maupay,FRA,FW,27.0,22,13,1042,4,4,8,4,0.35,0.35,0.69
FRA-Ligue 1,2425,Marseille,Pierre Højbjerg,DEN,MF,28.0,30,30,2664,2,4,6,2,0.07,0.14,0.2
FRA-Ligue 1,2425,Marseille,Quentin Merlin,FRA,"MF,DF",22.0,27,21,1589,1,3,4,1,0.06,0.17,0.23
FRA-Ligue 1,2425,Marseille,Ulisses Garcia,SUI,"DF,MF",28.0,20,10,930,2,2,4,2,0.19,0.19,0.39
FRA-Ligue 1,2425,Marseille,Valentin Rongier,FRA,"MF,DF",29.0,25,17,1562,3,1,4,3,0.17,0.06,0.23
FRA-Ligue 1,2425,Monaco,Aleksandr Golovin,RUS,MF,28.0,19,13,1153,3,0,3,3,0.23,0.0,0.23
FRA-Ligue 1,2425,Monaco,Breel Embolo,SUI,"FW,MF",27.0,29,19,1841,6,4,10,6,0.29,0.2,0.49
FRA-Ligue 1,2425,Monaco,Denis Zakaria,SUI,MF,27.0,26,24,2144,6,4,10,4,0.25,0.17,0.42
FRA-Ligue 1,2425,Monaco,Eliesse Ben Seghir,MAR,MF,19.0,33,19,1750,6,3,9,4,0.31,0.15,0.46
FRA-Ligue 1,2425,Monaco,Lamine Camara,SEN,MF,20.0,29,25,2054,2,7,9,2,0.09,0.31,0.39
FRA-Ligue 1,2425,Monaco,Maghnes Akliouche,FRA,MF,22.0,32,27,2406,5,10,15,4,0.19,0.37,0.56
FRA-Ligue 1,2425,Monaco,Mika Biereth,DEN,FW,21.0,16,16,1228,13,2,15,12,0.95,0.15,1.1
FRA-Ligue 1,2425,Monaco,Soungoutou Magassa,FRA,MF,20.0,21,12,1025,0,1,1,0,0.0,0.09,0.09
FRA-Ligue 1,2425,Monaco,Takumi Minamino,JPN,MF,29.0,31,27,2231,6,3,9,6,0.24,0.12,0.36
FRA-Ligue 1,2425,Montpellier,Akor Adams,NGA,FW,24.0,15,13,1075,3,1,4,3,0.25,0.08,0.33
FRA-Ligue 1,2425,Montpellier,Arnaud Nordin,FRA,"MF,FW",26.0,16,14,1166,4,1,5,3,0.31,0.08,0.39
FRA-Ligue 1,2425,Montpellier,Enzo Tchato,CMR,"DF,MF",21.0,27,21,1899,0,0,0,0,0.0,0.0,0.0
FRA-Ligue 1,2425,Montpellier,Issiaga Sylla,GUI,"DF,MF",30.0,19,15,1156,1,0,1,1,0.08,0.0,0.08
FRA-Ligue 1,2425,Montpellier,Jordan Ferri,FRA,MF,32.0,25,21,1773,0,2,2,0,0.0,0.1,0.1
FRA-Ligue 1,2425,Montpellier,Joris Chotard,FRA,MF,22.0,26,23,1892,1,0,1,1,0.05,0.0,0.05
FRA-Ligue 1,2425,Montpellier,Khalil Fayad,FRA,"MF,FW",20.0,20,10,1028,0,0,0,0,0.0,0.0,0.0
FRA-Ligue 1,2425,Montpellier,Musa Al-Taamari,JOR,"MF,FW",27.0,15,12,1116,2,1,3,2,0.16,0.08,0.24
FRA-Ligue 1,2425,Montpellier,Rabby Nzingoula,FRA,MF,18.0,27,20,1689,1,0,1,1,0.05,0.0,0.05
FRA-Ligue 1,2425,Montpellier,Tanguy Coulibaly,FRA,"MF,FW",23.0,25,17,1485,3,0,3,3,0.18,0.0,0.18
FRA-Ligue 1,2425,Montpellier,Téji Savanier,FRA,MF,32.0,31,27,2363,2,5,7,0,0.08,0.19,0.27
FRA-Ligue 1,2425,Montpellier,Wahbi Khazri,TUN,"FW,MF",33.0,30,10,1118,1,1,2,1,0.08,0.08,0.16
FRA-Ligue 1,2425,Nantes,Douglas,BRA,MF,27.0,28,28,2307,4,2,6,4,0.16,0.08,0.23
FRA-Ligue 1,2425,Nantes,Jean-Charles Castelletto,CMR,"DF,MF",29.0,30,30,2620,0,0,0,0,0.0,0.0,0.0
FRA-Ligue 1,2425,Nantes,Johann Lepenant,FRA,MF,21.0,29,23,2048,2,1,3,2,0.09,0.04,0.13
FRA-Ligue 1,2425,Nantes,Matthis Abline,FRA,FW,21.0,34,33,2768,9,2,11,8,0.29,0.07,0.36
FRA-Ligue 1,2425,Nantes,Moses Simon,NGA,"FW,MF",29.0,32,31,2609,8,10,18,4,0.28,0.34,0.62
FRA-Ligue 1,2425,Nantes,Mostafa Mohamed,EGY,FW,26.0,30,11,1252,5,0,5,5,0.36,0.0,0.36
FRA-Ligue 1,2425,Nantes,Nicolas Cozza,FRA,"DF,MF",25.0,27,23,2051,1,0,1,1,0.04,0.0,0.04
FRA-Ligue 1,2425,Nantes,Pedro Chirivella,ESP,MF,27.0,30,28,2348,0,2,2,0,0.0,0.08,0.08
FRA-Ligue 1,2425,Nantes,Sorba Thomas,WAL,"MF,DF",24.0,25,15,1321,1,3,4,1,0.07,0.2,0.27
FRA-Ligue 1,2425,Nice,Ali Abdi,TUN,MF,30.0,25,17,1393,5,2,7,5,0.32,0.13,0.45
FRA-Ligue 1,2425,Nice,Badredine Bouanani,ALG,"MF,FW",19.0,26,11,1099,3,3,6,2,0.25,0.25,0.49
FRA-Ligue 1,2425,Nice,Baptiste Santamaria,FRA,MF,29.0,13,11,927,0,0,0,0,0.0,0.0,0.0
FRA-Ligue 1,2425,Nice,Evann Guessand,CIV,"MF,FW",23.0,33,30,2565,12,8,20,12,0.42,0.28,0.7
FRA-Ligue 1,2425,Nice,Gaëtan Laborde,FRA,FW,30.0,28,20,1829,11,4,15,7,0.54,0.2,0.74
FRA-Ligue 1,2425,Nice,Hicham Boudaoui,ALG,MF,24.0,29,27,2435,2,3,5,2,0.07,0.11,0.18
FRA-Ligue 1,2425,Nice,Jeremie Boga,CIV,"MF,FW",27.0,21,12,1054,1,2,3,1,0.09,0.17,0.26
FRA-Ligue 1,2425,Nice,Jonathan Clauss,FRA,"MF,DF",31.0,28,27,2303,3,8,11,3,0.12,0.31,0.43
FRA-Ligue 1,2425,Nice,Melvin Bard,FRA,"DF,MF",23.0,24,22,1938,2,1,3,2,0.09,0.05,0.14
FRA-Ligue 1,2425,Nice,Mohamed Ali Cho,FRA,"FW,MF",20.0,27,21,1621,3,4,7,3,0.17,0.22,0.39
FRA-Ligue 1,2425,Nice,Pablo Rosario,DOM,"MF,DF",27.0,29,21,1775,3,1,4,2,0.15,0.05,0.2
FRA-Ligue 1,2425,Nice,Sofiane Diop,MAR,"MF,FW",24.0,28,8,1064,6,4,10,6,0.51,0.34,0.85
FRA-Ligue 1,2425,Nice,Tanguy Ndombele,FRA,MF,27.0,18,12,1131,1,2,3,1,0.08,0.16,0.24
FRA-Ligue 1,2425,PSG,Bradley Barcola,FRA,FW,21.0,34,27,2181,14,10,24,14,0.58,0.41,0.99
FRA-Ligue 1,2425,PSG,Désiré Doué,FRA,"MF,FW",19.0,31,18,1730,6,6,12,6,0.31,0.31,0.62
FRA-Ligue 1,2425,PSG,Fabián Ruiz Peña,ESP,MF,28.0,30,21,1923,4,5,9,4,0.19,0.23,0.42
FRA-Ligue 1,2425,PSG,Gonçalo Ramos,POR,FW,23.0,22,12,1066,10,3,13,8,0.84,0.25,1.1
FRA-Ligue 1,2425,PSG,João Neves,POR,"MF,DF",19.0,29,22,1844,3,8,11,3,0.15,0.39,0.54
FRA-Ligue 1,2425,PSG,Khvicha Kvaratskhelia,GEO,FW,23.0,14,11,916,4,3,7,4,0.39,0.29,0.69
FRA-Ligue 1,2425,PSG,Lee Kang-in,KOR,"FW,MF",23.0,30,19,1663,6,6,12,6,0.32,0.32,0.65
FRA-Ligue 1,2425,PSG,Ousmane Dembélé,FRA,FW,27.0,29,20,1730,21,6,27,20,1.09,0.31,1.4
FRA-Ligue 1,2425,PSG,Vitinha,POR,MF,24.0,29,20,2042,5,1,6,3,0.22,0.04,0.26
FRA-Ligue 1,2425,PSG,Warren Zaïre-Emery,FRA,"MF,DF",18.0,29,23,2050,1,2,3,1,0.04,0.09,0.13
FRA-Ligue 1,2425,Reims,Amadou Koné,MLI,MF,19.0,24,17,1293,0,0,0,0,0.0,0.0,0.0
FRA-Ligue 1,2425,Reims,Junya Itō,JPN,"MF,FW",31.0,33,31,2690,4,3,7,4,0.13,0.1,0.23
FRA-Ligue 1,2425,Reims,Keito Nakamura,JPN,"MF,FW",24.0,32,31,2649,11,2,13,11,0.37,0.07,0.44
FRA-Ligue 1,2425,Reims,Marshall Munetsi,ZIM,MF,28.0,19,19,1692,4,2,6,4,0.21,0.11,0.32
FRA-Ligue 1,2425,Reims,Mory Gbane,CIV,"DF,MF",23.0,13,13,1125,0,1,1,0,0.0,0.08,0.08
FRA-Ligue 1,2425,Reims,Nhoa Sangui,FRA,"DF,MF",18.0,26,10,1158,0,2,2,0,0.0,0.16,0.16
FRA-Ligue 1,2425,Reims,Oumar Diakité,CIV,FW,20.0,26,20,1628,4,1,5,4,0.22,0.06,0.28
FRA-Ligue 1,2425,Reims,Valentin Atangana Edoa,FRA,MF,18.0,34,33,2854,1,0,1,1,0.03,0.0,0.03
FRA-Ligue 1,2425,Rennes,Adrien Truffert,FRA,"MF,DF",22.0,33,31,2752,2,2,4,2,0.07,0.07,0.13
FRA-Ligue 1,2425,Rennes,Amine Gouiri,ALG,"MF,FW",24.0,19,11,1037,3,2,5,3,0.26,0.17,0.43
FRA-Ligue 1,2425,Rennes,Arnaud Kalimuendo,FRA,FW,22.0,33,31,2578,17,3,20,12,0.59,0.1,0.7
FRA-Ligue 1,2425,Rennes,Azor Matusiwa,NED,MF,26.0,29,23,2078,1,3,4,1,0.04,0.13,0.17
FRA-Ligue 1,2425,Rennes,Djaoui Cissé,FRA,MF,20.0,14,14,1121,1,0,1,1,0.08,0.0,0.08
FRA-Ligue 1,2425,Rennes,Hans Hateboer,NED,"DF,MF",30.0,26,18,1684,0,0,0,0,0.0,0.0,0.0
FRA-Ligue 1,2425,Rennes,Jordan James,WAL,MF,20.0,23,14,1178,0,1,1,0,0.0,0.08,0.08
FRA-Ligue 1,2425,Rennes,Lorenz Assignon,TOG,"MF,DF",24.0,32,27,2357,3,4,7,3,0.11,0.15,0.27
FRA-Ligue 1,2425,Rennes,Ludovic Blas,FRA,"MF,FW",26.0,29,26,2293,6,8,14,6,0.24,0.31,0.55
FRA-Ligue 1,2425,Saint-Étienne,Aimen Moueffek,FRA,MF,23.0,22,13,1039,0,1,1,0,0.0,0.09,0.09
FRA-Ligue 1,2425,Saint-Étienne,Benjamin Bouchouari,MAR,MF,22.0,25,20,1772,1,0,1,1,0.05,0.0,0.05
FRA-Ligue 1,2425,Saint-Étienne,Florian Tardieu,FRA,MF,32.0,24,13,1252,2,4,6,2,0.14,0.29,0.43
FRA-Ligue 1,2425,Saint-Étienne,Irvin Cardona,MLT,"FW,MF",26.0,15,13,1063,5,3,8,5,0.42,0.25,0.68
FRA-Ligue 1,2425,Saint-Étienne,Louis Mouton,FRA,MF,22.0,24,12,1045,0,1,1,0,0.0,0.09,0.09
FRA-Ligue 1,2425,Saint-Étienne,Lucas Stassin,BEL,FW,19.0,28,23,1887,12,4,16,12,0.57,0.19,0.76
FRA-Ligue 1,2425,Saint-Étienne,Pierre Ekwah Elimby,FRA,MF,22.0,29,29,2575,1,0,1,1,0.03,0.0,0.03
FRA-Ligue 1,2425,Saint-Étienne,Zuriko Davitashvili,GEO,"FW,MF",23.0,33,32,2778,9,8,17,7,0.29,0.26,0.55
FRA-Ligue 1,2425,Strasbourg,Andrey Santos,BRA,MF,20.0,32,32,2855,10,3,13,10,0.32,0.09,0.41
FRA-Ligue 1,2425,Strasbourg,Diego Moreira,BEL,"MF,DF",19.0,32,29,2568,2,7,9,2,0.07,0.25,0.32
FRA-Ligue 1,2425,Strasbourg,Dilane Bakwa,FRA,MF,21.0,30,29,2497,6,8,14,6,0.22,0.29,0.5
FRA-Ligue 1,2425,Strasbourg,Emanuel Emegha,NED,FW,21.0,27,27,2293,14,3,17,14,0.55,0.12,0.67
FRA-Ligue 1,2425,Strasbourg,Félix Lemaréchal,FRA,"MF,FW",20.0,27,20,1779,4,3,7,4,0.2,0.15,0.35
FRA-Ligue 1,2425,Strasbourg,Guéla Doué,CIV,"DF,MF",21.0,32,30,2717,1,2,3,1,0.03,0.07,0.1
FRA-Ligue 1,2425,Strasbourg,Habib Diarra,SEN,"MF,FW",20.0,30,27,2352,4,5,9,2,0.15,0.19,0.34
FRA-Ligue 1,2425,Strasbourg,Ismaël Doukouré,FRA,"DF,MF",21.0,31,31,2639,1,1,2,1,0.03,0.03,0.07
FRA-Ligue 1,2425,Strasbourg,Sebastian Nanasi,SWE,"MF,FW",22.0,31,26,2107,6,4,10,6,0.26,0.17,0.43
FRA-Ligue 1,2425,Strasbourg,Valentín Barco,ARG,MF,20.0,14,14,1157,0,2,2,0,0.0,0.16,0.16
FRA-Ligue 1,2425,Toulouse,Aron Dønnum,NOR,MF,26.0,32,31,2689,3,2,5,3,0.1,0.07,0.17
FRA-Ligue 1,2425,Toulouse,Cristian Cásseres Jr.,VEN,MF,24.0,32,31,2696,1,3,4,1,0.03,0.1,0.13
FRA-Ligue 1,2425,Toulouse,Frank Magri,CMR,FW,24.0,31,17,1516,5,1,6,5,0.3,0.06,0.36
FRA-Ligue 1,2425,Toulouse,Gabriel Suazo,CHI,"MF,DF",26.0,30,23,2163,0,6,6,0,0.0,0.25,0.25
FRA-Ligue 1,2425,Toulouse,Jaydee Canvot,FRA,"DF,MF",18.0,18,12,1106,0,0,0,0,0.0,0.0,0.0
FRA-Ligue 1,2425,Toulouse,Joshua King,NOR,"FW,MF",32.0,28,21,1673,6,3,9,6,0.32,0.16,0.48
FRA-Ligue 1,2425,Toulouse,Shavy Babicka,GAB,MF,24.0,30,11,1186,4,2,6,4,0.3,0.15,0.46
FRA-Ligue 1,2425,Toulouse,Vincent Sierro,SUI,MF,28.0,29,27,2402,5,1,6,3,0.19,0.04,0.22
FRA-Ligue 1,2425,Toulouse,Warren Kamanzi,NOR,MF,23.0,24,11,1022,1,1,2,1,0.09,0.09,0.18
FRA-Ligue 1,2425,Toulouse,Yann Gboho,FRA,"MF,FW",23.0,31,27,2333,5,4,9,5,0.19,0.15,0.35
FRA-Ligue 1,2425,Toulouse,Zakaria Aboukhlal,MAR,"MF,FW",24.0,26,22,1901,7,2,9,6,0.33,0.09,0.43
FRA-Ligue 1,2526,Angers,Amine Sbai,MAR,"MF,FW",24.0,25,23,1818,3,1,4,3,0.15,0.05,0.2
FRA-Ligue 1,2526,Angers,Branco van den Boomen,NED,MF,30.0,15,14,1238,0,1,1,0,0.0,0.07,0.07
FRA-Ligue 1,2526,Angers,Haris Belkebla,ALG,MF,31.0,33,33,2875,0,0,0,0,0.0,0.0,0.0
FRA-Ligue 1,2526,Angers,Himad Abdelli,ALG,MF,25.0,13,11,943,2,0,2,0,0.19,0.0,0.19
FRA-Ligue 1,2526,Angers,Jacques Ekomie,GAB,"DF,MF",21.0,32,25,2239,0,0,0,0,0.0,0.0,0.0
FRA-Ligue 1,2526,Angers,Lilian Raolisoa,FRA,"MF,DF",25.0,32,21,1966,2,4,6,2,0.09,0.18,0.27
FRA-Ligue 1,2526,Angers,Louis Mouton,FRA,MF,23.0,32,24,1891,2,1,3,2,0.1,0.05,0.14
FRA-Ligue 1,2526,Angers,Prosper Peter,NGA,FW,17.0,29,14,1273,5,0,5,5,0.35,0.0,0.35
FRA-Ligue 1,2526,Angers,Sidiki Cherif,FRA,"FW,MF",18.0,19,14,1157,4,0,4,4,0.31,0.0,0.31
FRA-Ligue 1,2526,Angers,Yassin Belkhdim,FRA,MF,23.0,27,26,2135,2,2,4,2,0.08,0.08,0.17
FRA-Ligue 1,2526,Auxerre,Danny Loader,CMR,"MF,FW",24.0,30,29,2517,3,3,6,3,0.11,0.11,0.21
FRA-Ligue 1,2526,Auxerre,Elisha Owusu,GHA,MF,27.0,29,27,2344,0,0,0,0,0.0,0.0,0.0
FRA-Ligue 1,2526,Auxerre,Fredrik Oppegard,NOR,"MF,DF",22.0,23,15,1246,0,0,0,0,0.0,0.0,0.0
FRA-Ligue 1,2526,Auxerre,Josué Casimir,HAI,"MF,FW",23.0,31,16,1522,1,0,1,1,0.06,0.0,0.06
FRA-Ligue 1,2526,Auxerre,Kévin Danois,FRA,MF,21.0,33,32,2830,3,1,4,3,0.1,0.03,0.13
FRA-Ligue 1,2526,Auxerre,Lassine Sinayoko,MLI,"FW,MF",25.0,32,32,2770,12,4,16,9,0.39,0.13,0.52
FRA-Ligue 1,2526,Auxerre,Marvin Senaya,GHA,"DF,MF",24.0,25,20,1780,1,0,1,1,0.05,0.0,0.05
FRA-Ligue 1,2526,Auxerre,Sekou Mara,FRA,FW,23.0,27,14,1226,3,2,5,3,0.22,0.15,0.37
FRA-Ligue 1,2526,Brest,Hugo Magnetti,FRA,MF,27.0,33,31,2688,1,1,2,1,0.03,0.03,0.07
FRA-Ligue 1,2526,Brest,Joris Chotard,FRA,MF,23.0,33,31,2773,2,1,3,2,0.06,0.03,0.1
FRA-Ligue 1,2526,Brest,Junior Dina Ebimbe,CMR,MF,24.0,27,15,1165,5,0,5,5,0.39,0.0,0.39
FRA-Ligue 1,2526,Brest,Kamory Doumbia,MLI,MF,22.0,24,22,1750,5,4,9,5,0.26,0.21,0.46
FRA-Ligue 1,2526,Brest,Ludovic Ajorque,FRA,FW,31.0,32,32,2820,8,9,17,8,0.26,0.29,0.54
FRA-Ligue 1,2526,Brest,Pathé Mboup,SEN,MF,21.0,28,9,1054,1,0,1,1,0.09,0.0,0.09
FRA-Ligue 1,2526,Brest,Romain Del Castillo,FRA,"MF,FW",29.0,32,32,2625,9,3,12,3,0.31,0.1,0.41
FRA-Ligue 1,2526,Brest,Rémy Labeau Lascary,GLP,"MF,FW",22.0,27,12,1200,5,1,6,5,0.37,0.07,0.45
FRA-Ligue 1,2526,Le Havre,Ayumu Seko,JPN,"MF,DF",25.0,30,29,2625,0,0,0,0,0.0,0.0,0.0
FRA-Ligue 1,2526,Le Havre,Fodé Doucouré,MLI,"MF,FW",24.0,26,15,1239,3,1,4,3,0.22,0.07,0.29
FRA-Ligue 1,2526,Le Havre,Issa Soumaré,SEN,"FW,MF",24.0,34,33,2948,8,5,13,7,0.24,0.15,0.4
FRA-Ligue 1,2526,Le Havre,Loïc Nego,HUN,"DF,MF",34.0,30,26,2339,0,0,0,0,0.0,0.0,0.0
FRA-Ligue 1,2526,Le Havre,Lucas Gourna-Douath,FRA,MF,21.0,15,14,1272,0,0,0,0,0.0,0.0,0.0
FRA-Ligue 1,2526,Le Havre,Mbwana Samatta,TAN,FW,32.0,27,17,1542,2,1,3,2,0.12,0.06,0.18
FRA-Ligue 1,2526,Le Havre,Rassoul Ndiaye,SEN,MF,23.0,33,30,2566,4,4,8,4,0.14,0.14,0.28
FRA-Ligue 1,2526,Le Havre,Simon Ebonog,CMR,MF,20.0,30,21,1759,1,0,1,1,0.05,0.0,0.05
FRA-Ligue 1,2526,Le Havre,Sofiane Boufal,MAR,"MF,FW",31.0,17,13,1019,1,4,5,1,0.09,0.35,0.44
FRA-Ligue 1,2526,Le Havre,Yanis Zouaoui,ALG,"DF,MF",27.0,30,28,2338,1,1,2,0,0.04,0.04,0.08
FRA-Ligue 1,2526,Le Havre,Yassine Kechta,MAR,MF,23.0,30,14,1332,2,1,3,2,0.14,0.07,0.2
FRA-Ligue 1,2526,Lens,Adrien Thomasson,FRA,MF,31.0,32,31,2683,3,9,12,3,0.1,0.3,0.4
FRA-Ligue 1,2526,Lens,Florian Thauvin,FRA,MF,32.0,33,29,2443,11,6,17,9,0.41,0.22,0.63
FRA-Ligue 1,2526,Lens,Mamadou Sangare,MLI,MF,23.0,29,27,2323,3,4,7,3,0.12,0.15,0.27
FRA-Ligue 1,2526,Lens,Matthieu Udol,FRA,"MF,DF",29.0,34,33,3002,1,7,8,1,0.03,0.21,0.24
FRA-Ligue 1,2526,Lens,Odsonne Édouard,FRA,FW,27.0,29,26,1796,12,3,15,11,0.6,0.15,0.75
FRA-Ligue 1,2526,Lens,Ruben Aguilar,FRA,MF,32.0,26,20,1720,2,2,4,2,0.1,0.1,0.21
FRA-Ligue 1,2526,Lens,Saud Abdulhamid,KSA,MF,26.0,25,14,1352,2,4,6,2,0.13,0.27,0.4
FRA-Ligue 1,2526,Lens,Wesley Saïd,FRA,MF,30.0,29,26,1991,12,2,14,11,0.54,0.09,0.63
FRA-Ligue 1,2526,Lille,Ayyoub Bouaddi,MAR,MF,17.0,30,28,2321,0,1,1,0,0.0,0.04,0.04
FRA-Ligue 1,2526,Lille,Benjamin André,FRA,MF,34.0,27,26,2332,2,2,4,2,0.08,0.08,0.15
FRA-Ligue 1,2526,Lille,Félix Correia,POR,MF,24.0,34,26,2053,4,5,9,4,0.18,0.22,0.39
FRA-Ligue 1,2526,Lille,Hákon Haraldsson,ISL,MF,22.0,32,29,2460,8,2,10,8,0.29,0.07,0.37
FRA-Ligue 1,2526,Lille,Matias Fernandez-Pardo,BEL,"FW,MF",20.0,29,27,2370,8,5,13,6,0.3,0.19,0.49
FRA-Ligue 1,2526,Lille,Nabil Bentaleb,ALG,MF,30.0,26,13,1287,2,2,4,1,0.14,0.14,0.28
FRA-Ligue 1,2526,Lille,Ngal'Ayel Mukau,COD,MF,20.0,30,19,1534,1,0,1,1,0.06,0.0,0.06
FRA-Ligue 1,2526,Lille,Olivier Giroud,FRA,FW,38.0,30,17,1609,7,1,8,4,0.39,0.06,0.45
FRA-Ligue 1,2526,Lorient,Arsène Kouassi,BFA,MF,20.0,31,30,2605,2,6,8,2,0.07,0.21,0.28
FRA-Ligue 1,2526,Lorient,Arthur Avom,CMR,MF,20.0,31,22,2119,2,1,3,2,0.08,0.04,0.13
FRA-Ligue 1,2526,Lorient,Bamba Dieng,SEN,FW,25.0,22,15,1212,10,1,11,9,0.74,0.07,0.82
FRA-Ligue 1,2526,Lorient,Darlin Yongwa,CMR,"DF,MF",24.0,23,14,1312,0,1,1,0,0.0,0.07,0.07
FRA-Ligue 1,2526,Lorient,Dermane Karim,TOG,MF,21.0,30,15,1365,1,2,3,1,0.07,0.13,0.2
FRA-Ligue 1,2526,Lorient,Jean-Victor Makengo,FRA,MF,27.0,31,23,1800,4,2,6,4,0.2,0.1,0.3
FRA-Ligue 1,2526,Lorient,Laurent Abergel,FRA,MF,32.0,28,27,2318,1,0,1,1,0.04,0.0,0.04
FRA-Ligue 1,2526,Lorient,Noah Cadiou,GLP,MF,26.0,28,20,1879,3,1,4,3,0.14,0.05,0.19
FRA-Ligue 1,2526,Lorient,Pablo Pagis,FRA,"MF,FW",22.0,28,22,1756,10,5,15,8,0.51,0.26,0.77
FRA-Ligue 1,2526,Lorient,Sambou Soumano,SEN,FW,24.0,31,8,941,4,2,6,4,0.38,0.19,0.57
FRA-Ligue 1,2526,Lorient,Théo Le Bris,FRA,MF,22.0,28,22,1893,2,2,4,2,0.1,0.1,0.19
FRA-Ligue 1,2526,Lorient,Tosin Aiyegun,BEN,"FW,MF",27.0,27,11,1073,5,0,5,5,0.42,0.0,0.42
FRA-Ligue 1,2526,Lyon,Abner,BRA,"DF,MF",25.0,26,25,2150,3,2,5,3,0.13,0.08,0.21
FRA-Ligue 1,2526,Lyon,Adam Karabec,CZE,"MF,FW",22.0,21,11,922,1,0,1,1,0.1,0.0,0.1
FRA-Ligue 1,2526,Lyon,Afonso Moreira,POR,"MF,FW",20.0,27,18,1722,4,7,11,4,0.21,0.37,0.57
FRA-Ligue 1,2526,Lyon,Ainsley Maitland-Niles,ENG,"DF,MF",27.0,30,28,2483,1,4,5,1,0.04,0.14,0.18
FRA-Ligue 1,2526,Lyon,Corentin Tolisso,FRA,MF,30.0,30,26,2302,11,4,15,9,0.43,0.16,0.59
FRA-Ligue 1,2526,Lyon,Endrick,BRA,"FW,MF",19.0,16,14,1215,5,7,12,4,0.37,0.52,0.89
FRA-Ligue 1,2526,Lyon,Khalis Merah,FRA,"MF,FW",18.0,22,15,1130,0,1,1,0,0.0,0.08,0.08
FRA-Ligue 1,2526,Lyon,Pavel Šulc,CZE,"FW,MF",24.0,27,17,1566,11,3,14,11,0.63,0.17,0.8
FRA-Ligue 1,2526,Lyon,Tanner Tessmann,USA,MF,23.0,29,22,1953,1,0,1,1,0.05,0.0,0.05
FRA-Ligue 1,2526,Lyon,Tyler Morton,ENG,MF,22.0,29,29,2517,2,2,4,2,0.07,0.07,0.14
FRA-Ligue 1,2526,Marseille,Amine Gouiri,ALG,"FW,MF",25.0,22,15,1326,8,3,11,8,0.54,0.2,0.75
FRA-Ligue 1,2526,Marseille,Emerson Palmieri,ITA,"DF,MF",30.0,28,23,2114,0,3,3,0,0.0,0.13,0.13
FRA-Ligue 1,2526,Marseille,Igor Paixão,BRA,MF,25.0,30,22,1975,6,5,11,6,0.27,0.23,0.5
FRA-Ligue 1,2526,Marseille,Mason Greenwood,ENG,MF,23.0,32,29,2462,16,7,23,10,0.58,0.26,0.84
FRA-Ligue 1,2526,Marseille,Michael Amir Murillo,PAN,"DF,MF",29.0,16,11,989,2,1,3,2,0.18,0.09,0.27
FRA-Ligue 1,2526,Marseille,Pierre Højbjerg,DEN,MF,29.0,32,30,2712,4,5,9,4,0.13,0.17,0.3
FRA-Ligue 1,2526,Marseille,Pierre-Emerick Aubameyang,GAB,FW,36.0,30,23,2039,10,5,15,10,0.44,0.22,0.66
FRA-Ligue 1,2526,Marseille,Quinten Timber,NED,MF,24.0,15,14,1105,0,0,0,0,0.0,0.0,0.0
FRA-Ligue 1,2526,Marseille,Timothy Weah,USA,"MF,DF",25.0,29,26,2253,2,2,4,2,0.08,0.08,0.16
FRA-Ligue 1,2526,Metz,Alpha Touré,SEN,MF,19.0,30,16,1606,0,1,1,0,0.0,0.06,0.06
FRA-Ligue 1,2526,Metz,Benjamin Stambouli,FRA,MF,34.0,19,10,960,0,0,0,0,0.0,0.0,0.0
FRA-Ligue 1,2526,Metz,Boubacar Traoré,MLI,MF,23.0,20,16,1387,1,0,1,1,0.06,0.0,0.06
FRA-Ligue 1,2526,Metz,Cheikh Tidiane Sabaly,SEN,"MF,FW",26.0,14,12,967,0,2,2,0,0.0,0.19,0.19
FRA-Ligue 1,2526,Metz,Gauthier Hein,FRA,"MF,FW",28.0,29,26,2351,8,7,15,3,0.31,0.27,0.57
FRA-Ligue 1,2526,Metz,Habib Diallo,SEN,FW,30.0,25,21,1909,4,1,5,4,0.19,0.05,0.24
FRA-Ligue 1,2526,Metz,Heorhii Tsitaishvili,GEO,"MF,DF",24.0,33,28,2449,3,2,5,3,0.11,0.07,0.18
FRA-Ligue 1,2526,Metz,Jean-Philippe Gbamin,CIV,"DF,MF",29.0,31,30,2485,1,1,2,1,0.04,0.04,0.07
FRA-Ligue 1,2526,Metz,Jessy Deminguet,FRA,MF,27.0,31,25,1995,2,0,2,2,0.09,0.0,0.09
FRA-Ligue 1,2526,Metz,Koffi Kouao,CIV,"DF,MF",27.0,27,27,2265,2,1,3,2,0.08,0.04,0.12
FRA-Ligue 1,2526,Monaco,Aleksandr Golovin,RUS,MF,29.0,25,21,1649,5,5,10,5,0.27,0.27,0.55
FRA-Ligue 1,2526,Monaco,Ansu Fati,ESP,"MF,FW",22.0,25,10,1093,11,0,11,8,0.91,0.0,0.91
FRA-Ligue 1,2526,Monaco,Caio Henrique,BRA,"DF,MF",28.0,22,17,1536,0,2,2,0,0.0,0.12,0.12
FRA-Ligue 1,2526,Monaco,Christian Mawissa,FRA,"DF,MF",20.0,18,13,1191,0,0,0,0,0.0,0.0,0.0
FRA-Ligue 1,2526,Monaco,Denis Zakaria,SUI,"DF,MF",28.0,24,23,2031,2,1,3,2,0.09,0.04,0.13
FRA-Ligue 1,2526,Monaco,Folarin Balogun,USA,FW,24.0,30,26,2230,13,4,17,10,0.52,0.16,0.69
FRA-Ligue 1,2526,Monaco,Jordan Teze,NED,"MF,DF",25.0,33,28,2489,1,2,3,1,0.04,0.07,0.11
FRA-Ligue 1,2526,Monaco,Kassoum Ouattara,FRA,"MF,DF",20.0,15,12,967,0,3,3,0,0.0,0.28,0.28
FRA-Ligue 1,2526,Monaco,Krépin Diatta,SEN,"MF,DF",26.0,18,10,1013,0,1,1,0,0.0,0.09,0.09
FRA-Ligue 1,2526,Monaco,Lamine Camara,SEN,MF,21.0,24,22,1847,3,4,7,3,0.15,0.19,0.34
FRA-Ligue 1,2526,Monaco,Maghnes Akliouche,FRA,"MF,FW",23.0,31,28,2400,6,6,12,6,0.23,0.23,0.45
FRA-Ligue 1,2526,Monaco,Mamadou Coulibaly,FRA,MF,21.0,25,15,1381,3,3,6,3,0.2,0.2,0.39
FRA-Ligue 1,2526,Monaco,Mika Biereth,DEN,FW,22.0,32,12,1074,2,2,4,2,0.17,0.17,0.34
FRA-Ligue 1,2526,Monaco,Takumi Minamino,JPN,MF,30.0,15,11,944,3,2,5,3,0.29,0.19,0.48
FRA-Ligue 1,2526,Nantes,Dehmaine Assoumani,FRA,MF,20.0,27,14,1276,1,0,1,1,0.07,0.0,0.07
FRA-Ligue 1,2526,Nantes,Deiver Machado,COL,"DF,MF",31.0,14,12,907,0,1,1,0,0.0,0.1,0.1
FRA-Ligue 1,2526,Nantes,Johann Lepenant,FRA,MF,22.0,27,23,2173,0,1,1,0,0.0,0.04,0.04
FRA-Ligue 1,2526,Nantes,Junior Mwanga,FRA,MF,22.0,15,15,1260,1,1,2,1,0.07,0.07,0.14
FRA-Ligue 1,2526,Nantes,Louis Leroux,FRA,"MF,DF",19.0,23,16,1441,1,1,2,1,0.06,0.06,0.12
FRA-Ligue 1,2526,Nantes,Matthis Abline,FRA,"FW,MF",22.0,32,27,2494,6,4,10,6,0.22,0.14,0.36
FRA-Ligue 1,2526,Nantes,Mohamed Kaba,GUI,MF,23.0,12,11,918,0,2,2,0,0.0,0.2,0.2
FRA-Ligue 1,2526,Nantes,Mostafa Mohamed,EGY,FW,27.0,24,13,1152,4,0,4,4,0.31,0.0,0.31
FRA-Ligue 1,2526,Nantes,Youssef El-Arabi,MAR,FW,38.0,25,11,941,3,0,3,3,0.29,0.0,0.29
FRA-Ligue 1,2526,Nice,Ali Abdi,TUN,"MF,DF",31.0,22,13,1187,3,0,3,3,0.23,0.0,0.23
FRA-Ligue 1,2526,Nice,Charles Vanhoutte,BEL,MF,26.0,26,21,1772,0,2,2,0,0.0,0.1,0.1
FRA-Ligue 1,2526,Nice,Elye Wahi,CIV,FW,22.0,14,11,922,5,1,6,4,0.49,0.1,0.59
FRA-Ligue 1,2526,Nice,Hicham Boudaoui,ALG,MF,25.0,25,18,1694,1,2,3,1,0.05,0.11,0.16
FRA-Ligue 1,2526,Nice,Jonathan Clauss,FRA,"MF,DF",32.0,30,28,2530,1,6,7,1,0.04,0.21,0.25
FRA-Ligue 1,2526,Nice,Melvin Bard,FRA,"DF,MF",24.0,29,26,2394,2,1,3,2,0.08,0.04,0.11
FRA-Ligue 1,2526,Nice,Mohamed Ali Cho,FRA,"FW,MF",21.0,24,20,1667,4,3,7,4,0.22,0.16,0.38
FRA-Ligue 1,2526,Nice,Morgan Sanson,FRA,MF,30.0,31,20,1772,0,2,2,0,0.0,0.1,0.1
FRA-Ligue 1,2526,Nice,Salis Abdul Samed,GHA,MF,25.0,18,12,911,0,0,0,0,0.0,0.0,0.0
FRA-Ligue 1,2526,Nice,Sofiane Diop,MAR,"MF,FW",25.0,33,26,2130,8,2,10,6,0.34,0.08,0.42
FRA-Ligue 1,2526,Nice,Tom Louchet,FRA,MF,22.0,27,14,1367,3,2,5,3,0.2,0.13,0.33
FRA-Ligue 1,2526,PSG,Bradley Barcola,FRA,FW,22.0,29,21,1743,11,1,12,11,0.57,0.05,0.62
FRA-Ligue 1,2526,PSG,Désiré Doué,FRA,"FW,MF",20.0,23,16,1348,7,4,11,7,0.47,0.27,0.73
FRA-Ligue 1,2526,PSG,Fabián Ruiz Peña,ESP,MF,29.0,20,13,1131,1,4,5,1,0.08,0.32,0.4
FRA-Ligue 1,2526,PSG,Gonçalo Ramos,POR,FW,24.0,30,13,1318,6,1,7,5,0.41,0.07,0.48
FRA-Ligue 1,2526,PSG,Ibrahim Mbaye,SEN,"FW,MF",17.0,24,10,1006,3,2,5,3,0.27,0.18,0.45
FRA-Ligue 1,2526,PSG,João Neves,POR,MF,20.0,21,13,1287,5,1,6,5,0.35,0.07,0.42
FRA-Ligue 1,2526,PSG,Khvicha Kvaratskhelia,GEO,FW,24.0,28,18,1479,8,4,12,7,0.49,0.24,0.73
FRA-Ligue 1,2526,PSG,Lee Kang-in,KOR,"MF,FW",24.0,27,18,1519,3,4,7,3,0.18,0.24,0.41
FRA-Ligue 1,2526,PSG,Lucas Beraldo,BRA,"DF,MF",21.0,20,18,1567,2,1,3,2,0.11,0.06,0.17
FRA-Ligue 1,2526,PSG,Ousmane Dembélé,FRA,FW,28.0,22,11,1063,10,7,17,8,0.85,0.59,1.44
FRA-Ligue 1,2526,PSG,Senny Mayulu,FRA,"MF,FW",19.0,26,21,1672,4,4,8,4,0.22,0.22,0.43
FRA-Ligue 1,2526,PSG,Vitinha,POR,MF,25.0,29,24,2119,1,7,8,1,0.04,0.3,0.34
FRA-Ligue 1,2526,PSG,Warren Zaïre-Emery,FRA,"DF,MF",19.0,32,27,2447,3,4,7,3,0.11,0.15,0.26
FRA-Ligue 1,2526,Paris FC,Adama Camara,FRA,"MF,DF",28.0,29,26,2159,1,0,1,1,0.04,0.0,0.04
FRA-Ligue 1,2526,Paris FC,Alimami Gory,MLI,"MF,DF",28.0,24,9,982,5,1,6,5,0.46,0.09,0.55
FRA-Ligue 1,2526,Paris FC,Ilan Kebbal,ALG,"MF,FW",27.0,29,26,2222,9,4,13,6,0.36,0.16,0.53
FRA-Ligue 1,2526,Paris FC,Jean-Philippe Krasso,CIV,FW,28.0,25,12,1092,2,2,4,1,0.16,0.16,0.33
FRA-Ligue 1,2526,Paris FC,Jonathan Ikone,FRA,"MF,FW",27.0,23,13,1100,3,1,4,3,0.25,0.08,0.33
FRA-Ligue 1,2526,Paris FC,Marshall Munetsi,ZIM,MF,29.0,15,11,975,4,1,5,4,0.37,0.09,0.46
FRA-Ligue 1,2526,Paris FC,Maxime Lopez,FRA,MF,27.0,26,22,1960,0,3,3,0,0.0,0.14,0.14
FRA-Ligue 1,2526,Paris FC,Moses Simon,NGA,"MF,FW",30.0,29,25,2001,3,3,6,3,0.13,0.13,0.27
FRA-Ligue 1,2526,Paris FC,Pierre Lees-Melou,FRA,MF,32.0,22,20,1782,1,3,4,1,0.05,0.15,0.2
FRA-Ligue 1,2526,Paris FC,Willem Geubbels,FRA,FW,23.0,24,12,1013,5,0,5,4,0.44,0.0,0.44
FRA-Ligue 1,2526,Rennes,Breel Embolo,SUI,FW,28.0,31,20,1872,8,3,11,8,0.38,0.14,0.53
FRA-Ligue 1,2526,Rennes,Djaoui Cissé,FRA,MF,21.0,24,12,981,0,0,0,0,0.0,0.0,0.0
FRA-Ligue 1,2526,Rennes,Esteban Lepaul,FRA,FW,25.0,32,31,2511,20,5,25,17,0.72,0.18,0.9
FRA-Ligue 1,2526,Rennes,Ludovic Blas,FRA,"MF,FW",27.0,32,15,1546,5,4,9,3,0.29,0.23,0.52
FRA-Ligue 1,2526,Rennes,Mahdi Camara,FRA,MF,27.0,32,31,2653,3,1,4,3,0.1,0.03,0.14
FRA-Ligue 1,2526,Rennes,Musa Al-Taamari,JOR,"MF,FW",28.0,33,25,2212,6,6,12,6,0.24,0.24,0.49
FRA-Ligue 1,2526,Rennes,Przemysław Frankowski,POL,"MF,DF",30.0,19,15,1210,1,2,3,1,0.07,0.15,0.22
FRA-Ligue 1,2526,Rennes,Quentin Merlin,FRA,"DF,MF",23.0,33,27,2533,1,5,6,1,0.04,0.18,0.21
FRA-Ligue 1,2526,Rennes,Valentin Rongier,FRA,MF,30.0,31,31,2745,2,5,7,2,0.07,0.16,0.23
FRA-Ligue 1,2526,Strasbourg,Abdoul Ouattara,FRA,"MF,DF",19.0,28,19,1768,2,0,2,2,0.1,0.0,0.1
FRA-Ligue 1,2526,Strasbourg,Ben Chilwell,ENG,"DF,MF",28.0,20,19,1598,0,2,2,0,0.0,0.11,0.11
FRA-Ligue 1,2526,Strasbourg,Diego Moreira,BEL,MF,20.0,27,23,2034,4,6,10,4,0.18,0.27,0.44
FRA-Ligue 1,2526,Strasbourg,Guéla Doué,CIV,"DF,MF",22.0,24,23,2061,2,6,8,2,0.09,0.26,0.35
FRA-Ligue 1,2526,Strasbourg,Ismaël Doukouré,FRA,"DF,MF",22.0,25,25,2072,0,2,2,0,0.0,0.09,0.09
FRA-Ligue 1,2526,Strasbourg,Joaquín Panichelli,ARG,FW,22.0,27,24,2193,16,1,17,11,0.66,0.04,0.7
FRA-Ligue 1,2526,Strasbourg,Julio Enciso,PAR,"MF,FW",21.0,27,22,1883,3,6,9,2,0.14,0.29,0.43
FRA-Ligue 1,2526,Strasbourg,Martial Godo,CIV,MF,22.0,28,18,1584,10,1,11,10,0.57,0.06,0.62
FRA-Ligue 1,2526,Strasbourg,Samir El Mourabet,MAR,MF,19.0,33,25,2128,1,2,3,1,0.04,0.08,0.13
FRA-Ligue 1,2526,Strasbourg,Samuel Amo-Ameyaw,ENG,"MF,DF",19.0,25,9,1047,2,2,4,2,0.17,0.17,0.34
FRA-Ligue 1,2526,Strasbourg,Sebastian Nanasi,SWE,MF,23.0,19,11,1050,7,2,9,7,0.6,0.17,0.77
FRA-Ligue 1,2526,Strasbourg,Valentín Barco,ARG,MF,21.0,27,24,2168,2,4,6,2,0.08,0.17,0.25
FRA-Ligue 1,2526,Toulouse,Alexis Vossah,FRA,MF,17.0,23,12,1092,1,1,2,1,0.08,0.08,0.16
FRA-Ligue 1,2526,Toulouse,Aron Dønnum,NOR,MF,27.0,28,28,2419,4,4,8,1,0.15,0.15,0.3
FRA-Ligue 1,2526,Toulouse,Cristian Cásseres Jr.,VEN,MF,25.0,30,28,2495,2,3,5,2,0.07,0.11,0.18
FRA-Ligue 1,2526,Toulouse,Dayann Methalie,FRA,MF,19.0,27,22,1871,2,1,3,2,0.1,0.05,0.14
FRA-Ligue 1,2526,Toulouse,Djibril Sidibé,FRA,"MF,DF",33.0,32,25,2141,3,4,7,2,0.13,0.17,0.29
FRA-Ligue 1,2526,Toulouse,Emersonn,BRA,FW,21.0,27,18,1499,6,2,8,6,0.36,0.12,0.48
FRA-Ligue 1,2526,Toulouse,Frank Magri,CMR,"FW,MF",25.0,17,16,1253,5,1,6,5,0.36,0.07,0.43
FRA-Ligue 1,2526,Toulouse,Pape Demba Diop,SEN,MF,21.0,15,13,1181,1,2,3,1,0.08,0.15,0.23
FRA-Ligue 1,2526,Toulouse,Santiago Hidalgo,ARG,"MF,FW",20.0,28,14,1306,4,6,10,4,0.28,0.41,0.69
FRA-Ligue 1,2526,Toulouse,Yann Gboho,FRA,"MF,FW",24.0,31,30,2601,8,3,11,8,0.28,0.1,0.38
ESP-La Liga,2122,Alavés,Gonzalo Escalante,ARG,MF,28.0,17,15,1300,5,0,5,5,0.35,0.0,0.35
ESP-La Liga,2122,Alavés,Joselu,ESP,FW,31.0,37,35,3122,14,4,18,8,0.4,0.12,0.52
ESP-La Liga,2122,Alavés,Luis Rioja,ESP,"MF,FW",27.0,37,36,3111,1,3,4,1,0.03,0.09,0.12
ESP-La Liga,2122,Alavés,Mamadou Loum,SEN,MF,24.0,32,26,2312,2,0,2,2,0.08,0.0,0.08
ESP-La Liga,2122,Alavés,Manu García,ESP,MF,23.0,24,10,1077,0,1,1,0,0.0,0.08,0.08
ESP-La Liga,2122,Alavés,Martin Agirregabiria,ESP,"DF,MF",25.0,24,17,1616,0,1,1,0,0.0,0.06,0.06
ESP-La Liga,2122,Alavés,Pere Pons,ESP,MF,28.0,27,17,1366,1,0,1,1,0.07,0.0,0.07
ESP-La Liga,2122,Alavés,Tomás Pina Isla,ESP,MF,33.0,29,16,1444,0,0,0,0,0.0,0.0,0.0
ESP-La Liga,2122,Alavés,Toni Moya,ESP,MF,23.0,28,17,1386,0,1,1,0,0.0,0.06,0.06
ESP-La Liga,2122,Alavés,Édgar Méndez,ESP,"MF,FW",31.0,32,17,1614,1,1,2,1,0.06,0.06,0.11
ESP-La Liga,2122,Athletic Club,Dani García,ESP,MF,31.0,32,27,2177,0,0,0,0,0.0,0.0,0.0
ESP-La Liga,2122,Athletic Club,Iker Muniain,ESP,MF,28.0,35,34,2785,4,10,14,3,0.13,0.32,0.45
ESP-La Liga,2122,Athletic Club,Iñaki Williams,GHA,FW,27.0,38,32,2777,8,5,13,7,0.26,0.16,0.42
ESP-La Liga,2122,Athletic Club,Mikel Vesga,ESP,MF,28.0,32,17,1358,2,0,2,2,0.13,0.0,0.13
ESP-La Liga,2122,Athletic Club,Nico Williams,ESP,MF,19.0,34,11,1337,0,0,0,0,0.0,0.0,0.0
ESP-La Liga,2122,Athletic Club,Oier Zarraga,ESP,MF,22.0,31,8,1166,1,0,1,0,0.08,0.0,0.08
ESP-La Liga,2122,Athletic Club,Oihan Sancet,ESP,FW,21.0,27,16,1422,6,4,10,6,0.38,0.25,0.63
ESP-La Liga,2122,Athletic Club,Raúl García,ESP,FW,35.0,35,24,1802,6,2,8,6,0.3,0.1,0.4
ESP-La Liga,2122,Athletic Club,Unai Vencedor Paris,ESP,MF,20.0,34,29,2383,0,0,0,0,0.0,0.0,0.0
ESP-La Liga,2122,Athletic Club,Álex Berenguer,ESP,MF,26.0,34,24,2168,3,6,9,3,0.12,0.25,0.37
ESP-La Liga,2122,Atlético Madrid,Antoine Griezmann,FRA,"FW,MF",30.0,26,21,1695,3,4,7,3,0.16,0.21,0.37
ESP-La Liga,2122,Atlético Madrid,Geoffrey Kondogbia,CTA,"MF,DF",28.0,28,21,1882,1,2,3,1,0.05,0.1,0.14
ESP-La Liga,2122,Atlético Madrid,João Félix,POR,FW,21.0,24,13,1263,8,4,12,8,0.57,0.29,0.86
ESP-La Liga,2122,Atlético Madrid,Kieran Trippier,ENG,"MF,DF",30.0,15,12,976,0,0,0,0,0.0,0.0,0.0
ESP-La Liga,2122,Atlético Madrid,Koke,ESP,MF,29.0,31,29,2508,1,2,3,1,0.04,0.07,0.11
ESP-La Liga,2122,Atlético Madrid,Luis Suárez,URU,FW,34.0,35,20,1835,11,2,13,9,0.54,0.1,0.64
ESP-La Liga,2122,Atlético Madrid,Marcos Llorente,ESP,"MF,DF",26.0,29,29,2447,0,2,2,0,0.0,0.07,0.07
ESP-La Liga,2122,Atlético Madrid,Matheus Cunha,BRA,FW,22.0,29,8,1063,6,4,10,6,0.51,0.34,0.85
ESP-La Liga,2122,Atlético Madrid,Renan Lodi,BRA,"DF,MF",23.0,29,13,1181,2,2,4,2,0.15,0.15,0.3
ESP-La Liga,2122,Atlético Madrid,Rodrigo De Paul,ARG,MF,27.0,36,24,2151,3,1,4,3,0.13,0.04,0.17
ESP-La Liga,2122,Atlético Madrid,Thomas Lemar,FRA,MF,25.0,24,17,1440,4,5,9,4,0.25,0.31,0.56
ESP-La Liga,2122,Atlético Madrid,Yannick Carrasco,BEL,"MF,FW",27.0,34,28,2583,6,6,12,4,0.21,0.21,0.42
ESP-La Liga,2122,Atlético Madrid,Ángel Correa,ARG,"FW,MF",26.0,36,21,1856,12,5,17,12,0.58,0.24,0.82
ESP-La Liga,2122,Atlético Madrid,Šime Vrsaljko,CRO,"DF,MF",29.0,21,10,914,1,2,3,1,0.1,0.2,0.3
ESP-La Liga,2122,Barcelona,Ferran Torres,ESP,FW,21.0,18,17,1412,4,4,8,3,0.25,0.25,0.51
ESP-La Liga,2122,Barcelona,Frenkie de Jong,NED,MF,24.0,32,30,2476,3,3,6,3,0.11,0.11,0.22
ESP-La Liga,2122,Barcelona,Gavi,ESP,"MF,FW",16.0,34,28,2316,2,5,7,2,0.08,0.19,0.27
ESP-La Liga,2122,Barcelona,Memphis,NED,FW,27.0,28,20,1851,12,2,14,8,0.58,0.1,0.68
ESP-La Liga,2122,Barcelona,Nicolás González,ESP,MF,19.0,27,12,1114,2,1,3,2,0.16,0.08,0.24
ESP-La Liga,2122,Barcelona,Ousmane Dembélé,FRA,"FW,MF",24.0,21,15,1409,1,13,14,1,0.06,0.83,0.89
ESP-La Liga,2122,Barcelona,Pierre-Emerick Aubameyang,GAB,FW,32.0,17,13,1082,11,1,12,11,0.91,0.08,1.0
ESP-La Liga,2122,Barcelona,Sergio Busquets,ESP,MF,33.0,36,36,3198,2,0,2,2,0.06,0.0,0.06
ESP-La Liga,2122,Barcelona,Sergiño Dest,USA,"DF,FW",20.0,21,17,1512,0,3,3,0,0.0,0.18,0.18
ESP-La Liga,2122,Celta Vigo,Brais Méndez,ESP,MF,24.0,37,36,3021,4,5,9,4,0.12,0.15,0.27
ESP-La Liga,2122,Celta Vigo,Denis Suárez,ESP,MF,27.0,38,33,2819,4,6,10,4,0.13,0.19,0.32
ESP-La Liga,2122,Celta Vigo,Fran Beltrán,ESP,MF,22.0,37,31,2597,1,0,1,1,0.03,0.0,0.03
ESP-La Liga,2122,Celta Vigo,Franco Cervi,ARG,MF,27.0,33,21,1801,4,3,7,4,0.2,0.15,0.35
ESP-La Liga,2122,Celta Vigo,Iago Aspas,ESP,FW,33.0,37,36,3087,18,5,23,15,0.52,0.15,0.67
ESP-La Liga,2122,Celta Vigo,Nolito,ESP,MF,34.0,32,15,1384,2,0,2,2,0.13,0.0,0.13
ESP-La Liga,2122,Celta Vigo,Renato Tapia,PER,MF,26.0,29,13,1412,0,0,0,0,0.0,0.0,0.0
ESP-La Liga,2122,Celta Vigo,Santi Mina,ESP,FW,25.0,33,30,2367,7,3,10,7,0.27,0.11,0.38
ESP-La Liga,2122,Celta Vigo,Thiago Galhardo,BRA,FW,32.0,31,9,1148,2,2,4,2,0.16,0.16,0.31
ESP-La Liga,2122,Cádiz,Anthony Lozano,HON,"FW,MF",28.0,31,21,1672,7,2,9,7,0.38,0.11,0.48
ESP-La Liga,2122,Cádiz,Fali,ESP,"DF,MF",27.0,28,23,1803,0,2,2,0,0.0,0.1,0.1
ESP-La Liga,2122,Cádiz,Isaac Carcelen,ESP,"DF,MF",28.0,25,17,1544,0,1,1,0,0.0,0.06,0.06
ESP-La Liga,2122,Cádiz,Iván Alejo,ESP,MF,26.0,20,11,1065,2,2,4,2,0.17,0.17,0.34
ESP-La Liga,2122,Cádiz,Jens Jønsson,DEN,MF,28.0,22,17,1303,0,1,1,0,0.0,0.07,0.07
ESP-La Liga,2122,Cádiz,Lucas Pérez,ESP,FW,32.0,15,11,1060,3,2,5,3,0.25,0.17,0.42
ESP-La Liga,2122,Cádiz,Oussama Idrissi,MAR,MF,25.0,12,11,902,1,1,2,1,0.1,0.1,0.2
ESP-La Liga,2122,Cádiz,Rubén Alcaraz,ESP,MF,30.0,14,12,1105,2,0,2,2,0.16,0.0,0.16
ESP-La Liga,2122,Cádiz,Rubén Sobrino,ESP,"FW,MF",29.0,33,19,1861,4,1,5,4,0.19,0.05,0.24
ESP-La Liga,2122,Cádiz,Salvi,ESP,MF,30.0,23,17,1395,2,1,3,2,0.13,0.06,0.19
ESP-La Liga,2122,Cádiz,Tomás Alarcón,CHI,MF,22.0,23,16,1425,0,1,1,0,0.0,0.06,0.06
ESP-La Liga,2122,Cádiz,Álex Fernández,ESP,MF,28.0,32,22,2051,3,2,5,2,0.13,0.09,0.22
ESP-La Liga,2122,Cádiz,Álvaro Negredo,ESP,FW,35.0,34,24,2157,7,2,9,5,0.29,0.08,0.38
ESP-La Liga,2122,Elche,Fidel,ESP,MF,31.0,33,29,2261,5,6,11,4,0.2,0.24,0.44
ESP-La Liga,2122,Elche,Gerard Gumbau,ESP,MF,26.0,31,20,1890,0,4,4,0,0.0,0.19,0.19
ESP-La Liga,2122,Elche,Guido Carrillo,ARG,FW,30.0,29,11,1168,2,0,2,2,0.15,0.0,0.15
ESP-La Liga,2122,Elche,Johan Mojica,COL,"DF,MF",28.0,33,32,2855,2,5,7,2,0.06,0.16,0.22
ESP-La Liga,2122,Elche,Josan,ESP,"MF,DF",31.0,31,10,1211,2,3,5,2,0.15,0.22,0.37
ESP-La Liga,2122,Elche,Lucas Boyé,ARG,FW,25.0,24,22,1713,7,3,10,7,0.37,0.16,0.53
ESP-La Liga,2122,Elche,Lucas Pérez,ESP,FW,32.0,18,16,1266,2,1,3,2,0.14,0.07,0.21
ESP-La Liga,2122,Elche,Omar Mascarell,EQG,MF,28.0,32,30,2493,0,0,0,0,0.0,0.0,0.0
ESP-La Liga,2122,Elche,Pere Milla,ESP,"FW,MF",28.0,32,17,1644,8,3,11,8,0.44,0.16,0.6
ESP-La Liga,2122,Elche,Raúl Guti,ESP,MF,24.0,31,17,1627,0,0,0,0,0.0,0.0,0.0
ESP-La Liga,2122,Elche,Tete Morente,ESP,MF,24.0,32,18,1632,3,3,6,3,0.17,0.17,0.33
ESP-La Liga,2122,Espanyol,Adri Embarba,ESP,"MF,FW",29.0,32,24,1986,0,2,2,0,0.0,0.09,0.09
ESP-La Liga,2122,Espanyol,Aleix Vidal,ESP,"DF,MF",31.0,31,21,1901,2,0,2,2,0.09,0.0,0.09
ESP-La Liga,2122,Espanyol,Javi Puado,ESP,"MF,FW",23.0,30,26,2245,4,1,5,4,0.16,0.04,0.2
ESP-La Liga,2122,Espanyol,Keidi Bare,ALB,MF,23.0,25,18,1481,1,1,2,1,0.06,0.06,0.12
ESP-La Liga,2122,Espanyol,Manu Morlanes,ESP,MF,22.0,27,11,1144,2,0,2,2,0.16,0.0,0.16
ESP-La Liga,2122,Espanyol,Nico Ribaudo,ESP,"MF,FW",20.0,31,7,1116,2,0,2,2,0.16,0.0,0.16
ESP-La Liga,2122,Espanyol,Raúl de Tomás,ESP,FW,26.0,34,33,2914,17,3,20,12,0.53,0.09,0.62
ESP-La Liga,2122,Espanyol,Sergi Darder,ESP,MF,27.0,36,36,3125,3,9,12,3,0.09,0.26,0.35
ESP-La Liga,2122,Espanyol,Tonny Vilhena,NED,"MF,FW",26.0,17,13,928,1,1,2,1,0.1,0.1,0.19
ESP-La Liga,2122,Espanyol,Yangel Herrera,VEN,MF,23.0,23,19,1645,1,1,2,1,0.05,0.05,0.11
ESP-La Liga,2122,Espanyol,Óscar Melendo,ESP,MF,23.0,21,14,990,0,0,0,0,0.0,0.0,0.0
ESP-La Liga,2122,Getafe,Borja Mayoral,ESP,FW,24.0,18,11,1044,6,1,7,5,0.52,0.09,0.6
ESP-La Liga,2122,Getafe,Carles Aleñá,ESP,MF,23.0,33,30,2320,1,2,3,1,0.04,0.08,0.12
ESP-La Liga,2122,Getafe,Damián Suárez,URU,"DF,MF",33.0,35,31,2711,0,3,3,0,0.0,0.1,0.1
ESP-La Liga,2122,Getafe,Enes Ünal,TUR,FW,24.0,37,33,2798,16,1,17,14,0.51,0.03,0.55
ESP-La Liga,2122,Getafe,Florentino Luís,POR,MF,21.0,22,9,992,0,1,1,0,0.0,0.09,0.09
ESP-La Liga,2122,Getafe,Mathías Olivera,URU,"DF,MF",23.0,32,32,2803,1,3,4,1,0.03,0.1,0.13
ESP-La Liga,2122,Getafe,Mauro Arambarri,URU,MF,25.0,31,31,2663,0,5,5,0,0.0,0.17,0.17
ESP-La Liga,2122,Getafe,Nemanja Maksimović,SRB,MF,26.0,35,34,2936,1,2,3,1,0.03,0.06,0.09
ESP-La Liga,2122,Getafe,Sandro Ramírez,ESP,FW,26.0,29,19,1462,3,0,3,3,0.18,0.0,0.18
ESP-La Liga,2122,Getafe,Óscar Rodríguez Arnaiz,ESP,"MF,FW",23.0,18,9,943,0,1,1,0,0.0,0.1,0.1
ESP-La Liga,2122,Granada,Antonio Puertas,ESP,"MF,FW",29.0,33,25,2261,6,1,7,6,0.24,0.04,0.28
ESP-La Liga,2122,Granada,Darwin Machís,VEN,"MF,FW",28.0,25,16,1376,4,2,6,4,0.26,0.13,0.39
ESP-La Liga,2122,Granada,Jorge Molina,ESP,FW,39.0,35,19,1966,10,5,15,10,0.46,0.23,0.69
ESP-La Liga,2122,Granada,Luis Milla,ESP,MF,26.0,34,33,2773,3,3,6,0,0.1,0.1,0.19
ESP-La Liga,2122,Granada,Luis Suárez,COL,FW,23.0,37,34,2844,8,4,12,8,0.25,0.13,0.38
ESP-La Liga,2122,Granada,Maxime Gonalons,FRA,MF,32.0,25,20,1550,0,2,2,0,0.0,0.12,0.12
ESP-La Liga,2122,Granada,Njegoš Petrović,SRB,MF,22.0,15,10,918,0,1,1,0,0.0,0.1,0.1
ESP-La Liga,2122,Granada,Álex Collado,ESP,"MF,FW",22.0,17,13,1020,2,1,3,2,0.18,0.09,0.26
ESP-La Liga,2122,Granada,Ángel Montoro,ESP,MF,33.0,24,13,1331,1,1,2,1,0.07,0.07,0.14
ESP-La Liga,2122,Levante,Carlos Clerc,ESP,"DF,MF",29.0,19,18,1514,0,0,0,0,0.0,0.0,0.0
ESP-La Liga,2122,Levante,Dani Gómez,ESP,FW,23.0,28,11,1063,4,2,6,4,0.34,0.17,0.51
ESP-La Liga,2122,Levante,Enis Bardhi,MKD,"MF,FW",26.0,30,17,1701,3,3,6,1,0.16,0.16,0.32
ESP-La Liga,2122,Levante,Gonzalo Melero,ESP,MF,27.0,29,20,1692,7,2,9,5,0.37,0.11,0.48
ESP-La Liga,2122,Levante,Jorge Miramón,ESP,"DF,MF",32.0,29,22,1977,1,0,1,1,0.05,0.0,0.05
ESP-La Liga,2122,Levante,Jorge de Frutos,ESP,"MF,FW",24.0,25,20,1760,4,7,11,4,0.2,0.36,0.56
ESP-La Liga,2122,Levante,José Campaña,ESP,MF,28.0,20,16,1422,2,2,4,2,0.13,0.13,0.25
ESP-La Liga,2122,Levante,José Luis García Vayá,ESP,MF,22.0,29,23,2012,0,0,0,0,0.0,0.0,0.0
ESP-La Liga,2122,Levante,José Luis Morales,ESP,"FW,MF",34.0,35,31,2719,13,7,20,10,0.43,0.23,0.66
ESP-La Liga,2122,Levante,Mickael Malsa,MTQ,MF,25.0,26,11,1143,1,2,3,1,0.08,0.16,0.24
ESP-La Liga,2122,Levante,Nemanja Radoja,SRB,MF,28.0,19,17,1214,0,0,0,0,0.0,0.0,0.0
ESP-La Liga,2122,Levante,Roger Martí,ESP,FW,30.0,29,25,2115,7,3,10,6,0.3,0.13,0.43
ESP-La Liga,2122,Levante,Son,ESP,"DF,MF",27.0,26,22,1971,1,0,1,1,0.05,0.0,0.05
ESP-La Liga,2122,Mallorca,Antonio Sánchez,ESP,MF,24.0,29,19,1616,1,0,1,1,0.06,0.0,0.06
ESP-La Liga,2122,Mallorca,Dani Rodríguez,ESP,MF,33.0,36,33,2832,3,3,6,3,0.1,0.1,0.19
ESP-La Liga,2122,Mallorca,Iddrisu Baba,GHA,MF,25.0,26,23,1934,2,0,2,2,0.09,0.0,0.09
ESP-La Liga,2122,Mallorca,Iñigo Ruiz de Galarreta,ESP,MF,27.0,22,17,1378,0,0,0,0,0.0,0.0,0.0
ESP-La Liga,2122,Mallorca,Lee Kang-in,KOR,MF,20.0,30,15,1411,1,2,3,1,0.06,0.13,0.19
ESP-La Liga,2122,Mallorca,Rodrigo Battaglia,ARG,MF,30.0,26,12,1179,0,0,0,0,0.0,0.0,0.0
ESP-La Liga,2122,Mallorca,Salva Sevilla,ESP,MF,37.0,28,17,1507,5,3,8,1,0.3,0.18,0.48
ESP-La Liga,2122,Mallorca,Takefusa Kubo,JPN,"MF,FW",20.0,28,17,1605,1,0,1,1,0.06,0.0,0.06
ESP-La Liga,2122,Mallorca,Vedat Muriqi,KVX,FW,27.0,16,16,1438,5,3,8,3,0.31,0.19,0.5
ESP-La Liga,2122,Mallorca,Ángel Rodríguez,ESP,"FW,MF",34.0,29,19,1544,3,2,5,3,0.17,0.12,0.29
ESP-La Liga,2122,Osasuna,Ante Budimir,CRO,FW,30.0,28,20,1738,8,2,10,6,0.41,0.1,0.52
ESP-La Liga,2122,Osasuna,Darko Brašanac,SRB,MF,29.0,35,27,2405,1,2,3,1,0.04,0.07,0.11
ESP-La Liga,2122,Osasuna,Ezequiel Ávila,ARG,"FW,MF",27.0,36,22,1870,6,1,7,5,0.29,0.05,0.34
ESP-La Liga,2122,Osasuna,Jon Moncayola,ESP,MF,23.0,36,33,2915,2,3,5,2,0.06,0.09,0.15
ESP-La Liga,2122,Osasuna,Kiké,ESP,FW,31.0,33,18,1862,5,1,6,4,0.24,0.05,0.29
ESP-La Liga,2122,Osasuna,Lucas Torró,ESP,MF,27.0,33,32,2725,1,0,1,1,0.03,0.0,0.03
ESP-La Liga,2122,Osasuna,Rubén García,ESP,"MF,FW",28.0,37,30,2375,1,6,7,1,0.04,0.23,0.27
ESP-La Liga,2122,Rayo Vallecano,Isaac Palazón Camacho,ESP,MF,26.0,34,27,2288,2,4,6,2,0.08,0.16,0.24
ESP-La Liga,2122,Rayo Vallecano,Pathé Ciss,SEN,MF,27.0,31,11,1097,2,1,3,2,0.16,0.08,0.25
ESP-La Liga,2122,Rayo Vallecano,Randy Nteka,ANG,"MF,FW",23.0,34,16,1462,3,0,3,3,0.18,0.0,0.18
ESP-La Liga,2122,Rayo Vallecano,Santi Comesaña,ESP,MF,24.0,35,32,2682,1,2,3,1,0.03,0.07,0.1
ESP-La Liga,2122,Rayo Vallecano,Sergi Guardiola,ESP,FW,30.0,32,20,1710,8,2,10,7,0.42,0.11,0.53
ESP-La Liga,2122,Rayo Vallecano,Unai López,ESP,MF,25.0,27,13,1160,0,0,0,0,0.0,0.0,0.0
ESP-La Liga,2122,Rayo Vallecano,Álvaro García,ESP,MF,28.0,36,34,2998,7,4,11,7,0.21,0.12,0.33
ESP-La Liga,2122,Rayo Vallecano,Óscar Trejo,ARG,MF,33.0,32,24,2007,3,9,12,0,0.13,0.4,0.54
ESP-La Liga,2122,Rayo Vallecano,Óscar Valentín,ESP,MF,26.0,35,29,2569,0,0,0,0,0.0,0.0,0.0
ESP-La Liga,2122,Real Betis,Andrés Guardado,MEX,MF,34.0,28,17,1393,0,1,1,0,0.0,0.06,0.06
ESP-La Liga,2122,Real Betis,Borja Iglesias,ESP,FW,28.0,33,18,1573,10,0,10,7,0.57,0.0,0.57
ESP-La Liga,2122,Real Betis,Guido Rodríguez,ARG,MF,27.0,32,29,2529,1,2,3,1,0.04,0.07,0.11
ESP-La Liga,2122,Real Betis,Juanmi,ESP,MF,28.0,33,26,2131,16,4,20,16,0.68,0.17,0.84
ESP-La Liga,2122,Real Betis,Nabil Fekir,FRA,MF,28.0,34,33,2794,6,8,14,6,0.19,0.26,0.45
ESP-La Liga,2122,Real Betis,Sergio Canales,ESP,MF,30.0,34,33,2791,5,8,13,5,0.16,0.26,0.42
ESP-La Liga,2122,Real Betis,William Carvalho,POR,MF,29.0,33,20,1805,2,3,5,2,0.1,0.15,0.25
ESP-La Liga,2122,Real Betis,Willian José,BRA,FW,29.0,32,19,1604,9,4,13,6,0.5,0.22,0.73
ESP-La Liga,2122,Real Madrid,Casemiro,BRA,MF,29.0,32,31,2569,1,3,4,1,0.04,0.11,0.14
ESP-La Liga,2122,Real Madrid,Eduardo Camavinga,FRA,MF,18.0,26,13,1236,2,1,3,2,0.15,0.07,0.22
ESP-La Liga,2122,Real Madrid,Federico Valverde,URU,MF,23.0,31,19,1833,0,1,1,0,0.0,0.05,0.05
ESP-La Liga,2122,Real Madrid,Karim Benzema,FRA,FW,33.0,32,31,2593,27,12,39,20,0.94,0.42,1.35
ESP-La Liga,2122,Real Madrid,Luka Modrić,CRO,MF,35.0,28,25,2032,2,8,10,1,0.09,0.35,0.44
ESP-La Liga,2122,Real Madrid,Marco Asensio,ESP,"FW,MF",25.0,31,19,1731,10,0,10,10,0.52,0.0,0.52
ESP-La Liga,2122,Real Madrid,Rodrygo,BRA,FW,20.0,33,17,1523,4,4,8,4,0.24,0.24,0.47
ESP-La Liga,2122,Real Madrid,Toni Kroos,GER,MF,31.0,28,25,2103,1,3,4,1,0.04,0.13,0.17
ESP-La Liga,2122,Real Madrid,Vinicius Júnior,BRA,"FW,MF",21.0,35,30,2690,17,10,27,17,0.57,0.33,0.9
ESP-La Liga,2122,Real Sociedad,Adnan Januzaj,BEL,"MF,FW",26.0,33,17,1625,3,0,3,1,0.17,0.0,0.17
ESP-La Liga,2122,Real Sociedad,Alexander Isak,SWE,FW,21.0,32,26,2140,6,2,8,4,0.25,0.08,0.34
ESP-La Liga,2122,Real Sociedad,Alexander Sørloth,NOR,FW,25.0,33,20,1763,4,0,4,4,0.2,0.0,0.2
ESP-La Liga,2122,Real Sociedad,David Silva,ESP,"MF,FW",35.0,25,22,1720,2,4,6,2,0.1,0.21,0.31
ESP-La Liga,2122,Real Sociedad,Joseba Zaldúa,ESP,"DF,MF",29.0,24,14,1172,0,0,0,0,0.0,0.0,0.0
ESP-La Liga,2122,Real Sociedad,Martín Zubimendi,ESP,MF,22.0,36,26,2591,2,1,3,2,0.07,0.03,0.1
ESP-La Liga,2122,Real Sociedad,Mikel Merino,ESP,MF,25.0,34,33,2890,3,2,5,3,0.09,0.06,0.16
ESP-La Liga,2122,Real Sociedad,Mikel Oyarzabal,ESP,"MF,FW",24.0,22,19,1671,9,3,12,5,0.48,0.16,0.65
ESP-La Liga,2122,Real Sociedad,Portu,ESP,"MF,FW",29.0,37,17,1590,1,2,3,0,0.06,0.11,0.17
ESP-La Liga,2122,Real Sociedad,Rafinha,BRA,"MF,FW",28.0,17,13,1050,1,0,1,1,0.09,0.0,0.09
ESP-La Liga,2122,Sevilla,Fernando,BRA,"MF,DF",34.0,24,21,1850,1,1,2,1,0.05,0.05,0.1
ESP-La Liga,2122,Sevilla,Ivan Rakitić,CRO,MF,33.0,35,26,2182,4,6,10,3,0.16,0.25,0.41
ESP-La Liga,2122,Sevilla,Jesús Corona,MEX,"FW,MF",28.0,18,12,1157,2,4,6,2,0.16,0.31,0.47
ESP-La Liga,2122,Sevilla,Joan Jordán,ESP,MF,27.0,36,31,2514,0,1,1,0,0.0,0.04,0.04
ESP-La Liga,2122,Sevilla,Lucas Ocampos,ARG,"FW,MF",27.0,30,23,2125,6,4,10,6,0.25,0.17,0.42
ESP-La Liga,2122,Sevilla,Marcos Acuña,ARG,"DF,MF",29.0,31,26,2260,1,3,4,1,0.04,0.12,0.16
ESP-La Liga,2122,Sevilla,Nemanja Gudelj,SRB,"DF,MF",29.0,21,9,1046,0,0,0,0,0.0,0.0,0.0
ESP-La Liga,2122,Sevilla,Papu Gómez,ARG,"FW,MF",33.0,29,19,1784,5,1,6,5,0.25,0.05,0.3
ESP-La Liga,2122,Sevilla,Rafa Mir,ESP,FW,24.0,34,18,1808,10,0,10,10,0.5,0.0,0.5
ESP-La Liga,2122,Sevilla,Thomas Delaney,DEN,MF,29.0,26,15,1549,2,1,3,2,0.12,0.06,0.17
ESP-La Liga,2122,Sevilla,Youssef En-Nesyri,MAR,FW,24.0,23,15,1277,5,1,6,4,0.35,0.07,0.42
ESP-La Liga,2122,Sevilla,Érik Lamela,ARG,"FW,MF",29.0,20,10,1015,5,2,7,5,0.44,0.18,0.62
ESP-La Liga,2122,Sevilla,Óliver Torres,ESP,"MF,FW",26.0,26,11,1008,2,3,5,2,0.18,0.27,0.45
ESP-La Liga,2122,Valencia,Carlos Soler,ESP,MF,24.0,32,28,2474,11,5,16,4,0.4,0.18,0.58
ESP-La Liga,2122,Valencia,Daniel Wass,DEN,MF,32.0,19,19,1582,1,1,2,1,0.06,0.06,0.11
ESP-La Liga,2122,Valencia,Dimitri Foulquier,FRA,"DF,MF",28.0,29,25,2342,0,1,1,0,0.0,0.04,0.04
ESP-La Liga,2122,Valencia,Gonçalo Guedes,POR,"FW,MF",24.0,36,30,2606,11,6,17,10,0.38,0.21,0.59
ESP-La Liga,2122,Valencia,Hugo Duro,ESP,"MF,FW",21.0,30,22,1834,7,1,8,7,0.34,0.05,0.39
ESP-La Liga,2122,Valencia,Hugo Guillamón,ESP,"MF,DF",21.0,31,28,2361,1,0,1,1,0.04,0.0,0.04
ESP-La Liga,2122,Valencia,Hélder Costa,ANG,MF,27.0,22,13,1118,0,1,1,0,0.0,0.08,0.08
ESP-La Liga,2122,Valencia,Marcos André,BRA,"FW,MF",24.0,29,8,973,1,3,4,1,0.09,0.28,0.37
ESP-La Liga,2122,Valencia,Maxi Gómez,URU,FW,24.0,29,21,1956,5,1,6,5,0.23,0.05,0.28
ESP-La Liga,2122,Valencia,Thierry Correia,POR,"DF,MF",22.0,19,18,1414,0,1,1,0,0.0,0.06,0.06
ESP-La Liga,2122,Valencia,Uroš Račić,SRB,MF,23.0,28,13,1206,0,0,0,0,0.0,0.0,0.0
ESP-La Liga,2122,Valencia,Yunus Musah,USA,"MF,FW",18.0,29,13,1259,1,0,1,1,0.07,0.0,0.07
ESP-La Liga,2122,Villarreal,Alberto Moreno,ESP,"MF,DF",29.0,24,13,1223,3,2,5,3,0.22,0.15,0.37
ESP-La Liga,2122,Villarreal,Arnaut Danjuma,NED,FW,24.0,23,17,1472,10,3,13,7,0.61,0.18,0.79
ESP-La Liga,2122,Villarreal,Boulaye Dia,SEN,FW,24.0,25,13,1269,5,5,10,5,0.35,0.35,0.71
ESP-La Liga,2122,Villarreal,Daniel Parejo,ESP,MF,32.0,33,32,2704,2,10,12,1,0.07,0.33,0.4
ESP-La Liga,2122,Villarreal,Gerard Moreno,ESP,FW,29.0,17,14,1191,9,3,12,8,0.68,0.23,0.91
ESP-La Liga,2122,Villarreal,Giovani Lo Celso,ARG,"FW,MF",25.0,16,11,994,1,1,2,1,0.09,0.09,0.18
ESP-La Liga,2122,Villarreal,Manu Trigueros,ESP,"MF,FW",29.0,35,27,2178,6,4,10,6,0.25,0.17,0.41
ESP-La Liga,2122,Villarreal,Moi Gómez,ESP,"MF,FW",27.0,29,13,1286,2,2,4,2,0.14,0.14,0.28
ESP-La Liga,2122,Villarreal,Samuel Chukwueze,NGA,MF,22.0,27,12,1333,3,3,6,3,0.2,0.2,0.41
ESP-La Liga,2122,Villarreal,Vicente Iborra,ESP,MF,33.0,20,12,1034,0,1,1,0,0.0,0.09,0.09
ESP-La Liga,2122,Villarreal,Yéremy Pino,ESP,"MF,FW",18.0,31,21,1678,6,4,10,6,0.32,0.21,0.54
ESP-La Liga,2122,Villarreal,Étienne Capoue,FRA,MF,33.0,30,26,2290,1,1,2,1,0.04,0.04,0.08
ESP-La Liga,2223,Almería,Adri Embarba,ESP,"FW,MF",30.0,29,18,1472,4,3,7,3,0.24,0.18,0.43
ESP-La Liga,2223,Almería,Alejandro Pozo Pozo,ESP,"DF,MF",23.0,30,20,1880,0,3,3,0,0.0,0.14,0.14
ESP-La Liga,2223,Almería,César de la Hoz,ESP,MF,30.0,25,18,1673,1,0,1,1,0.05,0.0,0.05
ESP-La Liga,2223,Almería,El Bilal Touré,MLI,FW,20.0,21,15,1264,7,2,9,7,0.5,0.14,0.64
ESP-La Liga,2223,Almería,Gonzalo Melero,ESP,MF,28.0,27,24,1855,4,3,7,3,0.19,0.15,0.34
ESP-La Liga,2223,Almería,Largie Ramazani,BEL,"FW,MF",21.0,33,13,1403,3,1,4,3,0.19,0.06,0.26
ESP-La Liga,2223,Almería,Lucas Robertone,ARG,MF,25.0,37,34,2843,2,7,9,2,0.06,0.22,0.28
ESP-La Liga,2223,Almería,Luis Suárez,COL,FW,24.0,21,18,1490,4,4,8,4,0.24,0.24,0.48
ESP-La Liga,2223,Almería,Léo Baptistão,BRA,"FW,MF",29.0,28,24,1726,4,1,5,4,0.21,0.05,0.26
ESP-La Liga,2223,Almería,Samu Costa,POR,MF,21.0,32,22,1989,1,2,3,1,0.05,0.09,0.14
ESP-La Liga,2223,Almería,Álex Centelles,ESP,"DF,MF",24.0,15,11,1123,1,2,3,1,0.08,0.16,0.24
ESP-La Liga,2223,Almería,Íñigo Eguaras,ESP,MF,30.0,25,10,967,1,1,2,1,0.09,0.09,0.19
ESP-La Liga,2223,Athletic Club,Dani García,ESP,MF,32.0,25,18,1485,0,2,2,0,0.0,0.12,0.12
ESP-La Liga,2223,Athletic Club,Gorka Guruzeta,ESP,FW,25.0,30,17,1421,6,1,7,6,0.38,0.06,0.44
ESP-La Liga,2223,Athletic Club,Iker Muniain,ESP,MF,29.0,30,19,1689,0,3,3,0,0.0,0.16,0.16
ESP-La Liga,2223,Athletic Club,Iñaki Williams,GHA,"FW,MF",28.0,36,34,2836,10,3,13,9,0.32,0.1,0.41
ESP-La Liga,2223,Athletic Club,Mikel Vesga,ESP,MF,29.0,36,28,2575,3,3,6,1,0.1,0.1,0.21
ESP-La Liga,2223,Athletic Club,Nico Williams,ESP,MF,20.0,36,32,2656,6,4,10,6,0.2,0.14,0.34
ESP-La Liga,2223,Athletic Club,Oihan Sancet,ESP,MF,22.0,36,32,2532,10,2,12,8,0.36,0.07,0.43
ESP-La Liga,2223,Athletic Club,Raúl García,ESP,"MF,FW",36.0,35,6,967,2,3,5,2,0.19,0.28,0.47
ESP-La Liga,2223,Athletic Club,Álex Berenguer,ESP,MF,27.0,37,26,2297,4,1,5,4,0.16,0.04,0.2
ESP-La Liga,2223,Atlético Madrid,Antoine Griezmann,FRA,"FW,MF",31.0,38,31,2859,15,16,31,15,0.47,0.5,0.98
ESP-La Liga,2223,Atlético Madrid,Axel Witsel,BEL,"DF,MF",33.0,33,25,2258,0,0,0,0,0.0,0.0,0.0
ESP-La Liga,2223,Atlético Madrid,Geoffrey Kondogbia,CTA,MF,29.0,20,10,1006,0,2,2,0,0.0,0.18,0.18
ESP-La Liga,2223,Atlético Madrid,Koke,ESP,MF,30.0,33,30,2545,0,3,3,0,0.0,0.11,0.11
ESP-La Liga,2223,Atlético Madrid,Marcos Llorente,ESP,MF,27.0,22,21,1703,1,2,3,1,0.05,0.11,0.16
ESP-La Liga,2223,Atlético Madrid,Rodrigo De Paul,ARG,MF,28.0,30,24,1923,2,7,9,2,0.09,0.33,0.42
ESP-La Liga,2223,Atlético Madrid,Saúl Ñíguez,ESP,"MF,DF",27.0,31,11,1100,3,1,4,3,0.25,0.08,0.33
ESP-La Liga,2223,Atlético Madrid,Thomas Lemar,FRA,MF,26.0,27,17,1252,1,3,4,1,0.07,0.22,0.29
ESP-La Liga,2223,Atlético Madrid,Yannick Carrasco,BEL,"DF,MF",28.0,35,26,2317,7,3,10,6,0.27,0.12,0.39
ESP-La Liga,2223,Atlético Madrid,Álvaro Morata,ESP,FW,29.0,36,23,1900,13,2,15,13,0.62,0.09,0.71
ESP-La Liga,2223,Atlético Madrid,Ángel Correa,ARG,"FW,MF",27.0,35,13,1455,9,1,10,9,0.56,0.06,0.62
ESP-La Liga,2223,Barcelona,Ansu Fati,ESP,FW,19.0,36,12,1393,7,3,10,7,0.45,0.19,0.65
ESP-La Liga,2223,Barcelona,Eric García,ESP,"DF,MF",21.0,24,15,1417,1,0,1,1,0.06,0.0,0.06
ESP-La Liga,2223,Barcelona,Ferran Torres,ESP,FW,22.0,33,14,1392,4,2,6,4,0.26,0.13,0.39
ESP-La Liga,2223,Barcelona,Franck Kessié,CIV,MF,25.0,28,7,990,1,1,2,1,0.09,0.09,0.18
ESP-La Liga,2223,Barcelona,Frenkie de Jong,NED,MF,25.0,33,29,2534,2,4,6,2,0.07,0.14,0.21
ESP-La Liga,2223,Barcelona,Gavi,ESP,"MF,FW",17.0,36,30,2531,2,4,6,2,0.07,0.14,0.21
ESP-La Liga,2223,Barcelona,Ousmane Dembélé,FRA,FW,25.0,25,16,1410,5,7,12,5,0.32,0.45,0.77
ESP-La Liga,2223,Barcelona,Pedri,ESP,MF,19.0,26,22,1976,6,1,7,6,0.27,0.05,0.32
ESP-La Liga,2223,Barcelona,Raphinha,BRA,FW,25.0,36,25,2072,7,7,14,7,0.3,0.3,0.61
ESP-La Liga,2223,Barcelona,Robert Lewandowski,POL,FW,33.0,34,33,2847,23,7,30,23,0.73,0.22,0.95
ESP-La Liga,2223,Barcelona,Sergi Roberto,ESP,"DF,MF",30.0,23,15,1308,4,1,5,4,0.28,0.07,0.34
ESP-La Liga,2223,Barcelona,Sergio Busquets,ESP,MF,34.0,30,28,2339,0,4,4,0,0.0,0.15,0.15
ESP-La Liga,2223,Celta Vigo,Carles Pérez,ESP,"MF,FW",24.0,35,23,2144,3,5,8,3,0.13,0.21,0.34
ESP-La Liga,2223,Celta Vigo,Fran Beltrán,ESP,MF,23.0,36,33,2855,0,2,2,0,0.0,0.06,0.06
ESP-La Liga,2223,Celta Vigo,Franco Cervi,ARG,MF,28.0,36,21,1894,0,4,4,0,0.0,0.19,0.19
ESP-La Liga,2223,Celta Vigo,Gabriel Veiga,ESP,MF,20.0,36,28,2294,11,4,15,11,0.43,0.16,0.59
ESP-La Liga,2223,Celta Vigo,Iago Aspas,ESP,FW,34.0,37,31,2868,12,3,15,10,0.38,0.09,0.47
ESP-La Liga,2223,Celta Vigo,Jørgen Strand Larsen,NOR,FW,22.0,32,20,1705,4,4,8,4,0.21,0.21,0.42
ESP-La Liga,2223,Celta Vigo,Luca de la Torre,USA,MF,24.0,28,16,1481,0,2,2,0,0.0,0.12,0.12
ESP-La Liga,2223,Celta Vigo,Renato Tapia,PER,"MF,DF",27.0,28,16,1451,0,0,0,0,0.0,0.0,0.0
ESP-La Liga,2223,Celta Vigo,Óscar Rodríguez Arnaiz,ESP,MF,24.0,33,19,1775,2,0,2,2,0.1,0.0,0.1
ESP-La Liga,2223,Cádiz,Anthony Lozano,HON,FW,29.0,28,14,1443,1,1,2,1,0.06,0.06,0.12
ESP-La Liga,2223,Cádiz,Brian Ocampo,URU,MF,23.0,18,15,1119,1,1,2,1,0.08,0.08,0.16
ESP-La Liga,2223,Cádiz,Fali,ESP,"DF,MF",28.0,25,22,1714,0,0,0,0,0.0,0.0,0.0
ESP-La Liga,2223,Cádiz,Fede San Emeterio,ESP,MF,25.0,33,24,1844,0,1,1,0,0.0,0.05,0.05
ESP-La Liga,2223,Cádiz,Gonzalo Escalante,ARG,MF,29.0,14,13,1121,4,1,5,4,0.32,0.08,0.4
ESP-La Liga,2223,Cádiz,Iván Alejo,ESP,MF,27.0,31,13,1311,0,1,1,0,0.0,0.07,0.07
ESP-La Liga,2223,Cádiz,Rubén Alcaraz,ESP,MF,31.0,31,22,2043,3,0,3,1,0.13,0.0,0.13
ESP-La Liga,2223,Cádiz,Rubén Sobrino,ESP,"MF,FW",30.0,33,28,2465,3,2,5,3,0.11,0.07,0.18
ESP-La Liga,2223,Cádiz,Sergi Guardiola,ESP,FW,31.0,17,14,1165,3,0,3,3,0.23,0.0,0.23
ESP-La Liga,2223,Cádiz,Theo Bongonda,COD,MF,26.0,31,24,1938,4,3,7,3,0.19,0.14,0.33
ESP-La Liga,2223,Cádiz,Álex Fernández,ESP,"MF,FW",29.0,28,17,1576,3,0,3,2,0.17,0.0,0.17
ESP-La Liga,2223,Elche,Carlos Clerc,ESP,"DF,MF",30.0,32,31,2639,0,1,1,0,0.0,0.03,0.03
ESP-La Liga,2223,Elche,Ezequiel Ponce,ARG,"FW,MF",25.0,34,8,1129,4,0,4,4,0.32,0.0,0.32
ESP-La Liga,2223,Elche,Fidel,ESP,"MF,FW",32.0,27,21,1714,3,2,5,2,0.16,0.11,0.26
ESP-La Liga,2223,Elche,Gerard Gumbau,ESP,MF,27.0,35,31,2737,1,6,7,1,0.03,0.2,0.23
ESP-La Liga,2223,Elche,Helibelton Palacios,COL,"DF,MF",29.0,24,23,1915,0,0,0,0,0.0,0.0,0.0
ESP-La Liga,2223,Elche,John Donald,ESP,"MF,DF",21.0,14,13,1092,0,0,0,0,0.0,0.0,0.0
ESP-La Liga,2223,Elche,Josan,ESP,"DF,MF",32.0,26,9,1078,1,3,4,1,0.08,0.25,0.33
ESP-La Liga,2223,Elche,Lucas Boyé,ARG,FW,26.0,35,29,2462,7,2,9,7,0.26,0.07,0.33
ESP-La Liga,2223,Elche,Omar Mascarell,EQG,"MF,DF",29.0,28,28,2447,0,1,1,0,0.0,0.04,0.04
ESP-La Liga,2223,Elche,Pere Milla,ESP,"FW,MF",29.0,31,21,1843,6,1,7,3,0.29,0.05,0.34
ESP-La Liga,2223,Elche,Raúl Guti,ESP,MF,25.0,28,12,1117,0,0,0,0,0.0,0.0,0.0
ESP-La Liga,2223,Elche,Tete Morente,ESP,"MF,FW",25.0,32,23,2068,4,0,4,4,0.17,0.0,0.17
ESP-La Liga,2223,Espanyol,Aleix Vidal,ESP,"MF,FW",32.0,25,10,1025,0,3,3,0,0.0,0.26,0.26
ESP-La Liga,2223,Espanyol,Denis Suárez,ESP,MF,28.0,18,11,945,0,0,0,0,0.0,0.0,0.0
ESP-La Liga,2223,Espanyol,Edu Expósito,ESP,MF,25.0,28,13,1160,2,2,4,2,0.16,0.16,0.31
ESP-La Liga,2223,Espanyol,Fernando Calero,ESP,"DF,MF",26.0,27,20,1611,0,1,1,0,0.0,0.06,0.06
ESP-La Liga,2223,Espanyol,Javi Puado,ESP,"MF,FW",24.0,37,25,2340,7,2,9,7,0.27,0.08,0.35
ESP-La Liga,2223,Espanyol,Joselu,ESP,FW,32.0,34,33,2990,16,2,18,11,0.48,0.06,0.54
ESP-La Liga,2223,Espanyol,Martin Braithwaite,DEN,"FW,MF",31.0,31,29,2456,10,2,12,10,0.37,0.07,0.44
ESP-La Liga,2223,Espanyol,Nico Ribaudo,ESP,"MF,FW",21.0,32,16,1248,1,2,3,1,0.07,0.14,0.22
ESP-La Liga,2223,Espanyol,Sergi Darder,ESP,MF,28.0,38,38,3320,6,3,9,6,0.16,0.08,0.24
ESP-La Liga,2223,Espanyol,Vinicius Souza,BRA,MF,23.0,34,27,2428,1,1,2,1,0.04,0.04,0.07
ESP-La Liga,2223,Getafe,Borja Mayoral,ESP,FW,25.0,35,33,2759,8,2,10,8,0.26,0.07,0.33
ESP-La Liga,2223,Getafe,Carles Aleñá,ESP,"MF,FW",24.0,35,26,2119,2,2,4,2,0.08,0.08,0.17
ESP-La Liga,2223,Getafe,Damián Suárez,URU,"DF,MF",34.0,28,26,1946,1,1,2,1,0.05,0.05,0.09
ESP-La Liga,2223,Getafe,Enes Ünal,TUR,FW,25.0,35,35,2970,14,3,17,9,0.42,0.09,0.52
ESP-La Liga,2223,Getafe,Luis Milla,ESP,MF,27.0,27,22,1856,0,3,3,0,0.0,0.15,0.15
ESP-La Liga,2223,Getafe,Mauro Arambarri,URU,MF,26.0,13,13,992,0,1,1,0,0.0,0.09,0.09
ESP-La Liga,2223,Getafe,Munir El Haddadi,MAR,"MF,FW",26.0,28,10,1150,3,1,4,3,0.23,0.08,0.31
ESP-La Liga,2223,Getafe,Nemanja Maksimović,SRB,MF,27.0,29,26,2053,0,0,0,0,0.0,0.0,0.0
ESP-La Liga,2223,Getafe,Portu,ESP,"MF,DF",30.0,34,17,1770,0,3,3,0,0.0,0.15,0.15
ESP-La Liga,2223,Getafe,Ángel Algobia,ESP,MF,23.0,26,11,1138,0,0,0,0,0.0,0.0,0.0
ESP-La Liga,2223,Girona,Aleix García,ESP,MF,25.0,30,26,2337,1,5,6,1,0.04,0.19,0.23
ESP-La Liga,2223,Girona,Cristhian Stuani,URU,FW,35.0,32,8,1090,9,0,9,4,0.74,0.0,0.74
ESP-La Liga,2223,Girona,David López,ESP,"DF,MF",32.0,20,19,1652,3,1,4,3,0.16,0.05,0.22
ESP-La Liga,2223,Girona,Iván Martín,ESP,MF,23.0,24,18,1586,3,3,6,3,0.17,0.17,0.34
ESP-La Liga,2223,Girona,Miguel Gutiérrez,ESP,"DF,MF",21.0,34,27,2390,2,3,5,2,0.08,0.11,0.19
ESP-La Liga,2223,Girona,Oriol Romeu,ESP,MF,30.0,33,33,2950,2,0,2,2,0.06,0.0,0.06
ESP-La Liga,2223,Girona,Rodrigo Riquelme,ESP,"MF,FW",22.0,34,25,2179,4,4,8,4,0.17,0.17,0.33
ESP-La Liga,2223,Girona,Valentín Castellanos,ARG,FW,23.0,35,33,2597,13,0,13,12,0.45,0.0,0.45
ESP-La Liga,2223,Girona,Valery Fernández,ESP,"MF,DF",22.0,25,7,967,0,2,2,0,0.0,0.19,0.19
ESP-La Liga,2223,Girona,Viktor Tsyhankov,UKR,MF,24.0,19,17,1489,3,6,9,3,0.18,0.36,0.54
ESP-La Liga,2223,Girona,Yan Couto,BRA,"MF,DF",20.0,25,12,1158,1,2,3,1,0.08,0.16,0.23
ESP-La Liga,2223,Girona,Yangel Herrera,VEN,MF,24.0,20,12,963,2,2,4,2,0.19,0.19,0.37
ESP-La Liga,2223,Mallorca,Amath,SEN,"MF,FW",26.0,28,12,1227,2,0,2,2,0.15,0.0,0.15
ESP-La Liga,2223,Mallorca,Antonio Sánchez,ESP,"MF,DF",25.0,32,11,1076,0,0,0,0,0.0,0.0,0.0
ESP-La Liga,2223,Mallorca,Dani Rodríguez,ESP,MF,34.0,35,26,2100,3,6,9,3,0.13,0.26,0.39
ESP-La Liga,2223,Mallorca,Giovanni González,URU,"DF,MF",27.0,15,9,926,0,2,2,0,0.0,0.19,0.19
ESP-La Liga,2223,Mallorca,Iddrisu Baba,GHA,MF,26.0,29,20,1705,0,0,0,0,0.0,0.0,0.0
ESP-La Liga,2223,Mallorca,Iñigo Ruiz de Galarreta,ESP,MF,28.0,30,28,2449,0,1,1,0,0.0,0.04,0.04
ESP-La Liga,2223,Mallorca,Lee Kang-in,KOR,"MF,FW",21.0,36,33,2823,6,6,12,6,0.19,0.19,0.38
ESP-La Liga,2223,Mallorca,Vedat Muriqi,KVX,FW,28.0,35,34,2937,15,3,18,11,0.46,0.09,0.55
ESP-La Liga,2223,Osasuna,Abde Ezzalzouli,MAR,"FW,MF",20.0,28,19,1504,4,2,6,4,0.24,0.12,0.36
ESP-La Liga,2223,Osasuna,Aimar Oroz,ESP,"MF,FW",20.0,31,23,2013,3,6,9,2,0.13,0.27,0.4
ESP-La Liga,2223,Osasuna,Ante Budimir,CRO,FW,31.0,31,22,1798,8,0,8,8,0.4,0.0,0.4
ESP-La Liga,2223,Osasuna,Darko Brašanac,SRB,MF,30.0,25,9,1041,1,1,2,1,0.09,0.09,0.17
ESP-La Liga,2223,Osasuna,Ezequiel Ávila,ARG,"FW,MF",28.0,29,23,1709,8,2,10,6,0.42,0.11,0.53
ESP-La Liga,2223,Osasuna,Jon Moncayola,ESP,"MF,DF",24.0,37,25,2448,1,3,4,1,0.04,0.11,0.15
ESP-La Liga,2223,Osasuna,Kike Barja,ESP,"FW,MF",25.0,27,15,1312,1,6,7,1,0.07,0.41,0.48
ESP-La Liga,2223,Osasuna,Kiké,ESP,FW,32.0,35,7,1021,2,0,2,1,0.18,0.0,0.18
ESP-La Liga,2223,Osasuna,Lucas Torró,ESP,MF,28.0,33,31,2477,1,0,1,1,0.04,0.0,0.04
ESP-La Liga,2223,Osasuna,Moi Gómez,ESP,MF,28.0,33,28,2453,3,2,5,3,0.11,0.07,0.18
ESP-La Liga,2223,Osasuna,Pablo Ibáñez,ESP,MF,23.0,25,12,1064,0,1,1,0,0.0,0.08,0.08
ESP-La Liga,2223,Osasuna,Rubén García,ESP,"MF,FW",29.0,29,11,1159,2,2,4,2,0.16,0.16,0.31
ESP-La Liga,2223,Osasuna,Rubén Peña,ESP,"DF,MF",31.0,20,14,1277,0,1,1,0,0.0,0.07,0.07
ESP-La Liga,2223,Rayo Vallecano,Isaac Palazón Camacho,ESP,MF,27.0,37,36,2965,9,5,14,8,0.27,0.15,0.42
ESP-La Liga,2223,Rayo Vallecano,Pathé Ciss,SEN,MF,28.0,32,12,1282,1,0,1,1,0.07,0.0,0.07
ESP-La Liga,2223,Rayo Vallecano,Santi Comesaña,ESP,MF,25.0,35,29,2451,3,2,5,3,0.11,0.07,0.18
ESP-La Liga,2223,Rayo Vallecano,Sergio Camello,ESP,FW,21.0,38,27,2401,6,5,11,6,0.22,0.19,0.41
ESP-La Liga,2223,Rayo Vallecano,Unai López,ESP,MF,26.0,34,12,1254,1,2,3,1,0.07,0.14,0.22
ESP-La Liga,2223,Rayo Vallecano,Álvaro García,ESP,MF,29.0,35,34,2870,5,5,10,5,0.16,0.16,0.31
ESP-La Liga,2223,Rayo Vallecano,Óscar Trejo,ARG,"MF,FW",34.0,34,28,2145,3,4,7,2,0.13,0.17,0.29
ESP-La Liga,2223,Rayo Vallecano,Óscar Valentín,ESP,MF,27.0,34,29,2555,0,0,0,0,0.0,0.0,0.0
ESP-La Liga,2223,Real Betis,Aitor Ruibal,ESP,"DF,MF",26.0,26,15,1454,0,0,0,0,0.0,0.0,0.0
ESP-La Liga,2223,Real Betis,Andrés Guardado,MEX,MF,35.0,26,16,1373,1,1,2,1,0.07,0.07,0.13
ESP-La Liga,2223,Real Betis,Ayoze Pérez,ESP,"MF,FW",29.0,19,17,1386,3,1,4,3,0.19,0.06,0.26
ESP-La Liga,2223,Real Betis,Borja Iglesias,ESP,FW,29.0,35,29,2365,15,3,18,10,0.57,0.11,0.68
ESP-La Liga,2223,Real Betis,Guido Rodríguez,ARG,MF,28.0,34,33,2872,1,0,1,1,0.03,0.0,0.03
ESP-La Liga,2223,Real Betis,Juanmi,ESP,MF,29.0,22,9,925,4,0,4,4,0.39,0.0,0.39
ESP-La Liga,2223,Real Betis,Luiz Henrique,BRA,MF,21.0,33,21,1807,1,3,4,1,0.05,0.15,0.2
ESP-La Liga,2223,Real Betis,Nabil Fekir,FRA,MF,29.0,15,12,961,2,2,4,1,0.19,0.19,0.37
ESP-La Liga,2223,Real Betis,Rodri,ESP,MF,22.0,30,19,1601,2,3,5,2,0.11,0.17,0.28
ESP-La Liga,2223,Real Betis,Sergio Canales,ESP,MF,31.0,31,28,2402,4,3,7,3,0.15,0.11,0.26
ESP-La Liga,2223,Real Betis,William Carvalho,POR,MF,30.0,33,31,2438,3,1,4,3,0.11,0.04,0.15
ESP-La Liga,2223,Real Madrid,Aurélien Tchouaméni,FRA,MF,22.0,33,24,2119,0,4,4,0,0.0,0.17,0.17
ESP-La Liga,2223,Real Madrid,Dani Ceballos,ESP,MF,25.0,30,19,1564,0,4,4,0,0.0,0.23,0.23
ESP-La Liga,2223,Real Madrid,Eduardo Camavinga,FRA,"MF,DF",19.0,37,21,2010,0,1,1,0,0.0,0.04,0.04
ESP-La Liga,2223,Real Madrid,Federico Valverde,URU,"MF,FW",24.0,34,29,2502,7,4,11,7,0.25,0.14,0.4
ESP-La Liga,2223,Real Madrid,Karim Benzema,FRA,FW,34.0,24,24,2038,19,3,22,12,0.84,0.13,0.97
ESP-La Liga,2223,Real Madrid,Luka Modrić,CRO,MF,36.0,33,19,1744,4,3,7,3,0.21,0.15,0.36
ESP-La Liga,2223,Real Madrid,Marco Asensio,ESP,"FW,MF",26.0,31,15,1442,9,6,15,9,0.56,0.37,0.94
ESP-La Liga,2223,Real Madrid,Rodrygo,BRA,FW,21.0,34,25,2379,9,8,17,8,0.34,0.3,0.64
ESP-La Liga,2223,Real Madrid,Toni Kroos,GER,MF,32.0,30,25,2155,2,4,6,2,0.08,0.17,0.25
ESP-La Liga,2223,Real Madrid,Vinicius Júnior,BRA,FW,22.0,33,32,2823,10,9,19,10,0.32,0.29,0.61
ESP-La Liga,2223,Real Sociedad,Alexander Sørloth,NOR,FW,26.0,34,28,2386,12,3,15,12,0.45,0.11,0.57
ESP-La Liga,2223,Real Sociedad,Asier Illarramendi,ESP,MF,32.0,24,13,1076,1,0,1,1,0.08,0.0,0.08
ESP-La Liga,2223,Real Sociedad,Brais Méndez,ESP,MF,25.0,34,28,2407,8,4,12,8,0.3,0.15,0.45
ESP-La Liga,2223,Real Sociedad,David Silva,ESP,"MF,FW",36.0,28,25,1937,2,5,7,2,0.09,0.23,0.33
ESP-La Liga,2223,Real Sociedad,Martín Zubimendi,ESP,MF,23.0,36,35,3101,1,3,4,1,0.03,0.09,0.12
ESP-La Liga,2223,Real Sociedad,Mikel Merino,ESP,MF,26.0,33,28,2494,2,9,11,2,0.07,0.32,0.4
ESP-La Liga,2223,Real Sociedad,Mikel Oyarzabal,ESP,"FW,MF",25.0,23,14,1214,4,1,5,2,0.3,0.07,0.37
ESP-La Liga,2223,Real Sociedad,Takefusa Kubo,JPN,"FW,MF",21.0,35,29,2439,9,4,13,9,0.33,0.15,0.48
ESP-La Liga,2223,Sevilla,Alex Telles,BRA,"DF,MF",29.0,27,15,1427,0,2,2,0,0.0,0.13,0.13
ESP-La Liga,2223,Sevilla,Bryan Gil,ESP,MF,21.0,17,10,918,2,2,4,2,0.2,0.2,0.39
ESP-La Liga,2223,Sevilla,Fernando,BRA,"MF,DF",35.0,22,19,1577,0,1,1,0,0.0,0.06,0.06
ESP-La Liga,2223,Sevilla,Ivan Rakitić,CRO,MF,34.0,31,21,1788,1,3,4,0,0.05,0.15,0.2
ESP-La Liga,2223,Sevilla,Jesús Navas,ESP,"DF,MF",36.0,32,21,1981,0,0,0,0,0.0,0.0,0.0
ESP-La Liga,2223,Sevilla,Joan Jordán,ESP,MF,28.0,23,19,1592,0,1,1,0,0.0,0.06,0.06
ESP-La Liga,2223,Sevilla,Lucas Ocampos,ARG,"MF,FW",28.0,19,11,1165,4,0,4,1,0.31,0.0,0.31
ESP-La Liga,2223,Sevilla,Nemanja Gudelj,SRB,"DF,MF",30.0,34,31,2779,3,1,4,3,0.1,0.03,0.13
ESP-La Liga,2223,Sevilla,Pape Gueye,SEN,MF,23.0,16,15,1171,1,3,4,1,0.08,0.23,0.31
ESP-La Liga,2223,Sevilla,Papu Gómez,ARG,MF,34.0,19,11,1065,1,1,2,1,0.08,0.08,0.17
ESP-La Liga,2223,Sevilla,Rafa Mir,ESP,FW,25.0,26,16,1298,6,0,6,6,0.42,0.0,0.42
ESP-La Liga,2223,Sevilla,Suso,ESP,"MF,FW",28.0,25,10,1065,2,4,6,2,0.17,0.34,0.51
ESP-La Liga,2223,Sevilla,Youssef En-Nesyri,MAR,FW,25.0,31,17,1661,8,1,9,8,0.43,0.05,0.49
ESP-La Liga,2223,Sevilla,Érik Lamela,ARG,"MF,FW",30.0,32,20,1844,6,0,6,6,0.29,0.0,0.29
ESP-La Liga,2223,Sevilla,Óliver Torres,ESP,MF,27.0,32,27,2137,3,1,4,3,0.13,0.04,0.17
ESP-La Liga,2223,Valencia,André Almeida,POR,MF,22.0,34,29,2539,2,4,6,2,0.07,0.14,0.21
ESP-La Liga,2223,Valencia,Edinson Cavani,URU,FW,35.0,25,20,1449,5,2,7,3,0.31,0.12,0.43
ESP-La Liga,2223,Valencia,Hugo Duro,ESP,FW,22.0,30,12,1385,1,1,2,1,0.06,0.06,0.13
ESP-La Liga,2223,Valencia,Hugo Guillamón,ESP,MF,22.0,25,19,1632,1,4,5,0,0.06,0.22,0.28
ESP-La Liga,2223,Valencia,Ilaix Moriba,GUI,MF,19.0,24,10,1011,0,2,2,0,0.0,0.18,0.18
ESP-La Liga,2223,Valencia,Justin Kluivert,NED,"FW,MF",23.0,26,15,1447,6,0,6,5,0.37,0.0,0.37
ESP-La Liga,2223,Valencia,Nicolás González,ESP,MF,20.0,26,18,1405,1,1,2,1,0.06,0.06,0.13
ESP-La Liga,2223,Valencia,Samu Castillejo,ESP,"FW,MF",27.0,25,17,1362,4,0,4,4,0.26,0.0,0.26
ESP-La Liga,2223,Valencia,Samuel Lino,BRA,"FW,MF",22.0,38,33,2887,6,1,7,6,0.19,0.03,0.22
ESP-La Liga,2223,Valencia,Toni Lato,ESP,"DF,MF",24.0,24,9,914,1,0,1,1,0.1,0.0,0.1
ESP-La Liga,2223,Valencia,Yunus Musah,USA,MF,19.0,33,26,2110,0,2,2,0,0.0,0.09,0.09
ESP-La Liga,2223,Valladolid,Cyle Larin,CAN,FW,27.0,19,16,1469,8,3,11,6,0.49,0.18,0.67
ESP-La Liga,2223,Valladolid,Gonzalo Plata,ECU,"FW,MF",21.0,34,26,2302,1,5,6,1,0.04,0.2,0.23
ESP-La Liga,2223,Valladolid,Iván Fresneda,ESP,"DF,MF",17.0,22,18,1743,0,0,0,0,0.0,0.0,0.0
ESP-La Liga,2223,Valladolid,Iván Sánchez,ESP,"MF,FW",29.0,25,13,1154,1,1,2,1,0.08,0.08,0.16
ESP-La Liga,2223,Valladolid,Kike Pérez,ESP,MF,25.0,36,28,2307,1,2,3,1,0.04,0.08,0.12
ESP-La Liga,2223,Valladolid,Lucas Oliveira Rosa,BRA,"DF,MF",22.0,17,11,931,0,1,1,0,0.0,0.1,0.1
ESP-La Liga,2223,Valladolid,Luis Pérez,ESP,"DF,MF",27.0,18,15,1213,0,1,1,0,0.0,0.07,0.07
ESP-La Liga,2223,Valladolid,Martin Hongla,CMR,"DF,MF",24.0,16,15,1306,0,0,0,0,0.0,0.0,0.0
ESP-La Liga,2223,Valladolid,Monchu,ESP,MF,22.0,33,23,2031,3,2,5,3,0.13,0.09,0.22
ESP-La Liga,2223,Valladolid,Roque Mesa,ESP,MF,33.0,29,20,1617,2,1,3,2,0.11,0.06,0.17
ESP-La Liga,2223,Valladolid,Sergio Escudero,ESP,"DF,MF",32.0,23,17,1439,1,0,1,1,0.06,0.0,0.06
ESP-La Liga,2223,Valladolid,Sergio León,ESP,FW,33.0,29,14,1334,6,1,7,5,0.4,0.07,0.47
ESP-La Liga,2223,Valladolid,Álvaro Aguado,ESP,MF,26.0,34,18,1888,1,2,3,1,0.05,0.1,0.14
ESP-La Liga,2223,Valladolid,Óscar Plano,ESP,"MF,FW",31.0,33,22,2038,1,1,2,1,0.04,0.04,0.09
ESP-La Liga,2223,Villarreal,Daniel Parejo,ESP,MF,33.0,37,37,3285,3,4,7,1,0.08,0.11,0.19
ESP-La Liga,2223,Villarreal,Gerard Moreno,ESP,FW,30.0,21,14,1230,7,3,10,6,0.51,0.22,0.73
ESP-La Liga,2223,Villarreal,Giovani Lo Celso,ARG,"MF,FW",26.0,22,14,1126,2,3,5,2,0.16,0.24,0.4
ESP-La Liga,2223,Villarreal,José Luis Morales,ESP,FW,35.0,29,11,1211,7,0,7,7,0.52,0.0,0.52
ESP-La Liga,2223,Villarreal,Nicolas Jackson,SEN,FW,21.0,26,16,1598,12,4,16,12,0.68,0.23,0.9
ESP-La Liga,2223,Villarreal,Samuel Chukwueze,NGA,"FW,MF",23.0,37,27,2339,6,5,11,6,0.23,0.19,0.42
ESP-La Liga,2223,Villarreal,Yéremy Pino,ESP,"MF,FW",19.0,36,31,2447,4,6,10,4,0.15,0.22,0.37
ESP-La Liga,2223,Villarreal,Álex Baena,ESP,"MF,FW",21.0,35,19,1947,6,2,8,6,0.28,0.09,0.37
ESP-La Liga,2223,Villarreal,Étienne Capoue,FRA,MF,34.0,28,22,1955,3,0,3,3,0.14,0.0,0.14
ESP-La Liga,2324,Alavés,Alex Sola,ESP,MF,24.0,29,14,1262,0,3,3,0,0.0,0.21,0.21
ESP-La Liga,2324,Alavés,Ander Guevara,ESP,MF,26.0,37,33,2932,1,0,1,1,0.03,0.0,0.03
ESP-La Liga,2324,Alavés,Antonio Blanco,ESP,MF,23.0,33,29,2426,0,1,1,0,0.0,0.04,0.04
ESP-La Liga,2324,Alavés,Carlos Benavídez,URU,MF,25.0,29,10,1136,3,1,4,3,0.24,0.08,0.32
ESP-La Liga,2324,Alavés,Carlos Vicente,ESP,MF,24.0,18,12,1114,2,4,6,2,0.16,0.32,0.48
ESP-La Liga,2324,Alavés,Jon Guridi,ESP,MF,28.0,36,34,2678,3,4,7,3,0.1,0.13,0.24
ESP-La Liga,2324,Alavés,Kiké,ESP,FW,33.0,33,15,1423,3,2,5,3,0.19,0.13,0.32
ESP-La Liga,2324,Alavés,Luis Rioja,ESP,MF,29.0,37,31,2498,5,4,9,2,0.18,0.14,0.32
ESP-La Liga,2324,Alavés,Samu Omorodion,ESP,FW,19.0,34,21,1918,8,1,9,8,0.38,0.05,0.42
ESP-La Liga,2324,Almería,Adri Embarba,ESP,"MF,FW",31.0,36,29,2476,3,2,5,2,0.11,0.07,0.18
ESP-La Liga,2324,Almería,Alejandro Pozo Pozo,ESP,"DF,MF",24.0,21,9,976,0,0,0,0,0.0,0.0,0.0
ESP-La Liga,2324,Almería,Dion Lopy,SEN,MF,21.0,30,23,1916,0,0,0,0,0.0,0.0,0.0
ESP-La Liga,2324,Almería,Gonzalo Melero,ESP,"MF,FW",29.0,28,10,1103,1,1,2,1,0.08,0.08,0.16
ESP-La Liga,2324,Almería,Iddrisu Baba,GHA,MF,27.0,25,14,1430,0,0,0,0,0.0,0.0,0.0
ESP-La Liga,2324,Almería,Jonathan Viera,ESP,MF,33.0,12,12,912,0,3,3,0,0.0,0.3,0.3
ESP-La Liga,2324,Almería,Largie Ramazani,BEL,"MF,FW",22.0,29,16,1555,3,5,8,3,0.17,0.29,0.46
ESP-La Liga,2324,Almería,Lucas Robertone,ARG,MF,26.0,33,29,2381,0,5,5,0,0.0,0.19,0.19
ESP-La Liga,2324,Almería,Luis Suárez,COL,"FW,MF",25.0,15,10,917,6,0,6,5,0.59,0.0,0.59
ESP-La Liga,2324,Almería,Léo Baptistão,BRA,"FW,MF",30.0,32,22,1837,6,0,6,6,0.29,0.0,0.29
ESP-La Liga,2324,Almería,Sergio Akieme,ESP,"DF,MF",25.0,19,19,1675,2,0,2,2,0.11,0.0,0.11
ESP-La Liga,2324,Almería,Sergio Arribas,ESP,"MF,FW",21.0,34,22,2047,9,4,13,9,0.4,0.18,0.57
ESP-La Liga,2324,Almería,Édgar González,ESP,"DF,MF",26.0,31,30,2522,2,0,2,2,0.07,0.0,0.07
ESP-La Liga,2324,Athletic Club,Ander Herrera,ESP,MF,33.0,23,10,1030,0,3,3,0,0.0,0.26,0.26
ESP-La Liga,2324,Athletic Club,Beñat Prados,ESP,MF,22.0,26,16,1449,0,0,0,0,0.0,0.0,0.0
ESP-La Liga,2324,Athletic Club,Gorka Guruzeta,ESP,FW,26.0,32,30,2217,14,5,19,14,0.57,0.2,0.77
ESP-La Liga,2324,Athletic Club,Iñaki Williams,GHA,MF,29.0,34,32,2844,12,3,15,12,0.38,0.09,0.47
ESP-La Liga,2324,Athletic Club,Iñigo Ruiz de Galarreta,ESP,MF,29.0,29,25,2091,1,1,2,1,0.04,0.04,0.09
ESP-La Liga,2324,Athletic Club,Mikel Vesga,ESP,MF,30.0,27,18,1534,3,1,4,1,0.18,0.06,0.23
ESP-La Liga,2324,Athletic Club,Nico Williams,ESP,MF,21.0,31,29,2263,5,11,16,5,0.2,0.44,0.64
ESP-La Liga,2324,Athletic Club,Oihan Sancet,ESP,MF,23.0,30,25,1975,4,5,9,4,0.18,0.23,0.41
ESP-La Liga,2324,Athletic Club,Álex Berenguer,ESP,MF,28.0,35,15,1592,7,3,10,6,0.4,0.17,0.57
ESP-La Liga,2324,Atlético Madrid,Antoine Griezmann,FRA,"FW,MF",32.0,33,31,2644,16,6,22,12,0.54,0.2,0.75
ESP-La Liga,2324,Atlético Madrid,César Azpilicueta,ESP,"DF,MF",33.0,25,14,1423,0,2,2,0,0.0,0.13,0.13
ESP-La Liga,2324,Atlético Madrid,Koke,ESP,MF,31.0,35,32,2493,0,4,4,0,0.0,0.14,0.14
ESP-La Liga,2324,Atlético Madrid,Marcos Llorente,ESP,"MF,DF",28.0,37,29,2565,6,4,10,6,0.21,0.14,0.35
ESP-La Liga,2324,Atlético Madrid,Nahuel Molina,ARG,"MF,DF",25.0,30,19,1852,2,3,5,2,0.1,0.15,0.24
ESP-La Liga,2324,Atlético Madrid,Pablo Barrios,ESP,MF,20.0,24,17,1555,0,1,1,0,0.0,0.06,0.06
ESP-La Liga,2324,Atlético Madrid,Rodrigo De Paul,ARG,MF,29.0,34,25,2075,3,5,8,3,0.13,0.22,0.35
ESP-La Liga,2324,Atlético Madrid,Rodrigo Riquelme,ESP,"MF,DF",23.0,34,17,1528,3,5,8,3,0.18,0.29,0.47
ESP-La Liga,2324,Atlético Madrid,Samuel Lino,BRA,"MF,DF",23.0,34,25,2080,4,5,9,4,0.17,0.22,0.39
ESP-La Liga,2324,Atlético Madrid,Saúl Ñíguez,ESP,MF,28.0,34,14,1374,1,4,5,1,0.07,0.26,0.33
ESP-La Liga,2324,Atlético Madrid,Álvaro Morata,ESP,FW,30.0,32,21,1904,15,3,18,15,0.71,0.14,0.85
ESP-La Liga,2324,Atlético Madrid,Ángel Correa,ARG,"FW,MF",28.0,32,14,1528,9,2,11,9,0.53,0.12,0.65
ESP-La Liga,2324,Barcelona,Alejandro Balde,ESP,"DF,MF",19.0,18,15,1378,0,1,1,0,0.0,0.07,0.07
ESP-La Liga,2324,Barcelona,Andreas Christensen,DEN,"DF,MF",27.0,30,27,1979,2,2,4,2,0.09,0.09,0.18
ESP-La Liga,2324,Barcelona,Fermin López,ESP,"MF,FW",20.0,31,14,1446,8,0,8,8,0.5,0.0,0.5
ESP-La Liga,2324,Barcelona,Ferran Torres,ESP,FW,23.0,29,12,1211,7,2,9,7,0.52,0.15,0.67
ESP-La Liga,2324,Barcelona,Frenkie de Jong,NED,MF,26.0,20,20,1634,2,0,2,2,0.11,0.0,0.11
ESP-La Liga,2324,Barcelona,Gavi,ESP,"MF,FW",18.0,12,10,944,1,1,2,1,0.1,0.1,0.19
ESP-La Liga,2324,Barcelona,João Félix,POR,FW,23.0,30,18,1540,7,3,10,7,0.41,0.18,0.58
ESP-La Liga,2324,Barcelona,Lamine Yamal,ESP,"FW,MF",16.0,37,22,2201,5,5,10,5,0.2,0.2,0.41
ESP-La Liga,2324,Barcelona,Oriol Romeu,ESP,MF,31.0,28,11,936,0,1,1,0,0.0,0.1,0.1
ESP-La Liga,2324,Barcelona,Pedri,ESP,"MF,FW",20.0,24,16,1476,4,2,6,4,0.24,0.12,0.37
ESP-La Liga,2324,Barcelona,Raphinha,BRA,"FW,MF",26.0,28,17,1368,6,9,15,5,0.39,0.59,0.99
ESP-La Liga,2324,Barcelona,Robert Lewandowski,POL,FW,34.0,35,32,2750,19,8,27,15,0.62,0.26,0.88
ESP-La Liga,2324,Barcelona,İlkay Gündoğan,GER,MF,32.0,36,33,2994,5,9,14,4,0.15,0.27,0.42
ESP-La Liga,2324,Celta Vigo,Anastasios Douvikas,GRE,FW,23.0,32,7,905,7,1,8,7,0.7,0.1,0.8
ESP-La Liga,2324,Celta Vigo,Fran Beltrán,ESP,MF,24.0,33,28,2428,0,0,0,0,0.0,0.0,0.0
ESP-La Liga,2324,Celta Vigo,Iago Aspas,ESP,FW,35.0,35,31,2707,9,10,19,6,0.3,0.33,0.63
ESP-La Liga,2324,Celta Vigo,Jonathan Bamba,CIV,"MF,FW",27.0,27,24,1981,3,2,5,3,0.14,0.09,0.23
ESP-La Liga,2324,Celta Vigo,Jørgen Strand Larsen,NOR,FW,23.0,37,36,2863,13,3,16,13,0.41,0.09,0.5
ESP-La Liga,2324,Celta Vigo,Luca de la Torre,USA,MF,25.0,31,22,1956,1,4,5,1,0.05,0.18,0.23
ESP-La Liga,2324,Celta Vigo,Manu Sánchez,ESP,"DF,MF",22.0,26,20,1775,0,5,5,0,0.0,0.25,0.25
ESP-La Liga,2324,Celta Vigo,Renato Tapia,PER,"MF,DF",28.0,21,15,1337,0,0,0,0,0.0,0.0,0.0
ESP-La Liga,2324,Celta Vigo,Óscar Mingueza,ESP,"DF,MF",24.0,38,33,2998,2,2,4,2,0.06,0.06,0.12
ESP-La Liga,2324,Cádiz,Chris Ramos,ESP,FW,26.0,37,30,2612,5,1,6,5,0.17,0.03,0.21
ESP-La Liga,2324,Cádiz,Gonzalo Escalante,ARG,MF,30.0,25,18,1697,1,2,3,1,0.05,0.11,0.16
ESP-La Liga,2324,Cádiz,Iván Alejo,ESP,MF,28.0,30,21,1692,0,2,2,0,0.0,0.11,0.11
ESP-La Liga,2324,Cádiz,Maxi Gómez,URU,FW,26.0,31,12,1163,0,0,0,0,0.0,0.0,0.0
ESP-La Liga,2324,Cádiz,Roberto Navarro,ESP,MF,21.0,28,24,1888,1,1,2,1,0.05,0.05,0.1
ESP-La Liga,2324,Cádiz,Roger Martí,ESP,FW,32.0,23,18,1359,2,3,5,2,0.13,0.2,0.33
ESP-La Liga,2324,Cádiz,Rubén Alcaraz,ESP,MF,32.0,36,36,3134,3,1,4,1,0.09,0.03,0.11
ESP-La Liga,2324,Cádiz,Rubén Sobrino,ESP,"MF,FW",31.0,32,18,1646,0,1,1,0,0.0,0.05,0.05
ESP-La Liga,2324,Cádiz,Álex Fernández,ESP,MF,30.0,26,14,1285,0,1,1,0,0.0,0.07,0.07
ESP-La Liga,2324,Getafe,Borja Mayoral,ESP,FW,26.0,27,25,2153,15,1,16,11,0.63,0.04,0.67
ESP-La Liga,2324,Getafe,Carles Aleñá,ESP,MF,25.0,29,10,1020,1,1,2,1,0.09,0.09,0.18
ESP-La Liga,2324,Getafe,Carmona,ESP,"MF,DF",21.0,30,15,1313,1,1,2,1,0.07,0.07,0.14
ESP-La Liga,2324,Getafe,Djené,TOG,"DF,MF",31.0,33,30,2484,0,0,0,0,0.0,0.0,0.0
ESP-La Liga,2324,Getafe,Iglesias,ESP,"DF,MF",25.0,23,16,1412,0,2,2,0,0.0,0.13,0.13
ESP-La Liga,2324,Getafe,Jaime Mata,ESP,"FW,MF",34.0,35,22,1787,5,1,6,5,0.25,0.05,0.3
ESP-La Liga,2324,Getafe,Juanmi Latasa,ESP,FW,22.0,32,15,1555,2,0,2,2,0.12,0.0,0.12
ESP-La Liga,2324,Getafe,Luis Milla,ESP,MF,28.0,27,25,2115,0,1,1,0,0.0,0.04,0.04
ESP-La Liga,2324,Getafe,Mason Greenwood,ENG,"MF,FW",21.0,33,30,2662,8,6,14,6,0.27,0.2,0.47
ESP-La Liga,2324,Getafe,Nemanja Maksimović,SRB,MF,28.0,37,37,3265,4,0,4,4,0.11,0.0,0.11
ESP-La Liga,2324,Getafe,Óscar Rodríguez Arnaiz,ESP,"MF,FW",25.0,24,9,967,2,1,3,2,0.19,0.09,0.28
ESP-La Liga,2324,Girona,Aleix García,ESP,MF,26.0,37,36,3199,3,6,9,3,0.08,0.17,0.25
ESP-La Liga,2324,Girona,Artem Dovbyk,UKR,FW,26.0,36,32,2587,24,8,32,17,0.83,0.28,1.11
ESP-La Liga,2324,Girona,Iván Martín,ESP,MF,24.0,36,33,2729,5,4,9,5,0.16,0.13,0.3
ESP-La Liga,2324,Girona,Miguel Gutiérrez,ESP,"DF,MF",22.0,35,35,3032,2,7,9,2,0.06,0.21,0.27
ESP-La Liga,2324,Girona,Portu,ESP,"MF,FW",31.0,33,11,1188,7,5,12,7,0.53,0.38,0.91
ESP-La Liga,2324,Girona,Sávio,BRA,"MF,FW",19.0,37,35,2976,9,10,19,9,0.27,0.3,0.57
ESP-La Liga,2324,Girona,Viktor Tsyhankov,UKR,MF,25.0,30,26,2052,8,7,15,8,0.35,0.31,0.66
ESP-La Liga,2324,Girona,Yan Couto,BRA,"MF,DF",21.0,34,24,2245,1,8,9,1,0.04,0.32,0.36
ESP-La Liga,2324,Girona,Yangel Herrera,VEN,MF,25.0,29,27,2107,5,0,5,5,0.21,0.0,0.21
ESP-La Liga,2324,Granada,Bryan Zaragoza,ESP,"MF,FW",21.0,21,18,1638,6,2,8,5,0.33,0.11,0.44
ESP-La Liga,2324,Granada,Facundo Pellistri,URU,"MF,FW",21.0,15,14,1232,2,1,3,2,0.15,0.07,0.22
ESP-La Liga,2324,Granada,Gerard Gumbau,ESP,MF,28.0,35,31,2674,0,3,3,0,0.0,0.1,0.1
ESP-La Liga,2324,Granada,Gonzalo Villar,ESP,MF,25.0,35,21,1803,1,3,4,1,0.05,0.15,0.2
ESP-La Liga,2324,Granada,Lucas Boyé,ARG,FW,27.0,31,30,2541,6,3,9,6,0.21,0.11,0.32
ESP-La Liga,2324,Granada,Myrto Uzuni,ALB,"FW,MF",28.0,34,28,2448,11,1,12,7,0.4,0.04,0.44
ESP-La Liga,2324,Granada,Sergio Ruiz,ESP,MF,28.0,35,30,2494,0,4,4,0,0.0,0.14,0.14
ESP-La Liga,2324,Granada,Óscar Melendo,ESP,"MF,FW",25.0,26,15,1122,0,0,0,0,0.0,0.0,0.0
ESP-La Liga,2324,Las Palmas,Alberto Moleiro,ESP,"MF,FW",19.0,28,21,1803,3,3,6,3,0.15,0.15,0.3
ESP-La Liga,2324,Las Palmas,Enzo Loiodice,FRA,MF,22.0,34,19,1790,0,1,1,0,0.0,0.05,0.05
ESP-La Liga,2324,Las Palmas,Javier Muñoz,ESP,MF,28.0,37,30,2640,2,3,5,2,0.07,0.1,0.17
ESP-La Liga,2324,Las Palmas,Kirian Rodríguez,ESP,MF,27.0,37,36,3211,6,2,8,6,0.17,0.06,0.22
ESP-La Liga,2324,Las Palmas,Marvin,ESP,"MF,DF",23.0,31,17,1855,0,2,2,0,0.0,0.1,0.1
ESP-La Liga,2324,Las Palmas,Munir El Haddadi,MAR,"MF,FW",27.0,38,32,2449,3,2,5,3,0.11,0.07,0.18
ESP-La Liga,2324,Las Palmas,Máximo Perrone,ARG,MF,20.0,29,20,1623,0,0,0,0,0.0,0.0,0.0
ESP-La Liga,2324,Las Palmas,Sandro Ramírez,ESP,"FW,MF",28.0,27,21,1808,1,3,4,1,0.05,0.15,0.2
ESP-La Liga,2324,Mallorca,Abdón Prats,ESP,FW,30.0,34,11,1270,6,1,7,6,0.43,0.07,0.5
ESP-La Liga,2324,Mallorca,Antonio Sánchez,ESP,MF,26.0,29,21,1452,3,1,4,3,0.19,0.06,0.25
ESP-La Liga,2324,Mallorca,Cyle Larin,CAN,FW,28.0,35,20,1823,3,2,5,3,0.15,0.1,0.25
ESP-La Liga,2324,Mallorca,Dani Rodríguez,ESP,MF,35.0,36,31,2615,2,4,6,2,0.07,0.14,0.21
ESP-La Liga,2324,Mallorca,Jaume Costa,ESP,"DF,MF",35.0,30,19,1682,0,1,1,0,0.0,0.05,0.05
ESP-La Liga,2324,Mallorca,Manu Morlanes,ESP,MF,24.0,35,16,1615,0,2,2,0,0.0,0.11,0.11
ESP-La Liga,2324,Mallorca,Omar Mascarell,EQG,MF,30.0,29,18,1571,0,0,0,0,0.0,0.0,0.0
ESP-La Liga,2324,Mallorca,Pablo Maffeo,ESP,"DF,MF",26.0,22,17,1454,1,2,3,1,0.06,0.12,0.19
ESP-La Liga,2324,Mallorca,Samu Costa,POR,MF,22.0,34,26,2303,1,1,2,1,0.04,0.04,0.08
ESP-La Liga,2324,Mallorca,Sergi Darder,ESP,MF,29.0,36,21,2157,2,5,7,2,0.08,0.21,0.29
ESP-La Liga,2324,Mallorca,Vedat Muriqi,KVX,FW,29.0,29,25,2327,7,2,9,6,0.27,0.08,0.35
ESP-La Liga,2324,Osasuna,Aimar Oroz,ESP,MF,21.0,33,26,2339,2,1,3,1,0.08,0.04,0.12
ESP-La Liga,2324,Osasuna,Ante Budimir,CRO,FW,32.0,33,29,2435,17,2,19,14,0.63,0.07,0.7
ESP-La Liga,2324,Osasuna,Iker Muñoz,ESP,MF,20.0,28,20,1854,4,0,4,4,0.19,0.0,0.19
ESP-La Liga,2324,Osasuna,Jesús Areso,ESP,"DF,MF",24.0,37,29,2660,1,6,7,1,0.03,0.2,0.24
ESP-La Liga,2324,Osasuna,Johan Mojica,COL,"DF,MF",30.0,30,22,2041,0,3,3,0,0.0,0.13,0.13
ESP-La Liga,2324,Osasuna,Jon Moncayola,ESP,MF,25.0,33,21,1800,1,3,4,1,0.05,0.15,0.2
ESP-La Liga,2324,Osasuna,José Arnaiz,ESP,"FW,MF",28.0,26,9,929,2,1,3,2,0.19,0.1,0.29
ESP-La Liga,2324,Osasuna,Lucas Torró,ESP,MF,29.0,28,21,1788,1,0,1,1,0.05,0.0,0.05
ESP-La Liga,2324,Osasuna,Moi Gómez,ESP,"MF,FW",29.0,28,23,2006,3,0,3,3,0.13,0.0,0.13
ESP-La Liga,2324,Osasuna,Pablo Ibáñez,ESP,MF,24.0,33,12,1152,1,2,3,1,0.08,0.16,0.23
ESP-La Liga,2324,Osasuna,Raúl,ESP,FW,22.0,35,13,1355,6,1,7,6,0.4,0.07,0.46
ESP-La Liga,2324,Osasuna,Rubén García,ESP,"FW,MF",30.0,30,19,1547,3,2,5,3,0.17,0.12,0.29
ESP-La Liga,2324,Osasuna,Rubén Peña,ESP,"DF,MF",32.0,29,26,2088,0,2,2,0,0.0,0.09,0.09
ESP-La Liga,2324,Rayo Vallecano,Isaac Palazón Camacho,ESP,MF,28.0,37,34,2791,4,1,5,2,0.13,0.03,0.16
ESP-La Liga,2324,Rayo Vallecano,Jorge de Frutos,ESP,MF,26.0,36,14,1549,2,0,2,2,0.12,0.0,0.12
ESP-La Liga,2324,Rayo Vallecano,Pathé Ciss,SEN,MF,29.0,31,16,1664,1,0,1,1,0.05,0.0,0.05
ESP-La Liga,2324,Rayo Vallecano,Pep Chavarría,ESP,"DF,MF",25.0,22,12,1167,1,1,2,1,0.08,0.08,0.15
ESP-La Liga,2324,Rayo Vallecano,Raúl de Tomás,ESP,FW,28.0,25,15,1272,1,2,3,0,0.07,0.14,0.21
ESP-La Liga,2324,Rayo Vallecano,Sergio Camello,ESP,FW,22.0,31,20,1661,3,1,4,3,0.16,0.05,0.22
ESP-La Liga,2324,Rayo Vallecano,Unai López,ESP,MF,27.0,35,28,2108,1,2,3,1,0.04,0.09,0.13
ESP-La Liga,2324,Rayo Vallecano,Álvaro García,ESP,MF,30.0,32,30,2475,6,1,7,6,0.22,0.04,0.25
ESP-La Liga,2324,Rayo Vallecano,Óscar Trejo,ARG,"FW,MF",35.0,31,19,1380,0,0,0,0,0.0,0.0,0.0
ESP-La Liga,2324,Rayo Vallecano,Óscar Valentín,ESP,MF,28.0,34,32,2692,1,0,1,1,0.03,0.0,0.03
ESP-La Liga,2324,Real Betis,Aitor Ruibal,ESP,"DF,MF",27.0,18,11,1017,2,1,3,2,0.18,0.09,0.27
ESP-La Liga,2324,Real Betis,Assane Diao,SEN,MF,17.0,18,13,1048,2,0,2,2,0.17,0.0,0.17
ESP-La Liga,2324,Real Betis,Ayoze Pérez,ESP,"MF,FW",30.0,31,29,2294,9,1,10,9,0.35,0.04,0.39
ESP-La Liga,2324,Real Betis,Guido Rodríguez,ARG,MF,29.0,24,22,1846,2,0,2,2,0.1,0.0,0.1
ESP-La Liga,2324,Real Betis,Isco,ESP,MF,31.0,29,28,2326,8,5,13,6,0.31,0.19,0.5
ESP-La Liga,2324,Real Betis,Johnny Cardoso,USA,MF,21.0,17,15,1328,1,2,3,1,0.07,0.14,0.2
ESP-La Liga,2324,Real Betis,Marc Roca,ESP,MF,26.0,26,24,1980,2,2,4,2,0.09,0.09,0.18
ESP-La Liga,2324,Real Betis,Nabil Fekir,FRA,"MF,FW",30.0,19,10,1049,1,2,3,1,0.09,0.17,0.26
ESP-La Liga,2324,Real Betis,Pablo Fornals,ESP,MF,27.0,15,14,1148,3,2,5,3,0.24,0.16,0.39
ESP-La Liga,2324,Real Betis,Rodri,ESP,MF,23.0,29,9,1051,0,0,0,0,0.0,0.0,0.0
ESP-La Liga,2324,Real Betis,Willian José,BRA,FW,31.0,33,25,1971,10,5,15,10,0.46,0.23,0.68
ESP-La Liga,2324,Real Madrid,Aurélien Tchouaméni,FRA,"MF,DF",23.0,27,22,1987,3,1,4,3,0.14,0.05,0.18
ESP-La Liga,2324,Real Madrid,Brahim Díaz,MAR,"MF,FW",23.0,31,18,1545,8,6,14,8,0.47,0.35,0.82
ESP-La Liga,2324,Real Madrid,Eduardo Camavinga,FRA,MF,20.0,31,21,1817,0,2,2,0,0.0,0.1,0.1
ESP-La Liga,2324,Real Madrid,Federico Valverde,URU,MF,25.0,37,33,2904,2,7,9,2,0.06,0.22,0.28
ESP-La Liga,2324,Real Madrid,Joselu,ESP,FW,33.0,34,15,1687,10,2,12,10,0.53,0.11,0.64
ESP-La Liga,2324,Real Madrid,Jude Bellingham,ENG,"MF,FW",20.0,28,27,2315,19,6,25,18,0.74,0.23,0.97
ESP-La Liga,2324,Real Madrid,Luka Modrić,CRO,MF,37.0,32,18,1688,2,6,8,2,0.11,0.32,0.43
ESP-La Liga,2324,Real Madrid,Rodrygo,BRA,FW,22.0,34,28,2380,10,5,15,10,0.38,0.19,0.57
ESP-La Liga,2324,Real Madrid,Toni Kroos,GER,MF,33.0,33,24,2124,1,8,9,1,0.04,0.34,0.38
ESP-La Liga,2324,Real Madrid,Vinicius Júnior,BRA,FW,23.0,26,22,1864,15,5,20,14,0.72,0.24,0.97
ESP-La Liga,2324,Real Sociedad,Ander Barrenetxea,ESP,"MF,FW",21.0,29,20,1427,4,1,5,4,0.25,0.06,0.32
ESP-La Liga,2324,Real Sociedad,Arsen Zakharyan,RUS,"MF,FW",20.0,29,15,1228,1,2,3,1,0.07,0.15,0.22
ESP-La Liga,2324,Real Sociedad,Beñat Turrientes,ESP,MF,21.0,29,19,1687,0,1,1,0,0.0,0.05,0.05
ESP-La Liga,2324,Real Sociedad,Brais Méndez,ESP,"MF,FW",26.0,32,27,2413,5,6,11,5,0.19,0.22,0.41
ESP-La Liga,2324,Real Sociedad,Martín Zubimendi,ESP,MF,24.0,31,29,2654,4,1,5,4,0.14,0.03,0.17
ESP-La Liga,2324,Real Sociedad,Mikel Merino,ESP,MF,27.0,32,27,2482,5,3,8,5,0.18,0.11,0.29
ESP-La Liga,2324,Real Sociedad,Mikel Oyarzabal,ESP,"FW,MF",26.0,33,23,2156,9,3,12,7,0.38,0.13,0.5
ESP-La Liga,2324,Real Sociedad,Takefusa Kubo,JPN,"FW,MF",22.0,30,24,2150,7,4,11,7,0.29,0.17,0.46
ESP-La Liga,2324,Real Sociedad,Umar Sadiq,NGA,FW,26.0,26,12,1077,3,1,4,3,0.25,0.08,0.33
ESP-La Liga,2324,Sevilla,Adrià Pedrosa,ESP,"DF,MF",25.0,31,15,1753,1,4,5,1,0.05,0.21,0.26
ESP-La Liga,2324,Sevilla,Boubakary Soumaré,FRA,MF,24.0,28,26,2286,0,1,1,0,0.0,0.04,0.04
ESP-La Liga,2324,Sevilla,Djibril Sow,SUI,MF,26.0,24,18,1460,1,1,2,1,0.06,0.06,0.12
ESP-La Liga,2324,Sevilla,Dodi Lukebakio,BEL,"MF,FW",25.0,23,12,1125,5,1,6,5,0.4,0.08,0.48
ESP-La Liga,2324,Sevilla,Isaac Romero,ESP,FW,23.0,14,14,1039,4,4,8,4,0.35,0.35,0.69
ESP-La Liga,2324,Sevilla,Ivan Rakitić,CRO,MF,35.0,18,16,1425,2,1,3,2,0.13,0.06,0.19
ESP-La Liga,2324,Sevilla,Jesús Navas,ESP,"DF,MF",37.0,29,25,2003,0,2,2,0,0.0,0.09,0.09
ESP-La Liga,2324,Sevilla,Juanlu Sánchez,ESP,"DF,MF",19.0,26,11,1181,0,2,2,0,0.0,0.15,0.15
ESP-La Liga,2324,Sevilla,Lucas Ocampos,ARG,"MF,FW",29.0,35,34,2871,4,3,7,3,0.13,0.09,0.22
ESP-La Liga,2324,Sevilla,Marcos Acuña,ARG,"DF,MF",31.0,21,18,1292,1,2,3,1,0.07,0.14,0.21
ESP-La Liga,2324,Sevilla,Nemanja Gudelj,SRB,"DF,MF",31.0,22,20,1742,1,1,2,1,0.05,0.05,0.1
ESP-La Liga,2324,Sevilla,Suso,ESP,MF,29.0,29,15,1517,1,4,5,1,0.06,0.24,0.3
ESP-La Liga,2324,Sevilla,Youssef En-Nesyri,MAR,FW,26.0,33,28,2570,16,2,18,15,0.56,0.07,0.63
ESP-La Liga,2324,Sevilla,Óliver Torres,ESP,MF,28.0,27,18,1616,0,1,1,0,0.0,0.06,0.06
ESP-La Liga,2324,Valencia,André Almeida,POR,"FW,MF",23.0,18,12,965,2,1,3,2,0.19,0.09,0.28
ESP-La Liga,2324,Valencia,Diego López,ESP,"MF,FW",21.0,36,30,2656,3,6,9,3,0.1,0.2,0.3
ESP-La Liga,2324,Valencia,Dimitri Foulquier,FRA,"DF,MF",30.0,33,19,1842,0,0,0,0,0.0,0.0,0.0
ESP-La Liga,2324,Valencia,Francisco Perez,ESP,MF,20.0,32,27,2049,1,4,5,1,0.04,0.18,0.22
ESP-La Liga,2324,Valencia,Hugo Duro,ESP,FW,23.0,37,35,2976,13,2,15,13,0.39,0.06,0.45
ESP-La Liga,2324,Valencia,Hugo Guillamón,ESP,MF,23.0,26,12,1315,1,0,1,1,0.07,0.0,0.07
ESP-La Liga,2324,Valencia,Javier Guerra,ESP,MF,20.0,36,28,2498,4,1,5,4,0.14,0.04,0.18
ESP-La Liga,2324,Valencia,José Luis García Vayá,ESP,MF,24.0,37,37,3302,7,1,8,0,0.19,0.03,0.22
ESP-La Liga,2324,Valencia,Mouctar Diakhaby,GUI,"DF,MF",26.0,14,12,1073,1,0,1,1,0.08,0.0,0.08
ESP-La Liga,2324,Valencia,Roman Yaremchuk,UKR,FW,27.0,25,11,928,3,0,3,3,0.29,0.0,0.29
ESP-La Liga,2324,Valencia,Sergi Canós,ESP,MF,26.0,27,15,1229,1,2,3,1,0.07,0.15,0.22
ESP-La Liga,2324,Villarreal,Alexander Sørloth,NOR,FW,27.0,34,30,2489,23,6,29,23,0.83,0.22,1.05
ESP-La Liga,2324,Villarreal,Daniel Parejo,ESP,MF,34.0,33,29,2580,3,5,8,0,0.1,0.17,0.28
ESP-La Liga,2324,Villarreal,Francis Coquelin,FRA,MF,32.0,17,10,910,0,0,0,0,0.0,0.0,0.0
ESP-La Liga,2324,Villarreal,Gerard Moreno,ESP,FW,31.0,30,28,2215,10,6,16,8,0.41,0.24,0.65
ESP-La Liga,2324,Villarreal,Gonçalo Guedes,POR,"FW,MF",26.0,17,9,951,3,2,5,3,0.28,0.19,0.47
ESP-La Liga,2324,Villarreal,Ilias Akhomach,MAR,MF,19.0,31,17,1511,2,2,4,2,0.12,0.12,0.24
ESP-La Liga,2324,Villarreal,José Luis Morales,ESP,"FW,MF",36.0,29,8,1048,7,0,7,7,0.6,0.0,0.6
ESP-La Liga,2324,Villarreal,Santi Comesaña,ESP,MF,26.0,27,20,1653,2,0,2,2,0.11,0.0,0.11
ESP-La Liga,2324,Villarreal,Álex Baena,ESP,"MF,FW",22.0,34,33,2579,2,14,16,2,0.07,0.49,0.56
ESP-La Liga,2324,Villarreal,Étienne Capoue,FRA,MF,35.0,32,15,1455,1,1,2,1,0.06,0.06,0.12
ESP-La Liga,2425,Alavés,Ander Guevara,ESP,MF,27.0,33,20,1947,0,1,1,0,0.0,0.05,0.05
ESP-La Liga,2425,Alavés,Antonio Blanco,ESP,MF,24.0,35,32,2727,0,1,1,0,0.0,0.03,0.03
ESP-La Liga,2425,Alavés,Carles Aleñá,ESP,MF,26.0,14,13,1090,0,2,2,0,0.0,0.17,0.17
ESP-La Liga,2425,Alavés,Carlos Martín,ESP,"MF,FW",22.0,26,16,1333,2,2,4,2,0.14,0.14,0.27
ESP-La Liga,2425,Alavés,Carlos Vicente,ESP,MF,25.0,37,35,3092,5,5,10,4,0.15,0.15,0.29
ESP-La Liga,2425,Alavés,Joan Jordán,ESP,MF,30.0,25,15,1414,5,2,7,2,0.32,0.13,0.45
ESP-La Liga,2425,Alavés,Jon Guridi,ESP,MF,29.0,33,27,2080,3,1,4,2,0.13,0.04,0.17
ESP-La Liga,2425,Alavés,Kiké,ESP,FW,34.0,35,29,2542,13,0,13,10,0.46,0.0,0.46
ESP-La Liga,2425,Alavés,Toni Martínez,ESP,FW,27.0,28,9,1012,4,0,4,4,0.36,0.0,0.36
ESP-La Liga,2425,Athletic Club,Beñat Prados,ESP,MF,23.0,30,21,1715,1,0,1,1,0.05,0.0,0.05
ESP-La Liga,2425,Athletic Club,Gorka Guruzeta,ESP,FW,27.0,36,21,1840,7,2,9,7,0.34,0.1,0.44
ESP-La Liga,2425,Athletic Club,Iñaki Williams,GHA,"MF,FW",30.0,35,29,2652,6,8,14,6,0.2,0.27,0.48
ESP-La Liga,2425,Athletic Club,Iñigo Ruiz de Galarreta,ESP,MF,30.0,26,18,1477,0,4,4,0,0.0,0.24,0.24
ESP-La Liga,2425,Athletic Club,Mikel Jauregizar,ESP,MF,20.0,34,25,2244,2,1,3,2,0.08,0.04,0.12
ESP-La Liga,2425,Athletic Club,Mikel Vesga,ESP,MF,31.0,25,10,988,0,0,0,0,0.0,0.0,0.0
ESP-La Liga,2425,Athletic Club,Nico Williams,ESP,MF,22.0,29,22,1996,5,5,10,5,0.23,0.23,0.45
ESP-La Liga,2425,Athletic Club,Oihan Sancet,ESP,MF,24.0,29,19,1620,15,1,16,12,0.83,0.06,0.89
ESP-La Liga,2425,Athletic Club,Unai Gómez,ESP,"MF,FW",21.0,32,14,1284,1,3,4,1,0.07,0.21,0.28
ESP-La Liga,2425,Athletic Club,Álex Berenguer,ESP,"MF,FW",29.0,36,28,2339,6,7,13,6,0.23,0.27,0.5
ESP-La Liga,2425,Atlético Madrid,Alexander Sørloth,NOR,FW,28.0,35,15,1566,20,2,22,19,1.15,0.11,1.26
ESP-La Liga,2425,Atlético Madrid,Antoine Griezmann,FRA,"FW,MF",33.0,38,29,2469,8,7,15,7,0.29,0.26,0.55
ESP-La Liga,2425,Atlético Madrid,Conor Gallagher,ENG,MF,24.0,32,19,1633,3,3,6,3,0.17,0.17,0.33
ESP-La Liga,2425,Atlético Madrid,Giuliano Simeone,ARG,MF,21.0,33,26,1926,2,6,8,2,0.09,0.28,0.37
ESP-La Liga,2425,Atlético Madrid,Julián Álvarez,ARG,FW,24.0,37,30,2509,17,4,21,13,0.61,0.14,0.75
ESP-La Liga,2425,Atlético Madrid,Koke,ESP,MF,32.0,32,20,1926,1,1,2,1,0.05,0.05,0.09
ESP-La Liga,2425,Atlético Madrid,Marcos Llorente,ESP,"DF,MF",29.0,33,28,2513,2,4,6,2,0.07,0.14,0.21
ESP-La Liga,2425,Atlético Madrid,Pablo Barrios,ESP,MF,21.0,31,28,2330,1,4,5,1,0.04,0.15,0.19
ESP-La Liga,2425,Atlético Madrid,Reinildo Mandava,MOZ,"DF,MF",30.0,19,10,941,0,0,0,0,0.0,0.0,0.0
ESP-La Liga,2425,Atlético Madrid,Rodrigo De Paul,ARG,MF,30.0,34,23,2106,3,5,8,3,0.13,0.21,0.34
ESP-La Liga,2425,Atlético Madrid,Samuel Lino,BRA,MF,24.0,31,21,1552,3,4,7,3,0.17,0.23,0.41
ESP-La Liga,2425,Barcelona,Dani Olmo,ESP,MF,26.0,25,13,1212,10,3,13,8,0.74,0.22,0.97
ESP-La Liga,2425,Barcelona,Eric García,ESP,"DF,MF",23.0,29,14,1566,2,3,5,2,0.11,0.17,0.29
ESP-La Liga,2425,Barcelona,Fermin López,ESP,MF,21.0,28,12,1252,6,5,11,6,0.43,0.36,0.79
ESP-La Liga,2425,Barcelona,Ferran Torres,ESP,"FW,MF",24.0,27,12,1106,10,6,16,10,0.81,0.49,1.3
ESP-La Liga,2425,Barcelona,Frenkie de Jong,NED,MF,27.0,26,9,1143,2,2,4,2,0.16,0.16,0.31
ESP-La Liga,2425,Barcelona,Gavi,ESP,MF,19.0,26,14,1085,1,1,2,1,0.08,0.08,0.17
ESP-La Liga,2425,Barcelona,Lamine Yamal,ESP,"MF,FW",17.0,35,31,2856,9,13,22,9,0.28,0.41,0.69
ESP-La Liga,2425,Barcelona,Marc Casado,ESP,MF,20.0,23,20,1611,1,3,4,1,0.06,0.17,0.22
ESP-La Liga,2425,Barcelona,Pedri,ESP,MF,21.0,37,35,2879,4,5,9,4,0.13,0.16,0.28
ESP-La Liga,2425,Barcelona,Raphinha,BRA,"MF,FW",27.0,36,32,2839,18,9,27,16,0.57,0.29,0.86
ESP-La Liga,2425,Barcelona,Robert Lewandowski,POL,FW,35.0,34,32,2667,27,2,29,24,0.91,0.07,0.98
ESP-La Liga,2425,Celta Vigo,Alfon,ESP,"FW,MF",25.0,26,14,1371,5,2,7,5,0.33,0.13,0.46
ESP-La Liga,2425,Celta Vigo,Borja Iglesias,ESP,FW,31.0,37,24,1952,11,3,14,11,0.51,0.14,0.65
ESP-La Liga,2425,Celta Vigo,Damián Rodríguez,ESP,MF,21.0,17,10,927,0,0,0,0,0.0,0.0,0.0
ESP-La Liga,2425,Celta Vigo,Fran Beltrán,ESP,MF,25.0,34,29,2421,2,1,3,2,0.07,0.04,0.11
ESP-La Liga,2425,Celta Vigo,Hugo Sotelo,ESP,MF,20.0,24,15,1254,0,0,0,0,0.0,0.0,0.0
ESP-La Liga,2425,Celta Vigo,Hugo Álvarez,ESP,MF,21.0,26,16,1572,4,3,7,4,0.23,0.17,0.4
ESP-La Liga,2425,Celta Vigo,Iago Aspas,ESP,"FW,MF",36.0,30,19,1745,10,5,15,5,0.52,0.26,0.77
ESP-La Liga,2425,Celta Vigo,Ilaix Moriba,GUI,MF,21.0,33,22,2132,1,1,2,1,0.04,0.04,0.08
ESP-La Liga,2425,Celta Vigo,Pablo Durán,ESP,"FW,MF",23.0,27,15,1394,4,4,8,4,0.26,0.26,0.52
ESP-La Liga,2425,Celta Vigo,Sergio Carreira,ESP,MF,23.0,23,19,1656,0,4,4,0,0.0,0.22,0.22
ESP-La Liga,2425,Celta Vigo,Williot Swedberg,SWE,"FW,MF",20.0,32,15,1348,4,5,9,4,0.27,0.33,0.6
ESP-La Liga,2425,Celta Vigo,Óscar Mingueza,ESP,"MF,DF",25.0,34,31,2729,4,6,10,4,0.13,0.2,0.33
ESP-La Liga,2425,Espanyol,Alejo Véliz,ARG,FW,20.0,27,10,1127,1,0,1,1,0.08,0.0,0.08
ESP-La Liga,2425,Espanyol,Alex Král,CZE,MF,26.0,37,29,2714,0,1,1,0,0.0,0.03,0.03
ESP-La Liga,2425,Espanyol,Antoniu,ESP,MF,21.0,26,13,1022,0,1,1,0,0.0,0.09,0.09
ESP-La Liga,2425,Espanyol,Carlos Romero,ESP,"DF,MF",22.0,34,28,2554,2,1,3,2,0.07,0.04,0.11
ESP-La Liga,2425,Espanyol,Edu Expósito,ESP,MF,27.0,19,12,1045,0,2,2,0,0.0,0.17,0.17
ESP-La Liga,2425,Espanyol,Javi Puado,ESP,"MF,FW",26.0,35,35,2974,12,4,16,7,0.36,0.12,0.48
ESP-La Liga,2425,Espanyol,Jofre,ESP,MF,23.0,37,26,2165,3,3,6,3,0.12,0.12,0.25
ESP-La Liga,2425,Espanyol,Pol Lozano,ESP,MF,24.0,30,27,1943,0,1,1,0,0.0,0.05,0.05
ESP-La Liga,2425,Espanyol,Roberto Férnandez,ESP,FW,22.0,19,18,1497,6,0,6,6,0.36,0.0,0.36
ESP-La Liga,2425,Espanyol,Urko González,ESP,MF,23.0,17,16,1374,0,2,2,0,0.0,0.13,0.13
ESP-La Liga,2425,Espanyol,Álvaro Tejero,ESP,"MF,DF",28.0,28,13,1238,1,4,5,1,0.07,0.29,0.36
ESP-La Liga,2425,Getafe,Alex Sola,ESP,MF,25.0,19,13,1029,0,1,1,0,0.0,0.09,0.09
ESP-La Liga,2425,Getafe,Bertuğ Yıldırım,TUR,FW,22.0,22,14,1083,1,0,1,1,0.08,0.0,0.08
ESP-La Liga,2425,Getafe,Borja Mayoral,ESP,FW,27.0,24,7,1114,5,1,6,4,0.4,0.08,0.48
ESP-La Liga,2425,Getafe,Carles Pérez,ESP,MF,26.0,27,15,1431,3,0,3,3,0.19,0.0,0.19
ESP-La Liga,2425,Getafe,Christantus Uche,NGA,"FW,MF",21.0,33,30,2486,4,6,10,4,0.14,0.22,0.36
ESP-La Liga,2425,Getafe,Coba da Costa,ESP,MF,22.0,19,12,1006,1,1,2,1,0.09,0.09,0.18
ESP-La Liga,2425,Getafe,Djené,TOG,"DF,MF",32.0,31,31,2548,0,0,0,0,0.0,0.0,0.0
ESP-La Liga,2425,Getafe,Iglesias,ESP,"DF,MF",26.0,37,32,2888,0,1,1,0,0.0,0.03,0.03
ESP-La Liga,2425,Getafe,Luis Milla,ESP,MF,29.0,33,32,2875,1,4,5,0,0.03,0.13,0.16
ESP-La Liga,2425,Getafe,Mauro Arambarri,URU,MF,28.0,35,31,2661,10,0,10,7,0.34,0.0,0.34
ESP-La Liga,2425,Getafe,Ramón Terrats,ESP,"MF,FW",23.0,15,15,1219,4,1,5,4,0.3,0.07,0.37
ESP-La Liga,2425,Girona,Abel Ruiz,ESP,FW,24.0,23,17,1346,4,0,4,3,0.27,0.0,0.27
ESP-La Liga,2425,Girona,Arnau Martinez,ESP,"DF,MF",21.0,32,30,2624,2,2,4,2,0.07,0.07,0.14
ESP-La Liga,2425,Girona,Arnaut Danjuma,NED,"MF,FW",27.0,25,15,1335,2,0,2,2,0.13,0.0,0.13
ESP-La Liga,2425,Girona,Arthur Melo,BRA,MF,27.0,15,10,941,0,0,0,0,0.0,0.0,0.0
ESP-La Liga,2425,Girona,Bryan Gil,ESP,"MF,FW",23.0,25,21,1721,3,3,6,3,0.16,0.16,0.31
ESP-La Liga,2425,Girona,Cristhian Stuani,URU,FW,37.0,32,6,1078,11,2,13,8,0.92,0.17,1.09
ESP-La Liga,2425,Girona,Donny van de Beek,NED,MF,27.0,26,16,1421,2,2,4,2,0.13,0.13,0.25
ESP-La Liga,2425,Girona,Iván Martín,ESP,MF,25.0,32,24,2039,1,1,2,1,0.04,0.04,0.09
ESP-La Liga,2425,Girona,Miguel Gutiérrez,ESP,"DF,MF",23.0,29,29,2458,1,5,6,1,0.04,0.18,0.22
ESP-La Liga,2425,Girona,Oriol Romeu,ESP,MF,32.0,25,17,1356,0,0,0,0,0.0,0.0,0.0
ESP-La Liga,2425,Girona,Viktor Tsyhankov,UKR,"MF,FW",26.0,27,23,1913,2,5,7,2,0.09,0.24,0.33
ESP-La Liga,2425,Girona,Yangel Herrera,VEN,MF,26.0,29,27,2257,4,3,7,4,0.16,0.12,0.28
ESP-La Liga,2425,Girona,Yaser Asprilla,COL,"MF,FW",20.0,27,15,1405,3,1,4,3,0.19,0.06,0.26
ESP-La Liga,2425,Las Palmas,Alberto Moleiro,ESP,MF,20.0,35,32,2714,6,1,7,6,0.2,0.03,0.23
ESP-La Liga,2425,Las Palmas,Dario Essugo,POR,MF,19.0,27,25,1938,1,0,1,1,0.05,0.0,0.05
ESP-La Liga,2425,Las Palmas,Fábio Silva,POR,FW,22.0,24,22,1866,10,3,13,8,0.48,0.14,0.63
ESP-La Liga,2425,Las Palmas,Javier Muñoz,ESP,"MF,DF",29.0,35,28,2588,1,3,4,1,0.03,0.1,0.14
ESP-La Liga,2425,Las Palmas,José Campaña,ESP,MF,31.0,25,15,1189,0,3,3,0,0.0,0.23,0.23
ESP-La Liga,2425,Las Palmas,Kirian Rodríguez,ESP,MF,28.0,21,21,1758,0,3,3,0,0.0,0.15,0.15
ESP-La Liga,2425,Las Palmas,Manuel Fuster,ESP,"MF,FW",26.0,28,8,1003,2,1,3,2,0.18,0.09,0.27
ESP-La Liga,2425,Las Palmas,Marvin,ESP,"DF,MF",24.0,23,9,1038,0,0,0,0,0.0,0.0,0.0
ESP-La Liga,2425,Las Palmas,Oliver McBurnie,SCO,FW,28.0,34,20,1837,3,6,9,3,0.15,0.29,0.44
ESP-La Liga,2425,Las Palmas,Sandro Ramírez,ESP,"MF,FW",29.0,31,25,2034,9,3,12,8,0.4,0.13,0.53
ESP-La Liga,2425,Las Palmas,Stefan Bajcetic,ESP,"MF,DF",19.0,14,12,969,1,0,1,1,0.09,0.0,0.09
ESP-La Liga,2425,Leganés,Adrià Altimira,ESP,"DF,MF",23.0,22,19,1630,0,0,0,0,0.0,0.0,0.0
ESP-La Liga,2425,Leganés,Dani Raba,ESP,"MF,FW",28.0,29,24,1879,8,6,14,4,0.38,0.29,0.67
ESP-La Liga,2425,Leganés,Darko Brašanac,SRB,MF,32.0,30,15,1617,1,2,3,1,0.06,0.11,0.17
ESP-La Liga,2425,Leganés,Diego,ESP,"FW,MF",24.0,28,13,1195,3,0,3,3,0.23,0.0,0.23
ESP-La Liga,2425,Leganés,Juan Cruz,ESP,"MF,DF",24.0,34,26,2257,5,4,9,5,0.2,0.16,0.36
ESP-La Liga,2425,Leganés,Miguel,ESP,FW,24.0,34,17,1724,1,3,4,0,0.05,0.16,0.21
ESP-La Liga,2425,Leganés,Renato Tapia,PER,"MF,DF",29.0,34,28,2424,1,0,1,1,0.04,0.0,0.04
ESP-La Liga,2425,Leganés,Seydouba Cissé,GUI,MF,23.0,34,31,2435,3,1,4,3,0.11,0.04,0.15
ESP-La Liga,2425,Leganés,Yvan Neyou,CMR,MF,27.0,30,27,2312,1,1,2,1,0.04,0.04,0.08
ESP-La Liga,2425,Leganés,Óscar Rodríguez Arnaiz,ESP,MF,26.0,29,12,1330,1,4,5,1,0.07,0.27,0.34
ESP-La Liga,2425,Mallorca,Antonio Sánchez,ESP,"MF,DF",27.0,33,12,1395,0,0,0,0,0.0,0.0,0.0
ESP-La Liga,2425,Mallorca,Cyle Larin,CAN,FW,29.0,32,21,1764,7,2,9,6,0.36,0.1,0.46
ESP-La Liga,2425,Mallorca,Dani Rodríguez,ESP,"MF,FW",36.0,37,26,2162,4,7,11,4,0.17,0.29,0.46
ESP-La Liga,2425,Mallorca,Manu Morlanes,ESP,MF,25.0,23,15,1338,0,0,0,0,0.0,0.0,0.0
ESP-La Liga,2425,Mallorca,Omar Mascarell,EQG,MF,31.0,32,21,1992,1,0,1,1,0.05,0.0,0.05
ESP-La Liga,2425,Mallorca,Roberto Navarro,ESP,MF,22.0,23,15,1278,1,0,1,1,0.07,0.0,0.07
ESP-La Liga,2425,Mallorca,Samu Costa,POR,MF,23.0,32,31,2649,0,2,2,0,0.0,0.07,0.07
ESP-La Liga,2425,Mallorca,Sergi Darder,ESP,MF,30.0,38,34,2744,2,6,8,2,0.07,0.2,0.26
ESP-La Liga,2425,Mallorca,Takuma Asano,JPN,"MF,FW",29.0,21,13,1054,2,1,3,2,0.17,0.09,0.26
ESP-La Liga,2425,Mallorca,Vedat Muriqi,KVX,FW,30.0,29,24,2058,7,2,9,5,0.31,0.09,0.39
ESP-La Liga,2425,Osasuna,Abel Bretones,ESP,"DF,MF",23.0,35,20,2074,2,0,2,2,0.09,0.0,0.09
ESP-La Liga,2425,Osasuna,Aimar Oroz,ESP,MF,22.0,37,35,2966,5,4,9,4,0.15,0.12,0.27
ESP-La Liga,2425,Osasuna,Ante Budimir,CRO,FW,33.0,38,34,2952,21,4,25,13,0.64,0.12,0.76
ESP-La Liga,2425,Osasuna,Bryan Zaragoza,ESP,"MF,FW",22.0,27,22,1836,1,6,7,1,0.05,0.29,0.34
ESP-La Liga,2425,Osasuna,Jon Moncayola,ESP,MF,26.0,32,26,2099,0,0,0,0,0.0,0.0,0.0
ESP-La Liga,2425,Osasuna,Lucas Torró,ESP,MF,30.0,35,35,2957,3,0,3,3,0.09,0.0,0.09
ESP-La Liga,2425,Osasuna,Pablo Ibáñez,ESP,MF,25.0,28,13,1294,1,1,2,1,0.07,0.07,0.14
ESP-La Liga,2425,Osasuna,Rubén García,ESP,"FW,MF",31.0,36,30,2413,5,5,10,5,0.19,0.19,0.37
ESP-La Liga,2425,Rayo Vallecano,Adri Embarba,ESP,"MF,FW",32.0,35,18,1607,1,1,2,1,0.06,0.06,0.11
ESP-La Liga,2425,Rayo Vallecano,Andrei Ratiu,ROU,"DF,MF",26.0,35,34,3065,2,3,5,2,0.06,0.09,0.15
ESP-La Liga,2425,Rayo Vallecano,Isaac Palazón Camacho,ESP,"MF,FW",29.0,35,25,2162,4,4,8,4,0.17,0.17,0.33
ESP-La Liga,2425,Rayo Vallecano,Jorge de Frutos,ESP,"MF,FW",27.0,36,30,2495,6,3,9,6,0.22,0.11,0.32
ESP-La Liga,2425,Rayo Vallecano,Pathé Ciss,SEN,"MF,DF",30.0,33,25,2140,4,1,5,4,0.17,0.04,0.21
ESP-La Liga,2425,Rayo Vallecano,Pedro Díaz,ESP,MF,26.0,26,12,1211,3,0,3,3,0.22,0.0,0.22
ESP-La Liga,2425,Rayo Vallecano,Randy Nteka,ANG,FW,26.0,24,16,1129,3,0,3,3,0.24,0.0,0.24
ESP-La Liga,2425,Rayo Vallecano,Sergio Camello,ESP,FW,23.0,23,14,1134,3,2,5,3,0.24,0.16,0.4
ESP-La Liga,2425,Rayo Vallecano,Unai López,ESP,MF,28.0,32,23,1707,3,1,4,3,0.16,0.05,0.21
ESP-La Liga,2425,Rayo Vallecano,Álvaro García,ESP,"MF,FW",31.0,36,28,2559,4,5,9,4,0.14,0.18,0.32
ESP-La Liga,2425,Rayo Vallecano,Óscar Valentín,ESP,MF,29.0,34,18,1835,0,0,0,0,0.0,0.0,0.0
ESP-La Liga,2425,Real Betis,Abde Ezzalzouli,MAR,MF,22.0,32,23,1984,2,2,4,2,0.09,0.09,0.18
ESP-La Liga,2425,Real Betis,Aitor Ruibal,ESP,"DF,FW",28.0,29,13,1313,1,3,4,1,0.07,0.21,0.27
ESP-La Liga,2425,Real Betis,Antony,BRA,MF,24.0,17,15,1362,5,2,7,5,0.33,0.13,0.46
ESP-La Liga,2425,Real Betis,Cucho,COL,FW,25.0,15,14,1139,5,1,6,5,0.4,0.08,0.47
ESP-La Liga,2425,Real Betis,Giovani Lo Celso,ARG,MF,28.0,25,15,1457,8,3,11,6,0.49,0.19,0.68
ESP-La Liga,2425,Real Betis,Isco,ESP,MF,32.0,22,17,1547,9,8,17,4,0.52,0.47,0.99
ESP-La Liga,2425,Real Betis,Jesus Rodríguez,ESP,MF,18.0,21,15,1111,2,0,2,2,0.16,0.0,0.16
ESP-La Liga,2425,Real Betis,Johnny Cardoso,USA,MF,22.0,28,24,2144,3,1,4,3,0.13,0.04,0.17
ESP-La Liga,2425,Real Betis,Marc Roca,ESP,MF,27.0,14,11,906,2,2,4,2,0.2,0.2,0.4
ESP-La Liga,2425,Real Betis,Pablo Fornals,ESP,MF,28.0,26,22,1827,2,0,2,2,0.1,0.0,0.1
ESP-La Liga,2425,Real Betis,Sergi Altimira,ESP,MF,22.0,32,22,1972,0,1,1,0,0.0,0.05,0.05
ESP-La Liga,2425,Real Betis,Vitor Roque,BRA,FW,19.0,22,14,1235,4,0,4,4,0.29,0.0,0.29
ESP-La Liga,2425,Real Madrid,Arda Güler,TUR,"MF,FW",19.0,28,14,1250,3,4,7,3,0.22,0.29,0.5
ESP-La Liga,2425,Real Madrid,Aurélien Tchouaméni,FRA,"DF,MF",24.0,32,31,2689,0,0,0,0,0.0,0.0,0.0
ESP-La Liga,2425,Real Madrid,Brahim Díaz,MAR,"MF,FW",24.0,31,16,1385,4,2,6,4,0.26,0.13,0.39
ESP-La Liga,2425,Real Madrid,Dani Ceballos,ESP,MF,27.0,23,15,1215,0,0,0,0,0.0,0.0,0.0
ESP-La Liga,2425,Real Madrid,Eduardo Camavinga,FRA,"MF,DF",21.0,19,11,1102,1,2,3,1,0.08,0.16,0.25
ESP-La Liga,2425,Real Madrid,Federico Valverde,URU,"MF,DF",26.0,36,34,3032,6,4,10,6,0.18,0.12,0.3
ESP-La Liga,2425,Real Madrid,Jude Bellingham,ENG,MF,21.0,31,29,2488,9,8,17,8,0.33,0.29,0.61
ESP-La Liga,2425,Real Madrid,Kylian Mbappé,FRA,FW,25.0,34,34,2907,31,3,34,24,0.96,0.09,1.05
ESP-La Liga,2425,Real Madrid,Luka Modrić,CRO,MF,38.0,35,17,1827,2,6,8,2,0.1,0.3,0.39
ESP-La Liga,2425,Real Madrid,Rodrygo,BRA,"MF,FW",23.0,30,22,1928,6,5,11,6,0.28,0.23,0.51
ESP-La Liga,2425,Real Madrid,Vinicius Júnior,BRA,"FW,MF",24.0,30,24,2253,11,8,19,9,0.44,0.32,0.76
ESP-La Liga,2425,Real Sociedad,Ander Barrenetxea,ESP,MF,22.0,30,14,1263,1,3,4,1,0.07,0.21,0.29
ESP-La Liga,2425,Real Sociedad,Beñat Turrientes,ESP,MF,22.0,21,11,942,0,0,0,0,0.0,0.0,0.0
ESP-La Liga,2425,Real Sociedad,Brais Méndez,ESP,"MF,FW",27.0,27,19,1531,3,2,5,3,0.18,0.12,0.29
ESP-La Liga,2425,Real Sociedad,Luka Sučić,CRO,MF,21.0,29,21,1792,1,1,2,1,0.05,0.05,0.1
ESP-La Liga,2425,Real Sociedad,Martín Zubimendi,ESP,MF,25.0,36,33,2962,2,1,3,2,0.06,0.03,0.09
ESP-La Liga,2425,Real Sociedad,Mikel Oyarzabal,ESP,FW,27.0,35,28,2250,9,3,12,5,0.36,0.12,0.48
ESP-La Liga,2425,Real Sociedad,Orri Steinn Óskarsson,ISL,FW,19.0,23,9,944,3,0,3,3,0.29,0.0,0.29
ESP-La Liga,2425,Real Sociedad,Pablo Marín,ESP,MF,21.0,23,14,1239,1,2,3,1,0.07,0.15,0.22
ESP-La Liga,2425,Real Sociedad,Sergio Gómez,ESP,MF,23.0,37,31,2738,2,5,7,2,0.07,0.16,0.23
ESP-La Liga,2425,Real Sociedad,Sheraldo Becker,SUR,"MF,FW",29.0,22,11,995,2,1,3,2,0.18,0.09,0.27
ESP-La Liga,2425,Real Sociedad,Takefusa Kubo,JPN,"MF,FW",23.0,36,27,2372,5,0,5,5,0.19,0.0,0.19
ESP-La Liga,2425,Sevilla,Albert Sambi Lokonga,BEL,MF,24.0,22,16,1471,0,2,2,0,0.0,0.12,0.12
ESP-La Liga,2425,Sevilla,Chidera Ejuke,NGA,"MF,FW",26.0,25,9,966,2,1,3,2,0.19,0.09,0.28
ESP-La Liga,2425,Sevilla,Djibril Sow,SUI,MF,27.0,30,24,2062,2,1,3,2,0.09,0.04,0.13
ESP-La Liga,2425,Sevilla,Dodi Lukebakio,BEL,"MF,FW",26.0,38,36,3092,11,2,13,10,0.32,0.06,0.38
ESP-La Liga,2425,Sevilla,Isaac Romero,ESP,FW,24.0,31,26,2156,4,2,6,4,0.17,0.08,0.25
ESP-La Liga,2425,Sevilla,Juanlu Sánchez,ESP,"MF,DF",20.0,32,18,1722,4,4,8,4,0.21,0.21,0.42
ESP-La Liga,2425,Sevilla,Lucien Agoume,FRA,MF,22.0,35,24,2114,1,3,4,1,0.04,0.13,0.17
ESP-La Liga,2425,Sevilla,Nemanja Gudelj,SRB,"MF,DF",32.0,31,27,2493,1,1,2,0,0.04,0.04,0.07
ESP-La Liga,2425,Sevilla,Peque,ESP,"MF,FW",21.0,26,14,1134,1,1,2,1,0.08,0.08,0.16
ESP-La Liga,2425,Sevilla,Saúl Ñíguez,ESP,MF,29.0,24,17,1553,1,6,7,1,0.06,0.35,0.41
ESP-La Liga,2425,Valencia,André Almeida,POR,"MF,FW",24.0,34,24,1977,0,4,4,0,0.0,0.18,0.18
ESP-La Liga,2425,Valencia,Diego López,ESP,MF,22.0,38,35,2737,8,5,13,8,0.26,0.16,0.43
ESP-La Liga,2425,Valencia,Enzo Barrenechea,ARG,MF,23.0,30,26,2191,1,2,3,1,0.04,0.08,0.12
ESP-La Liga,2425,Valencia,Hugo Duro,ESP,FW,24.0,31,25,2166,11,2,13,10,0.46,0.08,0.54
ESP-La Liga,2425,Valencia,Javier Guerra,ESP,MF,21.0,36,31,2581,3,3,6,3,0.1,0.1,0.21
ESP-La Liga,2425,Valencia,José Luis García Vayá,ESP,MF,25.0,34,18,1742,2,2,4,0,0.1,0.1,0.21
ESP-La Liga,2425,Valencia,Luis Rioja,ESP,MF,30.0,36,33,2831,5,3,8,3,0.16,0.1,0.25
ESP-La Liga,2425,Valladolid,Anuar,MAR,"MF,FW",29.0,26,21,1720,2,0,2,2,0.1,0.0,0.1
ESP-La Liga,2425,Valladolid,Eray Cömert,SUI,"DF,MF",26.0,25,21,1779,0,0,0,0,0.0,0.0,0.0
ESP-La Liga,2425,Valladolid,Iván Sánchez,ESP,MF,31.0,32,11,1404,2,1,3,2,0.13,0.06,0.19
ESP-La Liga,2425,Valladolid,Juanmi Latasa,ESP,FW,23.0,28,14,1398,3,0,3,3,0.19,0.0,0.19
ESP-La Liga,2425,Valladolid,Kike Pérez,ESP,MF,27.0,19,14,1191,2,0,2,2,0.15,0.0,0.15
ESP-La Liga,2425,Valladolid,Mamadou Sylla,SEN,"FW,MF",30.0,29,17,1583,5,1,6,1,0.28,0.06,0.34
ESP-La Liga,2425,Valladolid,Marcos André,BRA,FW,27.0,22,14,1188,1,2,3,1,0.08,0.15,0.23
ESP-La Liga,2425,Valladolid,Mario Martín,ESP,MF,20.0,30,20,1748,0,1,1,0,0.0,0.05,0.05
ESP-La Liga,2425,Valladolid,Raúl Moro,ESP,"MF,FW",21.0,33,26,2341,4,5,9,4,0.15,0.19,0.35
ESP-La Liga,2425,Valladolid,Selim Amallah,MAR,MF,27.0,24,18,1376,3,1,4,2,0.2,0.07,0.26
ESP-La Liga,2425,Valladolid,Stanko Jurić,CRO,MF,27.0,26,19,1729,0,0,0,0,0.0,0.0,0.0
ESP-La Liga,2425,Villarreal,Ayoze Pérez,ESP,FW,31.0,30,22,1970,19,2,21,19,0.87,0.09,0.96
ESP-La Liga,2425,Villarreal,Daniel Parejo,ESP,MF,35.0,36,26,2273,3,3,6,2,0.12,0.12,0.24
ESP-La Liga,2425,Villarreal,Nicolas Pépé,CIV,"FW,MF",29.0,28,15,1500,3,6,9,3,0.18,0.36,0.54
ESP-La Liga,2425,Villarreal,Pape Gueye,SEN,"MF,FW",25.0,34,26,2224,4,0,4,4,0.16,0.0,0.16
ESP-La Liga,2425,Villarreal,Santi Comesaña,ESP,MF,27.0,35,30,2560,4,2,6,4,0.14,0.07,0.21
ESP-La Liga,2425,Villarreal,Thierno Barry,FRA,FW,21.0,35,25,2323,11,4,15,10,0.43,0.15,0.58
ESP-La Liga,2425,Villarreal,Yéremy Pino,ESP,MF,21.0,34,25,1934,4,7,11,4,0.19,0.33,0.51
ESP-La Liga,2425,Villarreal,Álex Baena,ESP,"MF,FW",23.0,32,30,2595,7,9,16,7,0.24,0.31,0.55
ESP-La Liga,2526,Alavés,Abde Rebbach,ALG,"MF,DF",26.0,30,15,1496,1,4,5,1,0.06,0.24,0.3
ESP-La Liga,2526,Alavés,Antonio Blanco,ESP,MF,25.0,36,36,3110,2,3,5,2,0.06,0.09,0.14
ESP-La Liga,2526,Alavés,Carles Aleñá,ESP,MF,27.0,34,23,1989,0,4,4,0,0.0,0.18,0.18
ESP-La Liga,2526,Alavés,Carlos Vicente,ESP,MF,26.0,21,11,1258,5,0,5,2,0.36,0.0,0.36
ESP-La Liga,2526,Alavés,Denis Suárez,ESP,MF,31.0,30,15,1406,1,2,3,1,0.06,0.13,0.19
ESP-La Liga,2526,Alavés,Jon Guridi,ESP,"MF,FW",30.0,28,15,1238,0,0,0,0,0.0,0.0,0.0
ESP-La Liga,2526,Alavés,Lucas Boyé,ARG,FW,29.0,29,22,1958,11,1,12,8,0.51,0.05,0.55
ESP-La Liga,2526,Alavés,Pablo Ibáñez,ESP,MF,26.0,37,28,2236,1,1,2,1,0.04,0.04,0.08
ESP-La Liga,2526,Alavés,Toni Martínez,ESP,FW,28.0,37,32,2714,14,3,17,13,0.46,0.1,0.56
ESP-La Liga,2526,Alavés,Youssef Lekhedim,ESP,"DF,MF",19.0,25,13,1335,0,1,1,0,0.0,0.07,0.07
ESP-La Liga,2526,Alavés,Ángel Pérez,ESP,"MF,DF",22.0,16,14,1288,1,3,4,1,0.07,0.21,0.28
ESP-La Liga,2526,Athletic Club,Alejandro Rego,ESP,MF,22.0,29,11,1279,1,1,2,1,0.07,0.07,0.14
ESP-La Liga,2526,Athletic Club,Gorka Guruzeta,ESP,FW,28.0,35,28,2363,10,3,13,9,0.38,0.11,0.5
ESP-La Liga,2526,Athletic Club,Iñaki Williams,GHA,"MF,FW",31.0,30,25,2157,3,6,9,2,0.13,0.25,0.38
ESP-La Liga,2526,Athletic Club,Iñigo Ruiz de Galarreta,ESP,MF,31.0,34,30,2206,1,2,3,1,0.04,0.08,0.12
ESP-La Liga,2526,Athletic Club,Mikel Jauregizar,ESP,MF,21.0,36,34,2831,2,0,2,2,0.06,0.0,0.06
ESP-La Liga,2526,Athletic Club,Nico Williams,ESP,MF,23.0,25,20,1674,6,3,9,5,0.32,0.16,0.48
ESP-La Liga,2526,Athletic Club,Oihan Sancet,ESP,MF,25.0,28,22,1788,4,0,4,2,0.2,0.0,0.2
ESP-La Liga,2526,Athletic Club,Roberto Navarro,ESP,MF,23.0,32,10,1307,6,1,7,6,0.41,0.07,0.48
ESP-La Liga,2526,Athletic Club,Unai Gómez,ESP,MF,22.0,26,12,936,1,1,2,1,0.1,0.1,0.19
ESP-La Liga,2526,Athletic Club,Álex Berenguer,ESP,MF,30.0,31,25,2154,2,3,5,2,0.08,0.13,0.21
ESP-La Liga,2526,Atlético Madrid,Alexander Sørloth,NOR,FW,29.0,35,20,1980,13,0,13,13,0.59,0.0,0.59
ESP-La Liga,2526,Atlético Madrid,Antoine Griezmann,FRA,FW,34.0,34,13,1481,7,4,11,7,0.43,0.24,0.67
ESP-La Liga,2526,Atlético Madrid,Giuliano Simeone,ARG,"MF,FW",22.0,31,25,2099,4,6,10,4,0.17,0.26,0.43
ESP-La Liga,2526,Atlético Madrid,Julián Álvarez,ARG,FW,25.0,29,22,1895,8,4,12,6,0.38,0.19,0.57
ESP-La Liga,2526,Atlético Madrid,Koke,ESP,MF,33.0,34,24,2219,2,2,4,2,0.08,0.08,0.16
ESP-La Liga,2526,Atlético Madrid,Marcos Llorente,ESP,"DF,MF",30.0,29,25,2181,0,4,4,0,0.0,0.17,0.17
ESP-La Liga,2526,Atlético Madrid,Nahuel Molina,ARG,"DF,MF",27.0,26,13,1331,2,2,4,2,0.14,0.14,0.27
ESP-La Liga,2526,Atlético Madrid,Nicolás González,ARG,"MF,DF",27.0,24,18,1448,5,0,5,5,0.31,0.0,0.31
ESP-La Liga,2526,Atlético Madrid,Pablo Barrios,ESP,MF,22.0,23,20,1661,1,1,2,1,0.05,0.05,0.11
ESP-La Liga,2526,Atlético Madrid,Thiago Almada,ARG,"MF,FW",24.0,27,16,1311,3,1,4,3,0.21,0.07,0.27
ESP-La Liga,2526,Atlético Madrid,Álex Baena,ESP,"MF,FW",24.0,27,21,1560,2,3,5,2,0.12,0.17,0.29
ESP-La Liga,2526,Barcelona,Dani Olmo,ESP,MF,27.0,33,24,2067,7,8,15,7,0.3,0.35,0.65
ESP-La Liga,2526,Barcelona,Eric García,ESP,"DF,MF",24.0,34,32,2721,1,1,2,1,0.03,0.03,0.07
ESP-La Liga,2526,Barcelona,Fermin López,ESP,MF,22.0,30,19,1797,6,9,15,6,0.3,0.45,0.75
ESP-La Liga,2526,Barcelona,Ferran Torres,ESP,FW,25.0,33,23,1965,16,2,18,16,0.73,0.09,0.82
ESP-La Liga,2526,Barcelona,Frenkie de Jong,NED,MF,28.0,25,16,1636,1,5,6,1,0.06,0.28,0.33
ESP-La Liga,2526,Barcelona,Lamine Yamal,ESP,"MF,FW",18.0,28,26,2262,16,11,27,13,0.64,0.44,1.07
ESP-La Liga,2526,Barcelona,Marc Casado,ESP,MF,21.0,24,10,989,0,1,1,0,0.0,0.09,0.09
ESP-La Liga,2526,Barcelona,Marcus Rashford,ENG,"MF,FW",27.0,32,18,1763,8,7,15,8,0.41,0.36,0.77
ESP-La Liga,2526,Barcelona,Pedri,ESP,MF,22.0,29,23,2104,2,9,11,2,0.09,0.38,0.47
ESP-La Liga,2526,Barcelona,Raphinha,BRA,"MF,FW",28.0,22,18,1380,13,3,16,10,0.85,0.2,1.04
ESP-La Liga,2526,Barcelona,Robert Lewandowski,POL,FW,36.0,31,17,1664,14,2,16,13,0.76,0.11,0.87
ESP-La Liga,2526,Celta Vigo,Borja Iglesias,ESP,FW,32.0,35,21,1900,14,2,16,10,0.66,0.09,0.76
ESP-La Liga,2526,Celta Vigo,Bryan Zaragoza,ESP,"FW,MF",23.0,19,13,1131,1,1,2,0,0.08,0.08,0.16
ESP-La Liga,2526,Celta Vigo,Fer López,ESP,"MF,FW",21.0,17,13,1170,1,1,2,1,0.08,0.08,0.15
ESP-La Liga,2526,Celta Vigo,Ferran Jutglà,ESP,FW,26.0,30,21,1652,9,3,12,9,0.49,0.16,0.65
ESP-La Liga,2526,Celta Vigo,Hugo Sotelo,ESP,MF,21.0,20,16,1338,0,2,2,0,0.0,0.13,0.13
ESP-La Liga,2526,Celta Vigo,Hugo Álvarez,ESP,"FW,MF",22.0,28,15,1340,4,2,6,4,0.27,0.13,0.4
ESP-La Liga,2526,Celta Vigo,Iago Aspas,ESP,"FW,MF",37.0,32,11,1140,5,3,8,3,0.39,0.24,0.63
ESP-La Liga,2526,Celta Vigo,Ilaix Moriba,GUI,MF,22.0,36,26,2495,2,3,5,2,0.07,0.11,0.18
ESP-La Liga,2526,Celta Vigo,Javi Rueda,ESP,MF,23.0,26,16,1404,2,6,8,2,0.13,0.38,0.51
ESP-La Liga,2526,Celta Vigo,Miguel Román,ESP,MF,22.0,19,14,1311,1,0,1,1,0.07,0.0,0.07
ESP-La Liga,2526,Celta Vigo,Pablo Durán,ESP,"FW,MF",24.0,30,17,1425,2,2,4,2,0.13,0.13,0.25
ESP-La Liga,2526,Celta Vigo,Sergio Carreira,ESP,MF,24.0,34,29,2694,2,1,3,2,0.07,0.03,0.1
ESP-La Liga,2526,Celta Vigo,Williot Swedberg,SWE,"FW,MF",21.0,29,13,1270,5,5,10,5,0.35,0.35,0.71
ESP-La Liga,2526,Celta Vigo,Óscar Mingueza,ESP,MF,26.0,34,21,1968,1,4,5,1,0.05,0.18,0.23
ESP-La Liga,2526,Elche,Adrià Pedrosa,ESP,"DF,MF",27.0,26,8,1090,1,1,2,1,0.08,0.08,0.17
ESP-La Liga,2526,Elche,Aleix Febas,ESP,MF,29.0,36,36,3160,2,2,4,2,0.06,0.06,0.11
ESP-La Liga,2526,Elche,André Silva,POR,FW,29.0,31,22,1849,10,0,10,7,0.49,0.0,0.49
ESP-La Liga,2526,Elche,Germán Valera,ESP,"MF,DF",23.0,36,33,2857,4,5,9,4,0.13,0.16,0.28
ESP-La Liga,2526,Elche,Grady Diangana,COD,"MF,FW",27.0,20,13,926,1,0,1,1,0.1,0.0,0.1
ESP-La Liga,2526,Elche,Marc Aguado,ESP,MF,25.0,35,30,2500,1,2,3,1,0.04,0.07,0.11
ESP-La Liga,2526,Elche,Martim Neto,POR,MF,22.0,25,15,1347,2,5,7,2,0.13,0.33,0.47
ESP-La Liga,2526,Elche,Rafa Mir,ESP,"FW,MF",28.0,27,21,1803,8,0,8,7,0.4,0.0,0.4
ESP-La Liga,2526,Elche,Tete Morente,ESP,MF,28.0,13,11,929,1,1,2,1,0.1,0.1,0.19
ESP-La Liga,2526,Elche,Álvaro Núñez,ESP,"DF,MF",25.0,19,19,1647,0,2,2,0,0.0,0.11,0.11
ESP-La Liga,2526,Elche,Álvaro Rodríguez,URU,FW,21.0,34,24,2201,7,5,12,7,0.29,0.2,0.49
ESP-La Liga,2526,Espanyol,Edu Expósito,ESP,MF,28.0,36,32,2523,1,6,7,1,0.04,0.21,0.25
ESP-La Liga,2526,Espanyol,Jofre,ESP,MF,24.0,26,9,930,1,0,1,1,0.1,0.0,0.1
ESP-La Liga,2526,Espanyol,Kiké,ESP,FW,35.0,37,17,1734,8,1,9,7,0.42,0.05,0.47
ESP-La Liga,2526,Espanyol,Pere Milla,ESP,"MF,FW",32.0,33,24,1973,7,1,8,7,0.32,0.05,0.36
ESP-La Liga,2526,Espanyol,Pol Lozano,ESP,MF,25.0,33,28,2157,2,1,3,2,0.08,0.04,0.13
ESP-La Liga,2526,Espanyol,Ramón Terrats,ESP,MF,24.0,29,12,1030,1,2,3,1,0.09,0.17,0.26
ESP-La Liga,2526,Espanyol,Roberto Férnandez,ESP,FW,23.0,38,25,2382,7,3,10,6,0.26,0.11,0.38
ESP-La Liga,2526,Espanyol,Tyrhys Dolan,ENG,MF,23.0,36,28,2415,2,5,7,2,0.07,0.19,0.26
ESP-La Liga,2526,Espanyol,Urko González,ESP,MF,24.0,35,28,2623,0,1,1,0,0.0,0.03,0.03
ESP-La Liga,2526,Getafe,Adrián Liso,ESP,"FW,MF",20.0,28,21,1702,3,0,3,3,0.16,0.0,0.16
ESP-La Liga,2526,Getafe,Borja Mayoral,ESP,FW,28.0,16,12,1058,4,1,5,4,0.34,0.09,0.43
ESP-La Liga,2526,Getafe,Djené,TOG,"DF,MF",33.0,34,32,2578,0,0,0,0,0.0,0.0,0.0
ESP-La Liga,2526,Getafe,Kiko Femenía,ESP,"DF,MF",34.0,28,25,2008,1,1,2,1,0.04,0.04,0.09
ESP-La Liga,2526,Getafe,Luis Milla,ESP,MF,30.0,37,37,3271,1,10,11,1,0.03,0.28,0.3
ESP-La Liga,2526,Getafe,Luis Vázquez,ARG,FW,24.0,17,14,1194,3,1,4,3,0.23,0.08,0.3
ESP-La Liga,2526,Getafe,Mario Martín,ESP,"MF,FW",21.0,35,26,2125,2,1,3,2,0.08,0.04,0.13
ESP-La Liga,2526,Getafe,Martin Satriano,URU,"FW,MF",24.0,18,18,1603,6,1,7,6,0.34,0.06,0.39
ESP-La Liga,2526,Getafe,Mauro Arambarri,URU,MF,29.0,37,37,3249,6,2,8,4,0.17,0.06,0.22
ESP-La Liga,2526,Girona,Arnau Martinez,ESP,"DF,MF",22.0,35,33,2666,2,3,5,2,0.07,0.1,0.17
ESP-La Liga,2526,Girona,Axel Witsel,BEL,MF,36.0,32,30,2526,1,2,3,1,0.04,0.07,0.11
ESP-La Liga,2526,Girona,Azzedine Ounahi,MAR,MF,25.0,24,20,1760,5,2,7,4,0.26,0.1,0.36
ESP-La Liga,2526,Girona,Bryan Gil,ESP,"MF,FW",24.0,29,20,1578,0,3,3,0,0.0,0.17,0.17
ESP-La Liga,2526,Girona,Fran Beltrán,ESP,MF,26.0,17,11,1012,1,0,1,1,0.09,0.0,0.09
ESP-La Liga,2526,Girona,Iván Martín,ESP,MF,26.0,35,29,2532,0,1,1,0,0.0,0.04,0.04
ESP-La Liga,2526,Girona,Joel Roca,ESP,"MF,FW",20.0,32,16,1473,3,1,4,3,0.18,0.06,0.24
ESP-La Liga,2526,Girona,Thomas Lemar,FRA,MF,29.0,27,14,1258,3,1,4,3,0.21,0.07,0.29
ESP-La Liga,2526,Girona,Viktor Tsyhankov,UKR,"MF,FW",27.0,32,31,2630,6,5,11,6,0.21,0.17,0.38
ESP-La Liga,2526,Girona,Vladyslav Vanat,UKR,FW,23.0,27,27,1942,9,1,10,6,0.42,0.05,0.46
ESP-La Liga,2526,Levante,Brugui,ESP,"MF,FW",28.0,19,10,1005,1,1,2,1,0.09,0.09,0.18
ESP-La Liga,2526,Levante,Carlos Espí,ESP,FW,20.0,25,13,1343,11,0,11,11,0.74,0.0,0.74
ESP-La Liga,2526,Levante,Carlos Álvarez,ESP,MF,21.0,30,23,1890,3,1,4,3,0.14,0.05,0.19
ESP-La Liga,2526,Levante,Iker Losada,ESP,MF,23.0,23,10,902,3,1,4,3,0.3,0.1,0.4
ESP-La Liga,2526,Levante,Iván Romero,ESP,"FW,MF",24.0,32,28,2259,7,1,8,7,0.28,0.04,0.32
ESP-La Liga,2526,Levante,Kareem Tunde,ESP,MF,19.0,21,17,1133,0,1,1,0,0.0,0.08,0.08
ESP-La Liga,2526,Levante,Karl Etta Eyong,CMR,FW,21.0,30,15,1416,6,2,8,6,0.38,0.13,0.51
ESP-La Liga,2526,Levante,Kervin Arriaga,HON,MF,27.0,27,16,1532,3,3,6,3,0.18,0.18,0.35
ESP-La Liga,2526,Levante,Olasagasti,ESP,MF,24.0,33,18,1734,1,5,6,1,0.05,0.26,0.31
ESP-La Liga,2526,Levante,Oriol Rey,ESP,MF,27.0,20,14,1319,0,1,1,0,0.0,0.07,0.07
ESP-La Liga,2526,Levante,Pablo Martínez,ESP,MF,27.0,27,21,1857,1,5,6,1,0.05,0.24,0.29
ESP-La Liga,2526,Levante,Unai Elgezabal,ESP,"DF,MF",32.0,12,11,958,1,0,1,1,0.09,0.0,0.09
ESP-La Liga,2526,Levante,Víctor García,ESP,"MF,FW",27.0,21,12,1040,2,1,3,2,0.17,0.09,0.26
ESP-La Liga,2526,Mallorca,Antonio Sánchez,ESP,"MF,DF",28.0,30,9,1073,0,0,0,0,0.0,0.0,0.0
ESP-La Liga,2526,Mallorca,Jan Virgili,ESP,"MF,FW",19.0,31,19,1792,2,4,6,2,0.1,0.2,0.3
ESP-La Liga,2526,Mallorca,Manu Morlanes,ESP,MF,26.0,32,22,1765,3,0,3,3,0.15,0.0,0.15
ESP-La Liga,2526,Mallorca,Mateo Joseph,ESP,"MF,FW",21.0,29,19,1699,2,3,5,2,0.11,0.16,0.26
ESP-La Liga,2526,Mallorca,Omar Mascarell,EQG,"MF,DF",32.0,30,26,2239,2,2,4,2,0.08,0.08,0.16
ESP-La Liga,2526,Mallorca,Pablo Torre,ESP,"MF,FW",22.0,35,19,1599,4,4,8,4,0.23,0.23,0.45
ESP-La Liga,2526,Mallorca,Samu Costa,POR,MF,24.0,34,31,2697,7,2,9,7,0.23,0.07,0.3
ESP-La Liga,2526,Mallorca,Sergi Darder,ESP,MF,31.0,38,30,2680,1,5,6,1,0.03,0.17,0.2
ESP-La Liga,2526,Mallorca,Vedat Muriqi,KVX,FW,31.0,37,36,3128,23,1,24,18,0.66,0.03,0.69
ESP-La Liga,2526,Osasuna,Abel Bretones,ESP,"MF,DF",24.0,28,17,1624,1,2,3,1,0.06,0.11,0.17
ESP-La Liga,2526,Osasuna,Aimar Oroz,ESP,"MF,FW",23.0,31,26,2139,0,2,2,0,0.0,0.08,0.08
ESP-La Liga,2526,Osasuna,Ante Budimir,CRO,FW,34.0,37,35,2938,17,0,17,11,0.52,0.0,0.52
ESP-La Liga,2526,Osasuna,Iker Muñoz,ESP,MF,22.0,19,8,952,0,0,0,0,0.0,0.0,0.0
ESP-La Liga,2526,Osasuna,Jon Moncayola,ESP,MF,27.0,36,35,3016,0,4,4,0,0.0,0.12,0.12
ESP-La Liga,2526,Osasuna,Lucas Torró,ESP,MF,31.0,34,31,2293,0,1,1,0,0.0,0.04,0.04
ESP-La Liga,2526,Osasuna,Moi Gómez,ESP,MF,31.0,26,12,1201,0,2,2,0,0.0,0.15,0.15
ESP-La Liga,2526,Osasuna,Raúl,ESP,FW,24.0,36,6,1041,7,1,8,7,0.61,0.09,0.69
ESP-La Liga,2526,Osasuna,Rubén García,ESP,"MF,FW",32.0,35,28,2229,2,5,7,2,0.08,0.2,0.28
ESP-La Liga,2526,Osasuna,Valentin Rosier,FRA,"DF,MF",28.0,31,30,2547,1,1,2,1,0.04,0.04,0.07
ESP-La Liga,2526,Osasuna,Víctor Muñoz,ESP,"MF,FW",22.0,34,31,2656,6,2,8,6,0.2,0.07,0.27
ESP-La Liga,2526,Oviedo,Alberto Reina,ESP,MF,27.0,37,31,2462,4,1,5,4,0.15,0.04,0.18
ESP-La Liga,2526,Oviedo,Federico Viñas,URU,"FW,MF",27.0,33,28,2439,9,1,10,7,0.33,0.04,0.37
ESP-La Liga,2526,Oviedo,Haissem Hassan,EGY,"MF,FW",23.0,37,20,1942,0,3,3,0,0.0,0.14,0.14
ESP-La Liga,2526,Oviedo,Ilyas Chaira,MAR,"MF,FW",24.0,36,30,2447,6,2,8,6,0.22,0.07,0.29
ESP-La Liga,2526,Oviedo,Kwasi Sibo,GHA,MF,27.0,26,21,1681,0,0,0,0,0.0,0.0,0.0
ESP-La Liga,2526,Oviedo,Leander Dendoncker,BEL,MF,30.0,19,15,1330,1,0,1,1,0.07,0.0,0.07
ESP-La Liga,2526,Oviedo,Nicolas Fonseca,URU,MF,26.0,19,12,1018,0,0,0,0,0.0,0.0,0.0
ESP-La Liga,2526,Oviedo,Salomón Rondón,VEN,FW,35.0,16,13,1032,2,0,2,2,0.17,0.0,0.17
ESP-La Liga,2526,Oviedo,Santi Cazorla,ESP,MF,40.0,28,6,940,0,1,1,0,0.0,0.1,0.1
ESP-La Liga,2526,Oviedo,Santiago Colombatto,ARG,MF,28.0,32,23,2064,0,1,1,0,0.0,0.04,0.04
ESP-La Liga,2526,Rayo Vallecano,Alexandre Alemão,BRA,FW,27.0,26,11,1136,4,0,4,4,0.32,0.0,0.32
ESP-La Liga,2526,Rayo Vallecano,Alfonso Espino,URU,"DF,MF",33.0,30,15,1486,2,0,2,2,0.12,0.0,0.12
ESP-La Liga,2526,Rayo Vallecano,Francisco Perez,ESP,"MF,FW",22.0,29,12,1237,2,1,3,2,0.15,0.07,0.22
ESP-La Liga,2526,Rayo Vallecano,Gerard Gumbau,ESP,MF,30.0,28,14,1175,0,3,3,0,0.0,0.23,0.23
ESP-La Liga,2526,Rayo Vallecano,Isaac Palazón Camacho,ESP,"MF,FW",30.0,31,27,2248,3,3,6,1,0.12,0.12,0.24
ESP-La Liga,2526,Rayo Vallecano,Jorge de Frutos,ESP,"FW,MF",28.0,36,31,2463,10,1,11,9,0.37,0.04,0.4
ESP-La Liga,2526,Rayo Vallecano,Pathé Ciss,SEN,"MF,DF",31.0,29,20,1999,2,1,3,2,0.09,0.05,0.14
ESP-La Liga,2526,Rayo Vallecano,Pedro Díaz,ESP,MF,27.0,34,21,1870,0,1,1,0,0.0,0.05,0.05
ESP-La Liga,2526,Rayo Vallecano,Unai López,ESP,MF,29.0,28,19,1612,0,4,4,0,0.0,0.22,0.22
ESP-La Liga,2526,Rayo Vallecano,Álvaro García,ESP,"MF,FW",32.0,32,23,2101,4,5,9,4,0.17,0.21,0.39
ESP-La Liga,2526,Rayo Vallecano,Óscar Valentín,ESP,MF,30.0,33,26,2108,1,0,1,1,0.04,0.0,0.04
ESP-La Liga,2526,Real Betis,Abde Ezzalzouli,MAR,"MF,FW",23.0,29,26,2247,10,8,18,10,0.4,0.32,0.72
ESP-La Liga,2526,Real Betis,Aitor Ruibal,ESP,"DF,MF",29.0,27,20,1808,4,2,6,4,0.2,0.1,0.3
ESP-La Liga,2526,Real Betis,Antony,BRA,"MF,FW",25.0,32,30,2447,8,6,14,8,0.29,0.22,0.51
ESP-La Liga,2526,Real Betis,Cucho,COL,FW,26.0,32,30,2580,11,3,14,10,0.38,0.1,0.49
ESP-La Liga,2526,Real Betis,Giovani Lo Celso,ARG,MF,29.0,24,15,1393,2,3,5,2,0.13,0.19,0.32
ESP-La Liga,2526,Real Betis,Marc Roca,ESP,MF,28.0,29,23,2026,1,1,2,1,0.04,0.04,0.09
ESP-La Liga,2526,Real Betis,Pablo Fornals,ESP,MF,29.0,37,34,2848,9,6,15,9,0.28,0.19,0.47
ESP-La Liga,2526,Real Betis,Sergi Altimira,ESP,MF,23.0,24,13,1186,1,2,3,1,0.08,0.15,0.23
ESP-La Liga,2526,Real Betis,Sofyan Amrabat,MAR,MF,28.0,17,14,1295,0,0,0,0,0.0,0.0,0.0
ESP-La Liga,2526,Real Madrid,Arda Güler,TUR,MF,20.0,33,25,2014,4,9,13,4,0.18,0.4,0.58
ESP-La Liga,2526,Real Madrid,Aurélien Tchouaméni,FRA,MF,25.0,33,31,2615,1,0,1,1,0.03,0.0,0.03
ESP-La Liga,2526,Real Madrid,Brahim Díaz,MAR,"FW,MF",25.0,30,13,1257,1,6,7,1,0.07,0.43,0.5
ESP-La Liga,2526,Real Madrid,Eduardo Camavinga,FRA,MF,22.0,29,16,1528,1,0,1,1,0.06,0.0,0.06
ESP-La Liga,2526,Real Madrid,Federico Valverde,URU,"MF,DF",27.0,33,31,2740,5,8,13,5,0.16,0.26,0.43
ESP-La Liga,2526,Real Madrid,Fran Garcia,ESP,"DF,MF",25.0,13,10,929,1,1,2,1,0.1,0.1,0.19
ESP-La Liga,2526,Real Madrid,Franco Mastantuono,ARG,"MF,FW",17.0,23,11,1037,1,0,1,1,0.09,0.0,0.09
ESP-La Liga,2526,Real Madrid,Gonzalo García,ESP,FW,21.0,30,9,964,6,1,7,6,0.56,0.09,0.65
ESP-La Liga,2526,Real Madrid,Jude Bellingham,ENG,MF,22.0,28,22,1916,6,4,10,6,0.28,0.19,0.47
ESP-La Liga,2526,Real Madrid,Kylian Mbappé,FRA,FW,26.0,31,29,2599,25,5,30,17,0.87,0.17,1.04
ESP-La Liga,2526,Real Madrid,Vinicius Júnior,BRA,"FW,MF",25.0,36,32,2815,16,5,21,12,0.51,0.16,0.67
ESP-La Liga,2526,Real Sociedad,Ander Barrenetxea,ESP,MF,23.0,30,22,1763,3,5,8,3,0.15,0.26,0.41
ESP-La Liga,2526,Real Sociedad,Beñat Turrientes,ESP,MF,23.0,27,16,1348,0,3,3,0,0.0,0.2,0.2
ESP-La Liga,2526,Real Sociedad,Brais Méndez,ESP,"MF,FW",28.0,29,21,1660,6,2,8,5,0.33,0.11,0.43
ESP-La Liga,2526,Real Sociedad,Carlos Soler,ESP,MF,28.0,33,26,2317,4,3,7,4,0.16,0.12,0.27
ESP-La Liga,2526,Real Sociedad,Gonçalo Guedes,POR,MF,28.0,32,22,1823,8,4,12,8,0.39,0.2,0.59
ESP-La Liga,2526,Real Sociedad,Jon Gorrotxategi,ESP,MF,23.0,30,26,2210,1,3,4,1,0.04,0.12,0.16
ESP-La Liga,2526,Real Sociedad,Luka Sučić,CRO,"MF,FW",22.0,22,10,1022,3,1,4,3,0.26,0.09,0.35
ESP-La Liga,2526,Real Sociedad,Mikel Oyarzabal,ESP,FW,28.0,34,30,2710,15,4,19,8,0.5,0.13,0.63
ESP-La Liga,2526,Real Sociedad,Pablo Marín,ESP,MF,22.0,34,15,1502,0,1,1,0,0.0,0.06,0.06
ESP-La Liga,2526,Real Sociedad,Takefusa Kubo,JPN,MF,24.0,24,17,1503,2,4,6,2,0.12,0.24,0.36
ESP-La Liga,2526,Sevilla,Akor Adams,NGA,FW,25.0,32,21,2064,10,3,13,7,0.44,0.13,0.57
ESP-La Liga,2526,Sevilla,Alexis Sánchez,CHI,"FW,MF",36.0,28,11,1308,4,2,6,3,0.28,0.14,0.41
ESP-La Liga,2526,Sevilla,Batista Mendy,FRA,MF,25.0,27,19,1617,1,0,1,1,0.06,0.0,0.06
ESP-La Liga,2526,Sevilla,Carmona,ESP,"DF,MF",23.0,35,29,2565,1,3,4,1,0.04,0.11,0.14
ESP-La Liga,2526,Sevilla,Chidera Ejuke,NGA,"MF,FW",27.0,27,6,932,1,1,2,1,0.1,0.1,0.19
ESP-La Liga,2526,Sevilla,Djibril Sow,SUI,MF,28.0,33,27,2187,5,4,9,5,0.21,0.16,0.37
ESP-La Liga,2526,Sevilla,Gabriel Suazo,CHI,"DF,MF",27.0,29,25,2096,0,2,2,0,0.0,0.09,0.09
ESP-La Liga,2526,Sevilla,Isaac Romero,ESP,"FW,MF",25.0,29,18,1484,4,0,4,4,0.24,0.0,0.24
ESP-La Liga,2526,Sevilla,Joaquín Martínez Gauna,ESP,"MF,DF",22.0,21,14,1408,2,3,5,2,0.13,0.19,0.32
ESP-La Liga,2526,Sevilla,Juanlu Sánchez,ESP,"MF,DF",21.0,32,23,1990,0,3,3,0,0.0,0.14,0.14
ESP-La Liga,2526,Sevilla,Lucien Agoume,FRA,MF,23.0,34,31,2686,1,3,4,1,0.03,0.1,0.13
ESP-La Liga,2526,Sevilla,Nemanja Gudelj,SRB,"DF,MF",33.0,34,26,2348,2,0,2,2,0.08,0.0,0.08
ESP-La Liga,2526,Sevilla,Peque,ESP,"MF,FW",22.0,26,12,982,2,1,3,2,0.18,0.09,0.27
ESP-La Liga,2526,Sevilla,Ruben Vargas,SUI,"MF,FW",26.0,24,20,1594,3,6,9,2,0.17,0.34,0.51
ESP-La Liga,2526,Valencia,André Almeida,POR,MF,25.0,22,11,1017,0,2,2,0,0.0,0.18,0.18
ESP-La Liga,2526,Valencia,Arnaut Danjuma,NED,"MF,FW",28.0,30,18,1628,3,2,5,3,0.17,0.11,0.28
ESP-La Liga,2526,Valencia,Diego López,ESP,"MF,FW",23.0,34,20,1762,4,1,5,4,0.2,0.05,0.26
ESP-La Liga,2526,Valencia,Filip Ugrinic,SUI,MF,26.0,27,17,1504,0,3,3,0,0.0,0.18,0.18
ESP-La Liga,2526,Valencia,Guido Rodríguez,ARG,MF,31.0,16,14,1309,4,0,4,4,0.28,0.0,0.28
ESP-La Liga,2526,Valencia,Hugo Duro,ESP,FW,25.0,36,22,1979,10,0,10,9,0.45,0.0,0.45
ESP-La Liga,2526,Valencia,Javier Guerra,ESP,"MF,FW",22.0,36,25,2061,4,6,10,4,0.17,0.26,0.44
ESP-La Liga,2526,Valencia,Jesus Vazquez,ESP,"DF,MF",22.0,24,7,974,0,0,0,0,0.0,0.0,0.0
ESP-La Liga,2526,Valencia,José Luis García Vayá,ESP,"MF,DF",26.0,31,26,2225,2,0,2,1,0.08,0.0,0.08
ESP-La Liga,2526,Valencia,Largie Ramazani,BEL,"MF,FW",24.0,27,11,1234,6,1,7,3,0.44,0.07,0.51
ESP-La Liga,2526,Valencia,Lucas Beltrán,ARG,FW,24.0,27,16,1365,1,2,3,1,0.07,0.13,0.2
ESP-La Liga,2526,Valencia,Luis Rioja,ESP,MF,31.0,37,31,2624,3,6,9,3,0.1,0.21,0.31
ESP-La Liga,2526,Valencia,Thierry Correia,POR,"DF,MF",26.0,24,17,1392,0,2,2,0,0.0,0.13,0.13
ESP-La Liga,2526,Valencia,Umar Sadiq,NGA,FW,28.0,20,8,911,4,2,6,4,0.4,0.2,0.59
ESP-La Liga,2526,Villarreal,Alberto Moleiro,ESP,MF,21.0,37,30,2478,10,5,15,10,0.36,0.18,0.54
ESP-La Liga,2526,Villarreal,Ayoze Pérez,ESP,FW,32.0,25,12,1124,5,4,9,4,0.4,0.32,0.72
ESP-La Liga,2526,Villarreal,Daniel Parejo,ESP,MF,36.0,32,16,1392,1,0,1,0,0.06,0.0,0.06
ESP-La Liga,2526,Villarreal,Georges Mikautadze,GEO,FW,24.0,32,23,2109,13,6,19,13,0.55,0.26,0.81
ESP-La Liga,2526,Villarreal,Gerard Moreno,ESP,FW,33.0,22,16,1343,10,0,10,7,0.67,0.0,0.67
ESP-La Liga,2526,Villarreal,Nicolas Pépé,CIV,"MF,FW",30.0,36,26,2393,8,8,16,7,0.3,0.3,0.6
ESP-La Liga,2526,Villarreal,Pape Gueye,SEN,MF,26.0,30,26,2131,5,2,7,4,0.21,0.08,0.3
ESP-La Liga,2526,Villarreal,Santi Comesaña,ESP,MF,28.0,34,28,2407,3,6,9,3,0.11,0.22,0.34
ESP-La Liga,2526,Villarreal,Tajon Buchanan,CAN,MF,26.0,34,21,1819,7,1,8,7,0.35,0.05,0.4
ESP-La Liga,2526,Villarreal,Tani Oluwaseyi,CAN,FW,25.0,27,9,901,2,2,4,2,0.2,0.2,0.4
ESP-La Liga,2526,Villarreal,Thomas Partey,GHA,MF,32.0,25,8,934,0,0,0,0,0.0,0.0,0.0
GER-Bundesliga,2122,Arminia,Alessandro Schöpf,AUT,"MF,FW",27.0,31,27,2397,1,0,1,1,0.04,0.0,0.04
GER-Bundesliga,2122,Arminia,Fabian Klos,GER,FW,33.0,25,14,1420,3,1,4,1,0.19,0.06,0.25
GER-Bundesliga,2122,Arminia,Fabian Kunze,GER,MF,23.0,22,13,1260,0,0,0,0,0.0,0.0,0.0
GER-Bundesliga,2122,Arminia,Florian Krüger,GER,"MF,FW",22.0,27,12,1129,1,2,3,1,0.08,0.16,0.24
GER-Bundesliga,2122,Arminia,Jacob Barrett Laursen,DEN,"DF,MF",26.0,24,20,1632,2,0,2,2,0.11,0.0,0.11
GER-Bundesliga,2122,Arminia,Janni Serra,GER,FW,23.0,26,15,1117,3,2,5,3,0.24,0.16,0.4
GER-Bundesliga,2122,Arminia,Manuel Prietl,AUT,"MF,DF",29.0,26,23,2123,0,1,1,0,0.0,0.04,0.04
GER-Bundesliga,2122,Arminia,Masaya Okugawa,JPN,"MF,FW",25.0,33,30,2531,8,1,9,8,0.28,0.04,0.32
GER-Bundesliga,2122,Arminia,Patrick Wimmer,AUT,"MF,FW",20.0,31,27,2052,3,6,9,3,0.13,0.26,0.39
GER-Bundesliga,2122,Arminia,Robin Hack,GER,"MF,FW",22.0,30,13,1364,0,3,3,0,0.0,0.2,0.2
GER-Bundesliga,2122,Arminia,Sebastian Vasiliadis,GRE,MF,23.0,19,16,1193,0,0,0,0,0.0,0.0,0.0
GER-Bundesliga,2122,Augsburg,Andi Zeqiri,SUI,FW,22.0,22,11,1016,2,1,3,2,0.18,0.09,0.27
GER-Bundesliga,2122,Augsburg,André Hahn,GER,"MF,FW",30.0,32,25,2101,5,2,7,5,0.21,0.09,0.3
GER-Bundesliga,2122,Augsburg,Arne Maier,GER,MF,22.0,29,21,1864,1,6,7,1,0.05,0.29,0.34
GER-Bundesliga,2122,Augsburg,Carlos Gruezo,ECU,MF,26.0,17,9,970,0,0,0,0,0.0,0.0,0.0
GER-Bundesliga,2122,Augsburg,Daniel Caligiuri,ITA,MF,33.0,28,24,2004,4,2,6,1,0.18,0.09,0.27
GER-Bundesliga,2122,Augsburg,Florian Niederlechner,GER,FW,30.0,26,13,1165,5,3,8,5,0.39,0.23,0.62
GER-Bundesliga,2122,Augsburg,Iago,BRA,"DF,MF",24.0,28,26,2174,2,5,7,2,0.08,0.21,0.29
GER-Bundesliga,2122,Augsburg,Mads Pedersen,DEN,"MF,DF",24.0,29,15,1391,2,1,3,2,0.13,0.06,0.19
GER-Bundesliga,2122,Augsburg,Michael Gregoritsch,AUT,"FW,MF",27.0,25,15,1392,9,0,9,8,0.58,0.0,0.58
GER-Bundesliga,2122,Augsburg,Niklas Dorsch,GER,MF,23.0,30,27,2324,1,0,1,1,0.04,0.0,0.04
GER-Bundesliga,2122,Augsburg,Ruben Vargas,SUI,"MF,FW",22.0,29,26,1984,1,3,4,1,0.05,0.14,0.18
GER-Bundesliga,2122,Bayern Munich,Alphonso Davies,CAN,"DF,MF",20.0,22,20,1740,0,3,3,0,0.0,0.16,0.16
GER-Bundesliga,2122,Bayern Munich,Benjamin Pavard,FRA,"DF,MF",25.0,25,24,2076,0,1,1,0,0.0,0.04,0.04
GER-Bundesliga,2122,Bayern Munich,Jamal Musiala,GER,MF,18.0,30,12,1465,5,5,10,5,0.31,0.31,0.61
GER-Bundesliga,2122,Bayern Munich,Joshua Kimmich,GER,"MF,DF",26.0,28,28,2474,3,9,12,3,0.11,0.33,0.44
GER-Bundesliga,2122,Bayern Munich,Kingsley Coman,FRA,"MF,FW",25.0,21,16,1359,6,2,8,6,0.4,0.13,0.53
GER-Bundesliga,2122,Bayern Munich,Leon Goretzka,GER,MF,26.0,19,19,1396,3,3,6,3,0.19,0.19,0.39
GER-Bundesliga,2122,Bayern Munich,Leroy Sané,GER,MF,25.0,32,22,1976,7,7,14,7,0.32,0.32,0.64
GER-Bundesliga,2122,Bayern Munich,Marcel Sabitzer,AUT,"MF,DF",27.0,25,8,905,1,1,2,1,0.1,0.1,0.2
GER-Bundesliga,2122,Bayern Munich,Niklas Süle,GER,"DF,MF",25.0,28,19,1837,1,2,3,1,0.05,0.1,0.15
GER-Bundesliga,2122,Bayern Munich,Robert Lewandowski,POL,FW,32.0,34,34,2946,35,3,38,30,1.07,0.09,1.16
GER-Bundesliga,2122,Bayern Munich,Serge Gnabry,GER,MF,26.0,34,25,2185,14,5,19,14,0.58,0.21,0.78
GER-Bundesliga,2122,Bayern Munich,Thomas Müller,GER,MF,31.0,32,32,2558,8,18,26,8,0.28,0.63,0.91
GER-Bundesliga,2122,Bochum,Anthony Losilla,FRA,MF,35.0,33,33,2935,2,0,2,2,0.06,0.0,0.06
GER-Bundesliga,2122,Bochum,Christopher Antwi-Adjei,GHA,"FW,MF",27.0,25,12,1130,1,1,2,1,0.08,0.08,0.16
GER-Bundesliga,2122,Bochum,Eduard Löwen,GER,MF,24.0,26,15,1416,2,2,4,1,0.13,0.13,0.25
GER-Bundesliga,2122,Bochum,Elvis Rexhbeçaj,KVX,MF,23.0,32,30,2542,0,0,0,0,0.0,0.0,0.0
GER-Bundesliga,2122,Bochum,Gerrit Holtmann,PHI,"FW,MF",26.0,29,23,1840,5,4,9,5,0.24,0.2,0.44
GER-Bundesliga,2122,Bochum,Kostas Stafylidis,GRE,"DF,MF",27.0,24,15,1388,0,1,1,0,0.0,0.06,0.06
GER-Bundesliga,2122,Bochum,Miloš Pantović,SRB,"MF,FW",25.0,28,18,1533,4,3,7,3,0.23,0.18,0.41
GER-Bundesliga,2122,Bochum,Sebastian Polter,GER,FW,30.0,33,27,2341,10,1,11,9,0.38,0.04,0.42
GER-Bundesliga,2122,Bochum,Takuma Asano,JPN,"FW,MF",26.0,27,20,1608,3,4,7,3,0.17,0.22,0.39
GER-Bundesliga,2122,Dortmund,Axel Witsel,BEL,"MF,DF",32.0,29,22,1941,2,0,2,2,0.09,0.0,0.09
GER-Bundesliga,2122,Dortmund,Donyell Malen,NED,FW,22.0,27,20,1684,5,3,8,5,0.27,0.16,0.43
GER-Bundesliga,2122,Dortmund,Emre Can,GER,"DF,MF",27.0,24,19,1690,5,1,6,1,0.27,0.05,0.32
GER-Bundesliga,2122,Dortmund,Erling Haaland,NOR,FW,21.0,24,21,1911,22,8,30,16,1.04,0.38,1.41
GER-Bundesliga,2122,Dortmund,Jude Bellingham,ENG,MF,18.0,32,32,2790,3,8,11,3,0.1,0.26,0.35
GER-Bundesliga,2122,Dortmund,Julian Brandt,GER,MF,25.0,31,22,2078,9,8,17,9,0.39,0.35,0.74
GER-Bundesliga,2122,Dortmund,Mahmoud Dahoud,GER,"MF,DF",25.0,22,20,1658,2,3,5,2,0.11,0.16,0.27
GER-Bundesliga,2122,Dortmund,Marco Reus,GER,"MF,FW",32.0,29,29,2503,9,13,22,9,0.32,0.47,0.79
GER-Bundesliga,2122,Dortmund,Marius Wolf,GER,"MF,DF",26.0,27,15,1321,3,1,4,3,0.2,0.07,0.27
GER-Bundesliga,2122,Dortmund,Raphaël Guerreiro,POR,"DF,MF",27.0,23,21,1795,4,2,6,3,0.2,0.1,0.3
GER-Bundesliga,2122,Dortmund,Thomas Meunier,BEL,"DF,MF",29.0,17,17,1402,2,4,6,2,0.13,0.26,0.39
GER-Bundesliga,2122,Dortmund,Thorgan Hazard,BEL,"MF,FW",28.0,23,14,1337,4,1,5,4,0.27,0.07,0.34
GER-Bundesliga,2122,Frankfurt,Ajdin Hrustic,AUS,MF,25.0,23,9,964,2,0,2,2,0.19,0.0,0.19
GER-Bundesliga,2122,Frankfurt,Daichi Kamada,JPN,MF,24.0,32,23,2139,4,3,7,4,0.17,0.13,0.29
GER-Bundesliga,2122,Frankfurt,Djibril Sow,SUI,MF,24.0,31,28,2415,2,3,5,2,0.07,0.11,0.19
GER-Bundesliga,2122,Frankfurt,Filip Kostić,SRB,MF,28.0,31,28,2522,4,9,13,4,0.14,0.32,0.46
GER-Bundesliga,2122,Frankfurt,Jens Petter Hauge,NOR,"MF,FW",21.0,26,9,1040,2,2,4,2,0.17,0.17,0.35
GER-Bundesliga,2122,Frankfurt,Jesper Lindstrøm,DEN,"MF,FW",21.0,29,26,1976,5,4,9,5,0.23,0.18,0.41
GER-Bundesliga,2122,Frankfurt,Kristijan Jakić,CRO,MF,24.0,26,21,1879,1,0,1,1,0.05,0.0,0.05
GER-Bundesliga,2122,Frankfurt,Rafael Borré,COL,FW,25.0,31,28,2378,8,4,12,8,0.3,0.15,0.45
GER-Bundesliga,2122,Frankfurt,Timothy Chandler,USA,MF,31.0,17,15,1212,0,0,0,0,0.0,0.0,0.0
GER-Bundesliga,2122,Freiburg,Christian Günter,GER,"DF,MF",28.0,34,34,3060,2,9,11,2,0.06,0.26,0.32
GER-Bundesliga,2122,Freiburg,Jeong Woo-yeong,KOR,"MF,FW",21.0,32,23,1782,5,2,7,5,0.25,0.1,0.35
GER-Bundesliga,2122,Freiburg,Lucas Höler,GER,"FW,MF",27.0,34,30,2583,7,2,9,7,0.24,0.07,0.31
GER-Bundesliga,2122,Freiburg,Lukas Kübler,GER,"DF,MF",28.0,29,27,2327,2,0,2,2,0.08,0.0,0.08
GER-Bundesliga,2122,Freiburg,Maximilian Eggestein,GER,MF,24.0,31,26,2194,1,2,3,1,0.04,0.08,0.12
GER-Bundesliga,2122,Freiburg,Nicolas Höfler,GER,MF,31.0,30,30,2600,2,4,6,2,0.07,0.14,0.21
GER-Bundesliga,2122,Freiburg,Roland Sallai,HUN,"MF,FW",24.0,31,18,1551,4,4,8,4,0.23,0.23,0.46
GER-Bundesliga,2122,Freiburg,Vincenzo Grifo,ITA,"MF,FW",28.0,34,33,2775,9,7,16,4,0.29,0.23,0.52
GER-Bundesliga,2122,Gladbach,Alassane Pléa,FRA,"MF,FW",28.0,33,24,2070,10,6,16,7,0.43,0.26,0.7
GER-Bundesliga,2122,Gladbach,Breel Embolo,SUI,"FW,MF",24.0,29,24,2166,9,3,12,9,0.37,0.12,0.5
GER-Bundesliga,2122,Gladbach,Denis Zakaria,SUI,"MF,DF",24.0,16,15,1395,2,1,3,2,0.13,0.06,0.19
GER-Bundesliga,2122,Gladbach,Florian Neuhaus,GER,MF,24.0,29,24,2121,4,4,8,4,0.17,0.17,0.34
GER-Bundesliga,2122,Gladbach,Joe Scally,USA,"MF,DF",18.0,30,20,1909,1,2,3,1,0.05,0.09,0.14
GER-Bundesliga,2122,Gladbach,Jonas Hofmann,GER,MF,29.0,26,24,2078,12,5,17,12,0.52,0.22,0.74
GER-Bundesliga,2122,Gladbach,Lars Stindl,GER,"MF,FW",32.0,26,20,1629,4,5,9,4,0.22,0.28,0.5
GER-Bundesliga,2122,Gladbach,Luca Netz,GER,"MF,DF",18.0,24,17,1396,0,4,4,0,0.0,0.26,0.26
GER-Bundesliga,2122,Gladbach,Manu Koné,FRA,MF,20.0,27,26,2183,2,0,2,2,0.08,0.0,0.08
GER-Bundesliga,2122,Gladbach,Marcus Thuram,FRA,"FW,MF",23.0,21,9,979,3,0,3,3,0.28,0.0,0.28
GER-Bundesliga,2122,Gladbach,Ramy Bensebaini,ALG,"DF,MF",26.0,23,22,2020,4,1,5,2,0.18,0.04,0.22
GER-Bundesliga,2122,Gladbach,Stefan Lainer,AUT,"MF,DF",28.0,21,19,1471,1,2,3,1,0.06,0.12,0.18
GER-Bundesliga,2122,Greuther Fürth,Branimir Hrgota,SWE,"FW,MF",28.0,34,33,2777,9,5,14,4,0.29,0.16,0.45
GER-Bundesliga,2122,Greuther Fürth,Gian-Luca Itter,GER,"DF,MF",22.0,24,16,1455,0,1,1,0,0.0,0.06,0.06
GER-Bundesliga,2122,Greuther Fürth,Håvard Nielsen,NOR,"FW,MF",28.0,26,14,1367,2,0,2,2,0.13,0.0,0.13
GER-Bundesliga,2122,Greuther Fürth,Jamie Leweling,GER,"FW,MF",20.0,33,22,1959,5,1,6,5,0.23,0.05,0.28
GER-Bundesliga,2122,Greuther Fürth,Jeremy Dudziak,TUN,"MF,FW",25.0,22,15,1134,2,0,2,2,0.16,0.0,0.16
GER-Bundesliga,2122,Greuther Fürth,Jetro Willems,NED,"DF,MF",27.0,24,20,1598,1,0,1,1,0.06,0.0,0.06
GER-Bundesliga,2122,Greuther Fürth,Julian Green,USA,"MF,FW",26.0,24,12,1054,0,0,0,0,0.0,0.0,0.0
GER-Bundesliga,2122,Greuther Fürth,Marco Meyerhöfer,GER,"DF,MF",25.0,26,25,2280,1,0,1,1,0.04,0.0,0.04
GER-Bundesliga,2122,Greuther Fürth,Max Christiansen,GER,MF,24.0,27,22,2054,0,0,0,0,0.0,0.0,0.0
GER-Bundesliga,2122,Greuther Fürth,Paul Seguin,GER,MF,26.0,27,23,2108,0,3,3,0,0.0,0.13,0.13
GER-Bundesliga,2122,Greuther Fürth,Sebastian Griesbeck,GER,"DF,MF",30.0,29,28,2439,1,0,1,1,0.04,0.0,0.04
GER-Bundesliga,2122,Greuther Fürth,Timothy Tillman,USA,MF,22.0,29,23,2004,1,2,3,1,0.04,0.09,0.13
GER-Bundesliga,2122,Hertha BSC,Davie Selke,GER,FW,26.0,25,10,1004,4,0,4,3,0.36,0.0,0.36
GER-Bundesliga,2122,Hertha BSC,Ishak Belfodil,ALG,FW,29.0,26,17,1636,5,2,7,4,0.28,0.11,0.39
GER-Bundesliga,2122,Hertha BSC,Lucas Tousart,FRA,MF,24.0,30,22,1962,2,0,2,2,0.09,0.0,0.09
GER-Bundesliga,2122,Hertha BSC,Marco Richter,GER,"MF,FW",23.0,30,19,1704,5,1,6,5,0.26,0.05,0.32
GER-Bundesliga,2122,Hertha BSC,Marvin Plattenhardt,GER,"DF,MF",29.0,21,19,1637,0,3,3,0,0.0,0.16,0.16
GER-Bundesliga,2122,Hertha BSC,Maximilian Mittelstädt,GER,"DF,MF",24.0,24,16,1493,0,5,5,0,0.0,0.3,0.3
GER-Bundesliga,2122,Hertha BSC,Santiago Ascacíbar,ARG,MF,24.0,28,27,2375,0,1,1,0,0.0,0.04,0.04
GER-Bundesliga,2122,Hertha BSC,Stevan Jovetić,MNE,"FW,MF",31.0,18,13,1017,6,1,7,6,0.53,0.09,0.62
GER-Bundesliga,2122,Hertha BSC,Suat Serdar,GER,MF,24.0,30,27,2218,3,0,3,3,0.12,0.0,0.12
GER-Bundesliga,2122,Hertha BSC,Vladimír Darida,CZE,MF,30.0,25,23,1786,2,5,7,2,0.1,0.25,0.35
GER-Bundesliga,2122,Hoffenheim,Andrej Kramarić,CRO,"FW,MF",30.0,32,30,2707,6,9,15,6,0.2,0.3,0.5
GER-Bundesliga,2122,Hoffenheim,Angelo Stiller,GER,MF,20.0,26,18,1693,2,1,3,2,0.11,0.05,0.16
GER-Bundesliga,2122,Hoffenheim,Christoph Baumgartner,AUT,MF,21.0,29,23,1888,7,2,9,7,0.33,0.1,0.43
GER-Bundesliga,2122,Hoffenheim,David Raum,GER,"MF,DF",23.0,32,31,2757,3,11,14,3,0.1,0.36,0.46
GER-Bundesliga,2122,Hoffenheim,Dennis Geiger,GER,MF,23.0,20,17,1377,2,2,4,2,0.13,0.13,0.26
GER-Bundesliga,2122,Hoffenheim,Diadie Samassékou,MLI,MF,25.0,24,21,1655,2,0,2,2,0.11,0.0,0.11
GER-Bundesliga,2122,Hoffenheim,Florian Grillitsch,AUT,"DF,MF",25.0,18,16,1496,0,0,0,0,0.0,0.0,0.0
GER-Bundesliga,2122,Hoffenheim,Georginio Rutter,FRA,"FW,MF",19.0,33,13,1611,8,2,10,8,0.45,0.11,0.56
GER-Bundesliga,2122,Hoffenheim,Ihlas Bebou,TOG,"FW,MF",27.0,28,25,2091,7,2,9,7,0.3,0.09,0.39
GER-Bundesliga,2122,Hoffenheim,Kevin Akpoguma,NGA,"DF,MF",26.0,26,19,1527,2,2,4,2,0.12,0.12,0.24
GER-Bundesliga,2122,Hoffenheim,Moanes Dabbur,ISR,"FW,MF",29.0,27,17,1310,3,4,7,3,0.21,0.27,0.48
GER-Bundesliga,2122,Hoffenheim,Pavel Kadeřábek,CZE,"MF,DF",29.0,19,14,1195,1,2,3,1,0.08,0.15,0.23
GER-Bundesliga,2122,Köln,Anthony Modeste,FRA,FW,33.0,32,31,2606,20,4,24,19,0.69,0.14,0.83
GER-Bundesliga,2122,Köln,Dejan Ljubičić,AUT,MF,23.0,30,22,1969,3,1,4,3,0.14,0.05,0.18
GER-Bundesliga,2122,Köln,Ellyes Skhiri,TUN,"MF,DF",26.0,22,20,1820,4,1,5,4,0.2,0.05,0.25
GER-Bundesliga,2122,Köln,Florian Kainz,AUT,MF,28.0,32,31,2320,4,4,8,4,0.16,0.16,0.31
GER-Bundesliga,2122,Köln,Jan Thielmann,GER,"MF,FW",19.0,29,10,1192,3,3,6,3,0.23,0.23,0.45
GER-Bundesliga,2122,Köln,Mark Uth,GER,"MF,FW",29.0,30,24,2025,5,8,13,5,0.22,0.36,0.58
GER-Bundesliga,2122,Köln,Ondrej Duda,SVK,MF,26.0,31,20,1611,2,0,2,2,0.11,0.0,0.11
GER-Bundesliga,2122,Köln,Rafael Czichos,GER,"DF,MF",31.0,17,16,1402,0,1,1,0,0.0,0.06,0.06
GER-Bundesliga,2122,Köln,Salih Özcan,TUR,MF,23.0,31,26,2312,2,0,2,2,0.08,0.0,0.08
GER-Bundesliga,2122,Köln,Sebastian Andersson,SWE,FW,30.0,26,13,1257,3,1,4,3,0.21,0.07,0.29
GER-Bundesliga,2122,Leverkusen,Amine Adli,MAR,"MF,FW",21.0,25,13,1256,3,2,5,3,0.21,0.14,0.36
GER-Bundesliga,2122,Leverkusen,Charles Aránguiz,CHI,MF,32.0,26,16,1578,1,4,5,1,0.06,0.23,0.29
GER-Bundesliga,2122,Leverkusen,Exequiel Palacios,ARG,MF,22.0,23,12,1097,2,2,4,2,0.16,0.16,0.33
GER-Bundesliga,2122,Leverkusen,Florian Wirtz,GER,MF,18.0,24,22,1851,7,10,17,7,0.34,0.49,0.83
GER-Bundesliga,2122,Leverkusen,Kerem Demirbay,GER,MF,28.0,29,23,2049,1,4,5,0,0.04,0.18,0.22
GER-Bundesliga,2122,Leverkusen,Mitchel Bakker,NED,"DF,MF",21.0,25,19,1822,0,4,4,0,0.0,0.2,0.2
GER-Bundesliga,2122,Leverkusen,Moussa Diaby,FRA,MF,22.0,32,32,2760,13,12,25,13,0.42,0.39,0.82
GER-Bundesliga,2122,Leverkusen,Patrik Schick,CZE,FW,25.0,27,26,2076,24,3,27,23,1.04,0.13,1.17
GER-Bundesliga,2122,Leverkusen,Paulinho,BRA,MF,21.0,24,14,1218,4,1,5,4,0.3,0.07,0.37
GER-Bundesliga,2122,Leverkusen,Robert Andrich,GER,MF,26.0,26,21,1817,4,2,6,4,0.2,0.1,0.3
GER-Bundesliga,2122,Mainz 05,Aarón Martín,ESP,MF,24.0,28,25,2292,1,1,2,1,0.04,0.04,0.08
GER-Bundesliga,2122,Mainz 05,Anton Stach,GER,MF,22.0,29,20,1861,1,6,7,1,0.05,0.29,0.34
GER-Bundesliga,2122,Mainz 05,Dominik Kohr,GER,MF,27.0,22,19,1614,0,3,3,0,0.0,0.17,0.17
GER-Bundesliga,2122,Mainz 05,Jean-Paul Boëtius,SUR,MF,27.0,33,19,1800,2,2,4,2,0.1,0.1,0.2
GER-Bundesliga,2122,Mainz 05,Jonathan Burkardt,GER,"FW,MF",21.0,34,32,2611,11,3,14,10,0.38,0.1,0.48
GER-Bundesliga,2122,Mainz 05,Karim Onisiwo,AUT,FW,29.0,31,28,2361,5,8,13,5,0.19,0.3,0.5
GER-Bundesliga,2122,Mainz 05,Leandro Barreiro Martins,LUX,MF,21.0,31,20,1789,1,2,3,1,0.05,0.1,0.15
GER-Bundesliga,2122,Mainz 05,Lee Jae-sung,KOR,"MF,FW",28.0,27,19,1436,4,3,7,4,0.25,0.19,0.44
GER-Bundesliga,2122,Mainz 05,Silvan Widmer,SUI,"MF,DF",28.0,33,33,2920,4,5,9,4,0.12,0.15,0.28
GER-Bundesliga,2122,RB Leipzig,Amadou Haidara,MLI,MF,23.0,20,15,1326,3,1,4,3,0.2,0.07,0.27
GER-Bundesliga,2122,RB Leipzig,André Silva,POR,FW,25.0,33,24,2076,11,3,14,8,0.48,0.13,0.61
GER-Bundesliga,2122,RB Leipzig,Angeliño,ESP,"MF,DF",24.0,29,26,2298,2,5,7,2,0.08,0.2,0.27
GER-Bundesliga,2122,RB Leipzig,Benjamin Henrichs,GER,MF,24.0,22,12,1143,3,3,6,3,0.24,0.24,0.47
GER-Bundesliga,2122,RB Leipzig,Christopher Nkunku,FRA,"MF,FW",23.0,34,31,2723,20,13,33,19,0.66,0.43,1.09
GER-Bundesliga,2122,RB Leipzig,Dominik Szoboszlai,HUN,MF,20.0,31,15,1543,6,8,14,6,0.35,0.47,0.82
GER-Bundesliga,2122,RB Leipzig,Emil Forsberg,SWE,MF,29.0,31,20,1706,6,2,8,2,0.32,0.11,0.42
GER-Bundesliga,2122,RB Leipzig,Kevin Kampl,SVN,MF,30.0,27,25,1899,0,1,1,0,0.0,0.05,0.05
GER-Bundesliga,2122,RB Leipzig,Konrad Laimer,AUT,MF,24.0,26,15,1240,4,4,8,4,0.29,0.29,0.58
GER-Bundesliga,2122,RB Leipzig,Lukas Klostermann,GER,"DF,MF",25.0,23,17,1648,0,1,1,0,0.0,0.05,0.05
GER-Bundesliga,2122,RB Leipzig,Nordi Mukiele,FRA,"MF,DF",23.0,28,21,1842,1,3,4,1,0.05,0.15,0.2
GER-Bundesliga,2122,RB Leipzig,Tyler Adams,USA,MF,22.0,24,12,1351,0,1,1,0,0.0,0.07,0.07
GER-Bundesliga,2122,RB Leipzig,Yussuf Poulsen,DEN,"FW,MF",27.0,25,12,1079,6,0,6,6,0.5,0.0,0.5
GER-Bundesliga,2122,Stuttgart,Atakan Karazor,TUR,MF,24.0,24,23,1898,0,1,1,0,0.0,0.05,0.05
GER-Bundesliga,2122,Stuttgart,Borna Sosa,CRO,"MF,DF",23.0,28,28,2498,1,8,9,1,0.04,0.29,0.32
GER-Bundesliga,2122,Stuttgart,Chris Führich,GER,"MF,FW",23.0,25,21,1714,3,2,5,3,0.16,0.11,0.26
GER-Bundesliga,2122,Stuttgart,Omar Marmoush,EGY,"FW,MF",22.0,21,19,1571,3,5,8,3,0.17,0.29,0.46
GER-Bundesliga,2122,Stuttgart,Orel Mangala,BEL,MF,23.0,28,22,1853,1,3,4,1,0.05,0.15,0.19
GER-Bundesliga,2122,Stuttgart,Philipp Förster,GER,"MF,FW",26.0,20,11,967,2,1,3,2,0.19,0.09,0.28
GER-Bundesliga,2122,Stuttgart,Saša Kalajdžić,AUT,FW,24.0,15,13,1221,6,1,7,5,0.44,0.07,0.52
GER-Bundesliga,2122,Stuttgart,Tanguy Coulibaly,FRA,"MF,FW",20.0,21,11,1079,0,1,1,0,0.0,0.08,0.08
GER-Bundesliga,2122,Stuttgart,Tiago Tomás,POR,FW,19.0,14,13,1075,4,0,4,4,0.33,0.0,0.33
GER-Bundesliga,2122,Stuttgart,Wataru Endo,JPN,MF,28.0,33,33,2899,4,2,6,4,0.12,0.06,0.19
GER-Bundesliga,2122,Union Berlin,Bastian Oczipka,GER,"MF,DF",32.0,18,9,932,0,1,1,0,0.0,0.1,0.1
GER-Bundesliga,2122,Union Berlin,Christopher Trimmel,AUT,MF,34.0,25,23,1990,2,0,2,2,0.09,0.0,0.09
GER-Bundesliga,2122,Union Berlin,Genki Haraguchi,JPN,MF,30.0,30,23,1755,2,6,8,2,0.1,0.31,0.41
GER-Bundesliga,2122,Union Berlin,Grischa Prömel,GER,MF,26.0,29,28,2422,8,1,9,8,0.3,0.04,0.33
GER-Bundesliga,2122,Union Berlin,Julian Ryerson,NOR,"MF,DF",23.0,28,13,1429,2,0,2,2,0.13,0.0,0.13
GER-Bundesliga,2122,Union Berlin,Max Kruse,GER,"FW,MF",33.0,16,16,1270,5,4,9,2,0.35,0.28,0.64
GER-Bundesliga,2122,Union Berlin,Niko Gießelmann,GER,MF,29.0,28,25,2083,3,6,9,3,0.13,0.26,0.39
GER-Bundesliga,2122,Union Berlin,Rani Khedira,TUN,MF,27.0,32,32,2757,0,1,1,0,0.0,0.03,0.03
GER-Bundesliga,2122,Union Berlin,Sheraldo Becker,SUR,"FW,MF",26.0,28,22,1758,4,6,10,4,0.2,0.31,0.51
GER-Bundesliga,2122,Union Berlin,Taiwo Awoniyi,NGA,FW,23.0,31,29,2174,15,1,16,13,0.62,0.04,0.66
GER-Bundesliga,2122,Wolfsburg,Aster Vranckx,BEL,MF,18.0,24,12,1141,2,0,2,2,0.16,0.0,0.16
GER-Bundesliga,2122,Wolfsburg,Jonas Wind,DEN,"FW,MF",22.0,14,14,1180,5,1,6,5,0.38,0.08,0.46
GER-Bundesliga,2122,Wolfsburg,Josuha Guilavogui,FRA,"MF,DF",30.0,15,10,942,0,0,0,0,0.0,0.0,0.0
GER-Bundesliga,2122,Wolfsburg,Jérôme Roussillon,GLP,"MF,DF",28.0,26,18,1775,1,0,1,1,0.05,0.0,0.05
GER-Bundesliga,2122,Wolfsburg,Kevin Mbabu,SUI,"DF,MF",26.0,24,14,1391,0,0,0,0,0.0,0.0,0.0
GER-Bundesliga,2122,Wolfsburg,Lukas Nmecha,GER,"FW,MF",22.0,25,18,1627,8,0,8,8,0.44,0.0,0.44
GER-Bundesliga,2122,Wolfsburg,Max Kruse,GER,"MF,FW",33.0,14,14,1128,7,1,8,5,0.56,0.08,0.64
GER-Bundesliga,2122,Wolfsburg,Maximilian Arnold,GER,MF,27.0,34,34,2994,4,2,6,4,0.12,0.06,0.18
GER-Bundesliga,2122,Wolfsburg,Maximilian Philipp,GER,MF,27.0,22,12,963,1,4,5,1,0.09,0.37,0.47
GER-Bundesliga,2122,Wolfsburg,Renato Steffen,SUI,MF,29.0,20,13,967,0,1,1,0,0.0,0.09,0.09
GER-Bundesliga,2122,Wolfsburg,Ridle Baku,GER,"MF,DF",23.0,34,28,2446,3,5,8,3,0.11,0.18,0.29
GER-Bundesliga,2122,Wolfsburg,Wout Weghorst,NED,FW,28.0,18,17,1553,6,1,7,5,0.35,0.06,0.41
GER-Bundesliga,2122,Wolfsburg,Xaver Schlager,AUT,MF,23.0,14,13,1040,0,1,1,0,0.0,0.09,0.09
GER-Bundesliga,2122,Wolfsburg,Yannick Gerhardt,GER,"MF,DF",27.0,27,17,1574,1,3,4,1,0.06,0.17,0.23
GER-Bundesliga,2223,Augsburg,Arne Engels,BEL,MF,18.0,18,18,1440,0,3,3,0,0.0,0.19,0.19
GER-Bundesliga,2223,Augsburg,Arne Maier,GER,MF,23.0,30,24,1960,5,1,6,5,0.23,0.05,0.28
GER-Bundesliga,2223,Augsburg,Carlos Gruezo,ECU,MF,27.0,13,12,961,0,0,0,0,0.0,0.0,0.0
GER-Bundesliga,2223,Augsburg,Dion Drena Beljo,CRO,FW,20.0,18,16,1128,3,2,5,3,0.24,0.16,0.4
GER-Bundesliga,2223,Augsburg,Elvis Rexhbeçaj,KVX,MF,24.0,31,30,2524,0,0,0,0,0.0,0.0,0.0
GER-Bundesliga,2223,Augsburg,Ermedin Demirović,BIH,"FW,MF",24.0,30,30,2366,8,4,12,7,0.3,0.15,0.46
GER-Bundesliga,2223,Augsburg,Florian Niederlechner,GER,"FW,MF",31.0,14,10,910,4,1,5,4,0.4,0.1,0.49
GER-Bundesliga,2223,Augsburg,Fredrik Jensen,FIN,"FW,MF",24.0,20,8,924,2,1,3,2,0.19,0.1,0.29
GER-Bundesliga,2223,Augsburg,Iago,BRA,"DF,MF",25.0,22,19,1600,0,2,2,0,0.0,0.11,0.11
GER-Bundesliga,2223,Augsburg,Mads Pedersen,DEN,"DF,MF",25.0,28,20,1838,0,0,0,0,0.0,0.0,0.0
GER-Bundesliga,2223,Augsburg,Mergim Berisha,GER,FW,24.0,23,20,1679,9,4,13,6,0.48,0.21,0.7
GER-Bundesliga,2223,Augsburg,Ruben Vargas,SUI,MF,23.0,23,13,1130,3,4,7,3,0.24,0.32,0.56
GER-Bundesliga,2223,Bayern Munich,Alphonso Davies,CAN,"DF,MF",21.0,26,24,2042,1,4,5,1,0.04,0.18,0.22
GER-Bundesliga,2223,Bayern Munich,Eric Maxim Choupo-Moting,CMR,FW,33.0,19,14,1112,10,2,12,10,0.81,0.16,0.97
GER-Bundesliga,2223,Bayern Munich,Jamal Musiala,GER,MF,19.0,33,26,2198,12,10,22,12,0.49,0.41,0.9
GER-Bundesliga,2223,Bayern Munich,Joshua Kimmich,GER,MF,27.0,33,32,2809,5,6,11,4,0.16,0.19,0.35
GER-Bundesliga,2223,Bayern Munich,João Cancelo,POR,"DF,MF",28.0,15,11,1012,1,4,5,1,0.09,0.36,0.44
GER-Bundesliga,2223,Bayern Munich,Kingsley Coman,FRA,MF,26.0,24,16,1409,8,5,13,8,0.51,0.32,0.83
GER-Bundesliga,2223,Bayern Munich,Leon Goretzka,GER,MF,27.0,27,22,1728,3,2,5,3,0.16,0.1,0.26
GER-Bundesliga,2223,Bayern Munich,Leroy Sané,GER,MF,26.0,32,20,2010,8,7,15,8,0.36,0.31,0.67
GER-Bundesliga,2223,Bayern Munich,Sadio Mané,SEN,"MF,FW",30.0,25,18,1425,7,5,12,6,0.44,0.32,0.76
GER-Bundesliga,2223,Bayern Munich,Serge Gnabry,GER,"MF,FW",27.0,34,22,1941,14,5,19,13,0.65,0.23,0.88
GER-Bundesliga,2223,Bayern Munich,Thomas Müller,GER,"MF,FW",32.0,27,21,1665,7,8,15,7,0.38,0.43,0.81
GER-Bundesliga,2223,Bochum,Anthony Losilla,FRA,MF,36.0,31,31,2720,2,2,4,2,0.07,0.07,0.13
GER-Bundesliga,2223,Bochum,Christopher Antwi-Adjei,GHA,"FW,MF",28.0,29,22,1981,3,6,9,3,0.14,0.27,0.41
GER-Bundesliga,2223,Bochum,Erhan Mašović,SRB,"DF,MF",23.0,29,23,2178,4,0,4,4,0.17,0.0,0.17
GER-Bundesliga,2223,Bochum,Gerrit Holtmann,PHI,"MF,FW",27.0,23,8,945,1,1,2,1,0.1,0.1,0.19
GER-Bundesliga,2223,Bochum,Kevin Stöger,AUT,MF,28.0,32,29,2599,5,3,8,2,0.17,0.1,0.28
GER-Bundesliga,2223,Bochum,Kostas Stafylidis,GRE,"DF,MF",28.0,19,11,1043,0,2,2,0,0.0,0.17,0.17
GER-Bundesliga,2223,Bochum,Patrick Osterhage,GER,MF,22.0,23,11,1029,0,0,0,0,0.0,0.0,0.0
GER-Bundesliga,2223,Bochum,Philipp Förster,GER,MF,27.0,25,15,1309,3,7,10,3,0.21,0.48,0.69
GER-Bundesliga,2223,Bochum,Philipp Hofmann,GER,FW,29.0,34,31,2631,8,2,10,8,0.27,0.07,0.34
GER-Bundesliga,2223,Bochum,Simon Zoller,GER,"FW,MF",31.0,27,19,1457,3,2,5,3,0.19,0.12,0.31
GER-Bundesliga,2223,Bochum,Takuma Asano,JPN,"MF,FW",27.0,25,21,1713,3,3,6,3,0.16,0.16,0.32
GER-Bundesliga,2223,Dortmund,Donyell Malen,NED,"MF,FW",23.0,26,22,1706,9,6,15,9,0.47,0.32,0.79
GER-Bundesliga,2223,Dortmund,Emre Can,GER,MF,28.0,27,20,1900,2,1,3,1,0.09,0.05,0.14
GER-Bundesliga,2223,Dortmund,Jude Bellingham,ENG,MF,19.0,31,30,2691,8,4,12,7,0.27,0.13,0.4
GER-Bundesliga,2223,Dortmund,Julian Brandt,GER,MF,26.0,32,29,2397,9,8,17,9,0.34,0.3,0.64
GER-Bundesliga,2223,Dortmund,Karim Adeyemi,GER,"MF,FW",20.0,24,20,1386,6,5,11,6,0.39,0.32,0.71
GER-Bundesliga,2223,Dortmund,Marco Reus,GER,MF,33.0,25,14,1353,6,4,10,5,0.4,0.27,0.67
GER-Bundesliga,2223,Dortmund,Raphaël Guerreiro,POR,"DF,MF",28.0,27,26,2290,4,12,16,4,0.16,0.47,0.63
GER-Bundesliga,2223,Dortmund,Salih Özcan,TUR,MF,24.0,26,17,1576,0,1,1,0,0.0,0.06,0.06
GER-Bundesliga,2223,Dortmund,Sébastien Haller,CIV,FW,28.0,19,15,1225,9,3,12,9,0.66,0.22,0.88
GER-Bundesliga,2223,Dortmund,Youssoufa Moukoko,GER,FW,17.0,26,11,1141,7,3,10,7,0.55,0.24,0.79
GER-Bundesliga,2223,Frankfurt,Ansgar Knauff,GER,MF,20.0,24,14,1286,1,1,2,1,0.07,0.07,0.14
GER-Bundesliga,2223,Frankfurt,Aurélio Buta,POR,MF,25.0,18,15,1318,3,2,5,3,0.2,0.14,0.34
GER-Bundesliga,2223,Frankfurt,Christopher Lenz,GER,"MF,DF",27.0,24,13,1290,0,2,2,0,0.0,0.14,0.14
GER-Bundesliga,2223,Frankfurt,Daichi Kamada,JPN,MF,25.0,32,25,2265,9,6,15,6,0.36,0.24,0.6
GER-Bundesliga,2223,Frankfurt,Djibril Sow,SUI,MF,25.0,32,30,2646,4,0,4,4,0.14,0.0,0.14
GER-Bundesliga,2223,Frankfurt,Jesper Lindstrøm,DEN,MF,22.0,27,22,1679,7,2,9,7,0.38,0.11,0.48
GER-Bundesliga,2223,Frankfurt,Junior Dina Ebimbe,CMR,MF,21.0,19,10,1063,3,1,4,3,0.25,0.08,0.34
GER-Bundesliga,2223,Frankfurt,Kristijan Jakić,CRO,"DF,MF",25.0,24,17,1460,1,0,1,1,0.06,0.0,0.06
GER-Bundesliga,2223,Frankfurt,Mario Götze,GER,MF,30.0,32,32,2740,3,1,4,3,0.1,0.03,0.13
GER-Bundesliga,2223,Frankfurt,Rafael Borré,COL,"MF,FW",26.0,32,10,1078,2,2,4,1,0.17,0.17,0.33
GER-Bundesliga,2223,Frankfurt,Randal Kolo Muani,FRA,FW,23.0,32,31,2631,15,11,26,13,0.51,0.38,0.89
GER-Bundesliga,2223,Frankfurt,Sebastian Rode,GER,MF,31.0,27,19,1414,4,1,5,4,0.25,0.06,0.32
GER-Bundesliga,2223,Freiburg,Christian Günter,GER,"DF,MF",29.0,33,31,2748,1,4,5,1,0.03,0.13,0.16
GER-Bundesliga,2223,Freiburg,Kiliann Sildillia,FRA,"DF,MF",20.0,27,23,1977,0,2,2,0,0.0,0.09,0.09
GER-Bundesliga,2223,Freiburg,Lucas Höler,GER,"FW,MF",28.0,26,16,1503,5,2,7,5,0.3,0.12,0.42
GER-Bundesliga,2223,Freiburg,Lukas Kübler,GER,"DF,MF",29.0,22,19,1639,2,1,3,2,0.11,0.05,0.16
GER-Bundesliga,2223,Freiburg,Maximilian Eggestein,GER,MF,25.0,31,27,2451,1,2,3,1,0.04,0.07,0.11
GER-Bundesliga,2223,Freiburg,Michael Gregoritsch,AUT,FW,28.0,30,27,2150,10,4,14,10,0.42,0.17,0.59
GER-Bundesliga,2223,Freiburg,Nicolas Höfler,GER,MF,32.0,32,32,2816,0,1,1,0,0.0,0.03,0.03
GER-Bundesliga,2223,Freiburg,Ritsu Doan,JPN,"MF,FW",24.0,33,30,2424,5,4,9,5,0.19,0.15,0.33
GER-Bundesliga,2223,Freiburg,Roland Sallai,HUN,"MF,FW",25.0,19,10,1002,1,3,4,1,0.09,0.27,0.36
GER-Bundesliga,2223,Freiburg,Vincenzo Grifo,ITA,"MF,FW",29.0,33,30,2408,15,5,20,8,0.56,0.19,0.75
GER-Bundesliga,2223,Gladbach,Alassane Pléa,FRA,"MF,FW",29.0,29,20,1774,2,9,11,1,0.1,0.46,0.56
GER-Bundesliga,2223,Gladbach,Christoph Kramer,GER,MF,31.0,29,27,2222,0,0,0,0,0.0,0.0,0.0
GER-Bundesliga,2223,Gladbach,Florian Neuhaus,GER,MF,25.0,23,16,1405,1,0,1,1,0.06,0.0,0.06
GER-Bundesliga,2223,Gladbach,Jonas Hofmann,GER,MF,30.0,31,30,2680,12,9,21,12,0.4,0.3,0.71
GER-Bundesliga,2223,Gladbach,Julian Weigl,GER,MF,26.0,23,21,1894,1,0,1,0,0.05,0.0,0.05
GER-Bundesliga,2223,Gladbach,Lars Stindl,GER,MF,33.0,29,20,1734,8,7,15,8,0.42,0.36,0.78
GER-Bundesliga,2223,Gladbach,Manu Koné,FRA,MF,21.0,30,30,2608,1,1,2,1,0.03,0.03,0.07
GER-Bundesliga,2223,Gladbach,Marcus Thuram,FRA,FW,24.0,30,28,2513,13,6,19,13,0.47,0.21,0.68
GER-Bundesliga,2223,Hertha BSC,Dodi Lukebakio,BEL,"FW,MF",24.0,32,27,2397,11,3,14,6,0.41,0.11,0.53
GER-Bundesliga,2223,Hertha BSC,Ivan Šunjić,BIH,MF,25.0,18,12,993,0,0,0,0,0.0,0.0,0.0
GER-Bundesliga,2223,Hertha BSC,Jean-Paul Boëtius,SUR,MF,28.0,21,10,1050,0,0,0,0,0.0,0.0,0.0
GER-Bundesliga,2223,Hertha BSC,Lucas Tousart,FRA,MF,25.0,33,33,2944,5,2,7,5,0.15,0.06,0.21
GER-Bundesliga,2223,Hertha BSC,Marco Richter,GER,"MF,FW",24.0,29,21,1836,6,5,11,6,0.29,0.25,0.54
GER-Bundesliga,2223,Hertha BSC,Marvin Plattenhardt,GER,"DF,MF",30.0,31,29,2402,0,2,2,0,0.0,0.07,0.07
GER-Bundesliga,2223,Hertha BSC,Márton Dárdai,HUN,"DF,MF",20.0,17,11,947,1,0,1,1,0.1,0.0,0.1
GER-Bundesliga,2223,Hertha BSC,Suat Serdar,GER,MF,25.0,32,24,2021,4,2,6,4,0.18,0.09,0.27
GER-Bundesliga,2223,Hertha BSC,Wilfried Kanga,CIV,FW,24.0,23,15,1417,2,0,2,2,0.13,0.0,0.13
GER-Bundesliga,2223,Hoffenheim,Andrej Kramarić,CRO,"MF,FW",31.0,32,26,2386,12,4,16,8,0.45,0.15,0.6
GER-Bundesliga,2223,Hoffenheim,Angeliño,ESP,MF,25.0,33,30,2617,0,8,8,0,0.0,0.28,0.28
GER-Bundesliga,2223,Hoffenheim,Christoph Baumgartner,AUT,"MF,FW",22.0,33,33,2567,7,3,10,7,0.25,0.11,0.35
GER-Bundesliga,2223,Hoffenheim,Dennis Geiger,GER,MF,24.0,27,27,1952,1,3,4,1,0.05,0.14,0.18
GER-Bundesliga,2223,Hoffenheim,Georginio Rutter,FRA,FW,20.0,15,11,1009,2,2,4,2,0.18,0.18,0.36
GER-Bundesliga,2223,Hoffenheim,Grischa Prömel,GER,MF,27.0,18,17,1454,1,1,2,1,0.06,0.06,0.12
GER-Bundesliga,2223,Hoffenheim,Ihlas Bebou,TOG,"FW,MF",28.0,19,17,1416,7,0,7,6,0.44,0.0,0.44
GER-Bundesliga,2223,Hoffenheim,Moanes Dabbur,ISR,FW,30.0,21,8,933,6,2,8,6,0.58,0.19,0.77
GER-Bundesliga,2223,Hoffenheim,Pavel Kadeřábek,CZE,MF,30.0,26,17,1665,1,1,2,1,0.05,0.05,0.11
GER-Bundesliga,2223,Hoffenheim,Robert Skov,DEN,MF,26.0,23,16,1349,3,2,5,1,0.2,0.13,0.33
GER-Bundesliga,2223,Köln,Dejan Ljubičić,AUT,MF,24.0,27,20,1710,5,1,6,4,0.26,0.05,0.32
GER-Bundesliga,2223,Köln,Ellyes Skhiri,TUN,MF,27.0,32,32,2856,7,1,8,7,0.22,0.03,0.25
GER-Bundesliga,2223,Köln,Eric Martel,GER,MF,20.0,29,23,2019,1,1,2,1,0.04,0.04,0.09
GER-Bundesliga,2223,Köln,Florian Kainz,AUT,MF,29.0,32,31,2344,6,10,16,3,0.23,0.38,0.61
GER-Bundesliga,2223,Köln,Kingsley Schindler,GHA,"MF,DF",29.0,29,8,1088,0,1,1,0,0.0,0.08,0.08
GER-Bundesliga,2223,Köln,Linton Maina,GER,"MF,FW",23.0,33,27,2239,3,7,10,3,0.12,0.28,0.4
GER-Bundesliga,2223,Köln,Steffen Tigges,GER,FW,24.0,30,17,1596,6,1,7,6,0.34,0.06,0.39
GER-Bundesliga,2223,Leverkusen,Adam Hložek,CZE,"FW,MF",20.0,29,16,1286,5,3,8,5,0.35,0.21,0.56
GER-Bundesliga,2223,Leverkusen,Amine Adli,MAR,"FW,MF",22.0,26,16,1435,5,3,8,5,0.31,0.19,0.5
GER-Bundesliga,2223,Leverkusen,Exequiel Palacios,ARG,MF,23.0,25,19,1654,4,2,6,1,0.22,0.11,0.33
GER-Bundesliga,2223,Leverkusen,Florian Wirtz,GER,"FW,MF",19.0,17,11,1090,1,6,7,1,0.08,0.5,0.58
GER-Bundesliga,2223,Leverkusen,Jeremie Frimpong,NED,"MF,DF",21.0,34,32,2708,8,7,15,8,0.27,0.23,0.5
GER-Bundesliga,2223,Leverkusen,Kerem Demirbay,GER,MF,29.0,25,17,1544,4,3,7,4,0.23,0.17,0.41
GER-Bundesliga,2223,Leverkusen,Mitchel Bakker,NED,"MF,DF",22.0,28,19,1659,3,2,5,3,0.16,0.11,0.27
GER-Bundesliga,2223,Leverkusen,Moussa Diaby,FRA,"FW,MF",23.0,33,33,2699,9,8,17,9,0.3,0.27,0.57
GER-Bundesliga,2223,Leverkusen,Nadiem Amiri,GER,"MF,FW",25.0,25,9,977,4,1,5,3,0.37,0.09,0.46
GER-Bundesliga,2223,Leverkusen,Patrik Schick,CZE,FW,26.0,14,10,941,3,1,4,3,0.29,0.1,0.38
GER-Bundesliga,2223,Leverkusen,Piero Hincapié,ECU,"DF,MF",20.0,30,27,2457,1,1,2,1,0.04,0.04,0.07
GER-Bundesliga,2223,Leverkusen,Robert Andrich,GER,MF,27.0,29,28,2406,2,2,4,2,0.07,0.07,0.15
GER-Bundesliga,2223,Leverkusen,Sardar Azmoun,IRN,"FW,MF",27.0,23,8,927,4,1,5,4,0.39,0.1,0.49
GER-Bundesliga,2223,Mainz 05,Aarón Martín,ESP,"MF,DF",25.0,28,20,1847,5,3,8,5,0.24,0.15,0.39
GER-Bundesliga,2223,Mainz 05,Anthony Caci,FRA,"MF,DF",25.0,31,23,2033,2,1,3,2,0.09,0.04,0.13
GER-Bundesliga,2223,Mainz 05,Anton Stach,GER,MF,23.0,30,22,2070,1,4,5,1,0.04,0.17,0.22
GER-Bundesliga,2223,Mainz 05,Danny da Costa,GER,MF,29.0,23,14,1236,0,2,2,0,0.0,0.15,0.15
GER-Bundesliga,2223,Mainz 05,Dominik Kohr,GER,MF,28.0,30,27,2292,3,0,3,3,0.12,0.0,0.12
GER-Bundesliga,2223,Mainz 05,Karim Onisiwo,AUT,"FW,MF",30.0,31,28,2539,10,2,12,10,0.35,0.07,0.43
GER-Bundesliga,2223,Mainz 05,Leandro Barreiro Martins,LUX,MF,22.0,31,25,2141,4,3,7,4,0.17,0.13,0.29
GER-Bundesliga,2223,Mainz 05,Lee Jae-sung,KOR,MF,29.0,34,24,1894,7,5,12,7,0.33,0.24,0.57
GER-Bundesliga,2223,Mainz 05,Ludovic Ajorque,FRA,"FW,MF",28.0,17,15,1211,6,1,7,6,0.45,0.07,0.52
GER-Bundesliga,2223,Mainz 05,Marcus Ingvartsen,DEN,"MF,FW",26.0,28,16,1314,10,0,10,6,0.68,0.0,0.68
GER-Bundesliga,2223,Mainz 05,Silvan Widmer,SUI,"MF,DF",29.0,26,19,1688,2,2,4,2,0.11,0.11,0.21
GER-Bundesliga,2223,RB Leipzig,Amadou Haidara,MLI,MF,24.0,31,15,1430,2,1,3,2,0.13,0.06,0.19
GER-Bundesliga,2223,RB Leipzig,André Silva,POR,FW,26.0,31,20,1738,4,3,7,4,0.21,0.16,0.36
GER-Bundesliga,2223,RB Leipzig,Benjamin Henrichs,GER,"DF,MF",25.0,30,23,2188,2,2,4,2,0.08,0.08,0.16
GER-Bundesliga,2223,RB Leipzig,Christopher Nkunku,FRA,"FW,MF",24.0,25,20,1897,16,4,20,13,0.76,0.19,0.95
GER-Bundesliga,2223,RB Leipzig,Dani Olmo,ESP,MF,24.0,23,15,1282,2,5,7,2,0.14,0.35,0.49
GER-Bundesliga,2223,RB Leipzig,David Raum,GER,"MF,DF",24.0,28,19,1685,0,2,2,0,0.0,0.11,0.11
GER-Bundesliga,2223,RB Leipzig,Dominik Szoboszlai,HUN,"MF,FW",21.0,31,28,2444,6,8,14,5,0.22,0.29,0.52
GER-Bundesliga,2223,RB Leipzig,Emil Forsberg,SWE,"MF,FW",30.0,30,16,1482,6,4,10,4,0.36,0.24,0.61
GER-Bundesliga,2223,RB Leipzig,Kevin Kampl,SVN,MF,31.0,30,16,1372,2,2,4,2,0.13,0.13,0.26
GER-Bundesliga,2223,RB Leipzig,Konrad Laimer,AUT,MF,25.0,21,17,1468,3,0,3,3,0.18,0.0,0.18
GER-Bundesliga,2223,RB Leipzig,Marcel Halstenberg,GER,"DF,MF",30.0,31,17,1557,1,1,2,1,0.06,0.06,0.12
GER-Bundesliga,2223,RB Leipzig,Timo Werner,GER,"FW,MF",26.0,27,23,1937,9,3,12,9,0.42,0.14,0.56
GER-Bundesliga,2223,RB Leipzig,Xaver Schlager,AUT,MF,24.0,22,16,1506,1,1,2,1,0.06,0.06,0.12
GER-Bundesliga,2223,Schalke 04,Alex Král,CZE,MF,24.0,29,26,2357,0,0,0,0,0.0,0.0,0.0
GER-Bundesliga,2223,Schalke 04,Dominick Drexler,GER,MF,32.0,27,16,1366,4,3,7,4,0.26,0.2,0.46
GER-Bundesliga,2223,Schalke 04,Kenan Karaman,TUR,"MF,FW",28.0,21,10,976,1,2,3,1,0.09,0.18,0.28
GER-Bundesliga,2223,Schalke 04,Marius Bülter,GER,"MF,FW",29.0,33,30,2598,11,1,12,7,0.38,0.03,0.42
GER-Bundesliga,2223,Schalke 04,Rodrigo Zalazar,URU,"MF,FW",22.0,22,15,1321,1,6,7,1,0.07,0.41,0.48
GER-Bundesliga,2223,Schalke 04,Simon Terodde,GER,FW,34.0,32,21,1823,5,0,5,5,0.25,0.0,0.25
GER-Bundesliga,2223,Schalke 04,Thomas Ouwejan,NED,"DF,MF",25.0,17,10,903,0,1,1,0,0.0,0.1,0.1
GER-Bundesliga,2223,Schalke 04,Tom Krauß,GER,MF,21.0,32,31,2514,2,0,2,2,0.07,0.0,0.07
GER-Bundesliga,2223,Stuttgart,Atakan Karazor,TUR,MF,25.0,29,22,1962,0,1,1,0,0.0,0.05,0.05
GER-Bundesliga,2223,Stuttgart,Borna Sosa,CRO,"MF,DF",24.0,25,22,1955,2,7,9,2,0.09,0.32,0.41
GER-Bundesliga,2223,Stuttgart,Chris Führich,GER,"MF,FW",24.0,33,21,1884,5,2,7,4,0.24,0.1,0.33
GER-Bundesliga,2223,Stuttgart,Josha Vagnoman,GER,"MF,DF",21.0,23,16,1479,2,2,4,2,0.12,0.12,0.24
GER-Bundesliga,2223,Stuttgart,Naouirou Ahamada,FRA,MF,20.0,17,17,1398,2,2,4,2,0.13,0.13,0.26
GER-Bundesliga,2223,Stuttgart,Serhou Guirassy,GUI,FW,26.0,22,20,1646,11,0,11,9,0.6,0.0,0.6
GER-Bundesliga,2223,Stuttgart,Silas Katompa,COD,"FW,MF",23.0,30,23,1992,5,2,7,4,0.23,0.09,0.32
GER-Bundesliga,2223,Stuttgart,Tiago Tomás,POR,"FW,MF",20.0,27,16,1291,3,3,6,3,0.21,0.21,0.42
GER-Bundesliga,2223,Stuttgart,Wataru Endo,JPN,MF,29.0,33,33,2922,5,4,9,5,0.15,0.12,0.28
GER-Bundesliga,2223,Union Berlin,Christopher Trimmel,AUT,MF,35.0,25,20,1811,0,6,6,0,0.0,0.3,0.3
GER-Bundesliga,2223,Union Berlin,Janik Haberer,GER,MF,28.0,32,30,2187,5,1,6,5,0.21,0.04,0.25
GER-Bundesliga,2223,Union Berlin,Jordan Pefok,USA,FW,26.0,31,16,1358,4,4,8,4,0.27,0.27,0.53
GER-Bundesliga,2223,Union Berlin,Josip Juranović,CRO,MF,26.0,12,10,935,2,1,3,1,0.19,0.1,0.29
GER-Bundesliga,2223,Union Berlin,Julian Ryerson,NOR,MF,24.0,13,12,1037,0,0,0,0,0.0,0.0,0.0
GER-Bundesliga,2223,Union Berlin,Jérôme Roussillon,GLP,MF,29.0,16,11,957,0,2,2,0,0.0,0.19,0.19
GER-Bundesliga,2223,Union Berlin,Kevin Behrens,GER,FW,31.0,33,17,1535,8,1,9,8,0.47,0.06,0.53
GER-Bundesliga,2223,Union Berlin,Niko Gießelmann,GER,MF,30.0,26,14,1302,0,2,2,0,0.0,0.14,0.14
GER-Bundesliga,2223,Union Berlin,Rani Khedira,TUN,MF,28.0,33,33,2882,2,0,2,2,0.06,0.0,0.06
GER-Bundesliga,2223,Union Berlin,Sheraldo Becker,SUR,FW,27.0,34,33,2554,11,7,18,11,0.39,0.25,0.63
GER-Bundesliga,2223,Werder Bremen,Anthony Jung,GER,MF,30.0,34,32,2617,2,5,7,2,0.07,0.17,0.24
GER-Bundesliga,2223,Werder Bremen,Christian Groß,GER,MF,33.0,26,23,1886,1,1,2,1,0.05,0.05,0.1
GER-Bundesliga,2223,Werder Bremen,Ilia Gruev,BUL,MF,22.0,31,18,1584,0,0,0,0,0.0,0.0,0.0
GER-Bundesliga,2223,Werder Bremen,Jens Stage,DEN,MF,25.0,32,21,1855,3,3,6,3,0.15,0.15,0.29
GER-Bundesliga,2223,Werder Bremen,Leonardo Bittencourt,GER,MF,28.0,25,22,1629,3,2,5,3,0.17,0.11,0.28
GER-Bundesliga,2223,Werder Bremen,Marvin Ducksch,GER,FW,28.0,34,34,2852,12,6,18,12,0.38,0.19,0.57
GER-Bundesliga,2223,Werder Bremen,Mitchell Weiser,GER,MF,28.0,30,29,2516,2,9,11,2,0.07,0.32,0.39
GER-Bundesliga,2223,Werder Bremen,Niclas Füllkrug,GER,FW,29.0,28,28,2477,16,5,21,11,0.58,0.18,0.76
GER-Bundesliga,2223,Werder Bremen,Niklas Schmidt,GER,MF,24.0,24,11,1087,3,0,3,3,0.25,0.0,0.25
GER-Bundesliga,2223,Werder Bremen,Romano Schmid,AUT,"MF,FW",22.0,27,15,1520,1,3,4,1,0.06,0.18,0.24
GER-Bundesliga,2223,Wolfsburg,Felix Nmecha,GER,MF,21.0,30,19,1836,3,5,8,3,0.15,0.25,0.39
GER-Bundesliga,2223,Wolfsburg,Jakub Kamiński,POL,"MF,FW",20.0,31,25,2058,4,2,6,4,0.17,0.09,0.26
GER-Bundesliga,2223,Wolfsburg,Jonas Wind,DEN,FW,23.0,24,15,1291,6,0,6,6,0.42,0.0,0.42
GER-Bundesliga,2223,Wolfsburg,Josuha Guilavogui,FRA,"DF,MF",31.0,23,11,1180,1,0,1,1,0.08,0.0,0.08
GER-Bundesliga,2223,Wolfsburg,Mattias Svanberg,SWE,MF,23.0,32,21,1835,4,6,10,4,0.2,0.29,0.49
GER-Bundesliga,2223,Wolfsburg,Maximilian Arnold,GER,MF,28.0,32,32,2767,5,3,8,2,0.16,0.1,0.26
GER-Bundesliga,2223,Wolfsburg,Omar Marmoush,EGY,"FW,MF",23.0,33,15,1476,5,1,6,5,0.3,0.06,0.37
GER-Bundesliga,2223,Wolfsburg,Patrick Wimmer,AUT,"MF,FW",21.0,26,23,1648,4,8,12,4,0.22,0.44,0.66
GER-Bundesliga,2223,Wolfsburg,Ridle Baku,GER,"DF,MF",24.0,33,29,2580,5,3,8,5,0.17,0.1,0.28
GER-Bundesliga,2223,Wolfsburg,Yannick Gerhardt,GER,MF,28.0,29,22,1866,6,4,10,6,0.29,0.19,0.48
GER-Bundesliga,2324,Augsburg,Arne Engels,BEL,"MF,DF",19.0,32,13,1405,3,2,5,3,0.19,0.13,0.32
GER-Bundesliga,2324,Augsburg,Arne Maier,GER,"MF,FW",24.0,22,10,1003,2,4,6,2,0.18,0.36,0.54
GER-Bundesliga,2324,Augsburg,Elvis Rexhbeçaj,KVX,MF,25.0,25,24,1985,2,0,2,1,0.09,0.0,0.09
GER-Bundesliga,2324,Augsburg,Ermedin Demirović,BIH,"FW,MF",25.0,33,33,2873,15,9,24,12,0.47,0.28,0.75
GER-Bundesliga,2324,Augsburg,Fredrik Jensen,FIN,MF,25.0,22,18,1338,2,4,6,2,0.13,0.27,0.4
GER-Bundesliga,2324,Augsburg,Iago,BRA,"DF,MF",26.0,23,18,1622,1,1,2,1,0.06,0.06,0.11
GER-Bundesliga,2324,Augsburg,Kevin Mbabu,SUI,"DF,MF",28.0,25,22,2047,0,2,2,0,0.0,0.09,0.09
GER-Bundesliga,2324,Augsburg,Kristijan Jakić,CRO,MF,26.0,14,13,1051,2,1,3,2,0.17,0.09,0.26
GER-Bundesliga,2324,Augsburg,Mads Pedersen,DEN,"DF,MF",26.0,27,19,1786,1,1,2,1,0.05,0.05,0.1
GER-Bundesliga,2324,Augsburg,Niklas Dorsch,GER,MF,25.0,21,16,1386,0,0,0,0,0.0,0.0,0.0
GER-Bundesliga,2324,Augsburg,Phillip Tietz,GER,FW,26.0,34,31,2382,8,4,12,8,0.3,0.15,0.45
GER-Bundesliga,2324,Augsburg,Ruben Vargas,SUI,"MF,FW",24.0,31,25,1962,4,5,9,4,0.18,0.23,0.41
GER-Bundesliga,2324,Bayern Munich,Aleksandar Pavlovic,GER,MF,19.0,19,14,1227,2,2,4,2,0.15,0.15,0.29
GER-Bundesliga,2324,Bayern Munich,Harry Kane,ENG,FW,30.0,32,32,2839,36,8,44,31,1.14,0.25,1.39
GER-Bundesliga,2324,Bayern Munich,Jamal Musiala,GER,MF,20.0,24,20,1755,10,5,15,10,0.51,0.26,0.77
GER-Bundesliga,2324,Bayern Munich,Joshua Kimmich,GER,"MF,DF",28.0,28,27,2176,1,6,7,1,0.04,0.25,0.29
GER-Bundesliga,2324,Bayern Munich,Kingsley Coman,FRA,MF,27.0,17,15,1113,3,3,6,3,0.24,0.24,0.49
GER-Bundesliga,2324,Bayern Munich,Konrad Laimer,AUT,"MF,DF",26.0,29,18,1772,0,3,3,0,0.0,0.15,0.15
GER-Bundesliga,2324,Bayern Munich,Leon Goretzka,GER,MF,28.0,30,25,2241,6,7,13,6,0.24,0.28,0.52
GER-Bundesliga,2324,Bayern Munich,Leroy Sané,GER,MF,27.0,27,25,2137,8,11,19,8,0.34,0.46,0.8
GER-Bundesliga,2324,Bayern Munich,Mathys Tel,FRA,"MF,FW",18.0,30,6,1050,7,5,12,7,0.6,0.43,1.03
GER-Bundesliga,2324,Bayern Munich,Raphaël Guerreiro,POR,"MF,DF",29.0,20,13,1191,3,0,3,3,0.23,0.0,0.23
GER-Bundesliga,2324,Bayern Munich,Thomas Müller,GER,MF,33.0,31,20,1654,5,9,14,5,0.27,0.49,0.76
GER-Bundesliga,2324,Bochum,Anthony Losilla,FRA,MF,37.0,31,31,2576,1,2,3,1,0.03,0.07,0.1
GER-Bundesliga,2324,Bochum,Christopher Antwi-Adjei,GHA,"FW,MF",29.0,25,11,1216,2,2,4,2,0.15,0.15,0.3
GER-Bundesliga,2324,Bochum,Cristian Gamboa,CRC,"DF,MF",33.0,22,12,1187,0,1,1,0,0.0,0.08,0.08
GER-Bundesliga,2324,Bochum,Erhan Mašović,SRB,"DF,MF",24.0,29,24,2219,0,0,0,0,0.0,0.0,0.0
GER-Bundesliga,2324,Bochum,Felix Passlack,GER,"DF,MF",25.0,15,13,960,2,2,4,2,0.19,0.19,0.37
GER-Bundesliga,2324,Bochum,Kevin Stöger,AUT,MF,29.0,32,32,2668,7,10,17,3,0.24,0.34,0.57
GER-Bundesliga,2324,Bochum,Matúš Bero,SVK,"MF,FW",27.0,24,20,1661,1,1,2,1,0.05,0.05,0.11
GER-Bundesliga,2324,Bochum,Maximilian Wittek,GER,"MF,DF",27.0,21,13,1070,3,1,4,3,0.25,0.08,0.34
GER-Bundesliga,2324,Bochum,Moritz Broschinski,GER,"FW,MF",22.0,26,14,1247,2,3,5,2,0.14,0.22,0.36
GER-Bundesliga,2324,Bochum,Patrick Osterhage,GER,MF,23.0,24,21,1861,2,1,3,2,0.1,0.05,0.15
GER-Bundesliga,2324,Bochum,Philipp Hofmann,GER,FW,30.0,29,18,1571,4,2,6,4,0.23,0.11,0.34
GER-Bundesliga,2324,Bochum,Takuma Asano,JPN,"FW,MF",28.0,29,26,1986,6,1,7,6,0.27,0.05,0.32
GER-Bundesliga,2324,Darmstadt 98,Bartol Franjić,CRO,MF,23.0,20,14,1229,0,1,1,0,0.0,0.07,0.07
GER-Bundesliga,2324,Darmstadt 98,Emir Karic,BIH,"MF,DF",26.0,27,18,1783,0,0,0,0,0.0,0.0,0.0
GER-Bundesliga,2324,Darmstadt 98,Fabian Holland,GER,"MF,DF",33.0,23,23,1835,0,2,2,0,0.0,0.1,0.1
GER-Bundesliga,2324,Darmstadt 98,Fabian Nürnberger,BUL,MF,24.0,21,17,1513,1,1,2,1,0.06,0.06,0.12
GER-Bundesliga,2324,Darmstadt 98,Julian Justvan,GER,MF,25.0,14,11,1023,2,2,4,2,0.18,0.18,0.35
GER-Bundesliga,2324,Darmstadt 98,Klaus Gjasula,ALB,"DF,MF",33.0,22,17,1363,0,0,0,0,0.0,0.0,0.0
GER-Bundesliga,2324,Darmstadt 98,Luca Pfeiffer,GER,"FW,MF",26.0,24,20,1619,1,4,5,1,0.06,0.22,0.28
GER-Bundesliga,2324,Darmstadt 98,Marvin Mehlem,GER,MF,25.0,20,19,1482,3,2,5,3,0.18,0.12,0.3
GER-Bundesliga,2324,Darmstadt 98,Mathias Honsak,AUT,"MF,FW",26.0,23,10,1021,1,1,2,1,0.09,0.09,0.18
GER-Bundesliga,2324,Darmstadt 98,Matthias Bader,GER,"MF,DF",26.0,24,21,1802,1,2,3,1,0.05,0.1,0.15
GER-Bundesliga,2324,Darmstadt 98,Oscar Vilhelmsson,SWE,FW,19.0,26,16,1374,4,1,5,4,0.26,0.07,0.33
GER-Bundesliga,2324,Darmstadt 98,Tim Skarke,GER,"FW,MF",26.0,30,29,2404,8,0,8,8,0.3,0.0,0.3
GER-Bundesliga,2324,Darmstadt 98,Tobias Kempe,GER,MF,34.0,24,15,1350,3,2,5,0,0.2,0.13,0.33
GER-Bundesliga,2324,Dortmund,Donyell Malen,NED,"MF,FW",24.0,27,21,1781,13,1,14,13,0.66,0.05,0.71
GER-Bundesliga,2324,Dortmund,Emre Can,GER,MF,29.0,25,22,1953,2,2,4,0,0.09,0.09,0.18
GER-Bundesliga,2324,Dortmund,Felix Nmecha,GER,MF,22.0,20,10,1021,1,2,3,1,0.09,0.18,0.26
GER-Bundesliga,2324,Dortmund,Jadon Sancho,ENG,"MF,FW",23.0,14,11,947,2,2,4,2,0.19,0.19,0.38
GER-Bundesliga,2324,Dortmund,Jamie Gittens,ENG,"MF,FW",18.0,25,14,1058,1,4,5,1,0.09,0.34,0.43
GER-Bundesliga,2324,Dortmund,Julian Brandt,GER,MF,27.0,32,26,2223,7,11,18,7,0.28,0.45,0.73
GER-Bundesliga,2324,Dortmund,Karim Adeyemi,GER,"FW,MF",21.0,21,10,913,3,1,4,3,0.3,0.1,0.39
GER-Bundesliga,2324,Dortmund,Marcel Sabitzer,AUT,MF,29.0,25,23,1961,4,3,7,3,0.18,0.14,0.32
GER-Bundesliga,2324,Dortmund,Marco Reus,GER,MF,34.0,26,18,1601,6,8,14,6,0.34,0.45,0.79
GER-Bundesliga,2324,Dortmund,Niclas Füllkrug,GER,FW,30.0,29,27,2212,12,8,20,9,0.49,0.33,0.81
GER-Bundesliga,2324,Dortmund,Salih Özcan,TUR,MF,25.0,23,13,1184,0,0,0,0,0.0,0.0,0.0
GER-Bundesliga,2324,Frankfurt,Ansgar Knauff,GER,"MF,FW",21.0,31,24,2109,7,2,9,7,0.3,0.09,0.38
GER-Bundesliga,2324,Frankfurt,Aurélio Buta,POR,"MF,DF",26.0,30,20,1744,1,1,2,1,0.05,0.05,0.1
GER-Bundesliga,2324,Frankfurt,Ellyes Skhiri,TUN,MF,28.0,27,24,2168,2,2,4,2,0.08,0.08,0.17
GER-Bundesliga,2324,Frankfurt,Fares Chaïbi,ALG,"MF,FW",20.0,28,21,1912,2,4,6,2,0.09,0.19,0.28
GER-Bundesliga,2324,Frankfurt,Hugo Larsson,SWE,MF,19.0,29,21,1886,2,1,3,2,0.1,0.05,0.14
GER-Bundesliga,2324,Frankfurt,Junior Dina Ebimbe,CMR,MF,22.0,31,25,1956,5,3,8,5,0.23,0.14,0.37
GER-Bundesliga,2324,Frankfurt,Mario Götze,GER,MF,31.0,30,23,2068,3,2,5,3,0.13,0.09,0.22
GER-Bundesliga,2324,Frankfurt,Niels Nkounkou,FRA,"MF,DF",22.0,29,13,1309,3,2,5,3,0.21,0.14,0.34
GER-Bundesliga,2324,Frankfurt,Omar Marmoush,EGY,"FW,MF",24.0,29,27,2301,12,6,18,10,0.47,0.23,0.7
GER-Bundesliga,2324,Frankfurt,Philipp Max,GER,"MF,DF",29.0,23,17,1350,1,2,3,1,0.07,0.13,0.2
GER-Bundesliga,2324,Frankfurt,Tuta,BRA,"DF,MF",24.0,30,30,2600,1,2,3,1,0.03,0.07,0.1
GER-Bundesliga,2324,Freiburg,Christian Günter,GER,"MF,DF",30.0,15,13,1060,1,2,3,1,0.08,0.17,0.25
GER-Bundesliga,2324,Freiburg,Jordy Makengo,FRA,"DF,MF",21.0,20,10,1026,0,0,0,0,0.0,0.0,0.0
GER-Bundesliga,2324,Freiburg,Lucas Höler,GER,"FW,MF",29.0,33,26,2305,7,2,9,6,0.27,0.08,0.35
GER-Bundesliga,2324,Freiburg,Maximilian Eggestein,GER,MF,26.0,33,33,2914,1,2,3,1,0.03,0.06,0.09
GER-Bundesliga,2324,Freiburg,Merlin Röhl,GER,"MF,FW",21.0,24,17,1477,2,4,6,2,0.12,0.24,0.37
GER-Bundesliga,2324,Freiburg,Michael Gregoritsch,AUT,FW,29.0,32,19,1682,7,4,11,7,0.37,0.21,0.59
GER-Bundesliga,2324,Freiburg,Nicolas Höfler,GER,MF,33.0,28,26,2330,1,1,2,1,0.04,0.04,0.08
GER-Bundesliga,2324,Freiburg,Ritsu Doan,JPN,MF,25.0,30,26,2246,7,2,9,7,0.28,0.08,0.36
GER-Bundesliga,2324,Freiburg,Roland Sallai,HUN,"MF,FW",26.0,27,22,1840,3,2,5,3,0.15,0.1,0.24
GER-Bundesliga,2324,Freiburg,Vincenzo Grifo,ITA,MF,30.0,32,29,2325,8,8,16,2,0.31,0.31,0.62
GER-Bundesliga,2324,Freiburg,Yannik Keitel,GER,"DF,MF",23.0,15,11,920,1,0,1,1,0.1,0.0,0.1
GER-Bundesliga,2324,Gladbach,Alassane Pléa,FRA,"FW,MF",30.0,27,24,1913,7,4,11,6,0.33,0.19,0.52
GER-Bundesliga,2324,Gladbach,Florian Neuhaus,GER,MF,26.0,25,15,1224,4,2,6,3,0.29,0.15,0.44
GER-Bundesliga,2324,Gladbach,Franck Honorat,FRA,"MF,FW",26.0,32,28,2345,3,9,12,3,0.12,0.35,0.46
GER-Bundesliga,2324,Gladbach,Joe Scally,USA,"DF,MF",20.0,31,25,2236,1,4,5,1,0.04,0.16,0.2
GER-Bundesliga,2324,Gladbach,Jordan Pefok,USA,FW,27.0,25,18,1420,5,3,8,5,0.32,0.19,0.51
GER-Bundesliga,2324,Gladbach,Julian Weigl,GER,MF,27.0,31,31,2764,2,3,5,0,0.07,0.1,0.16
GER-Bundesliga,2324,Gladbach,Ko Itakura,JPN,"DF,MF",26.0,20,18,1596,3,0,3,3,0.17,0.0,0.17
GER-Bundesliga,2324,Gladbach,Luca Netz,GER,"MF,DF",20.0,30,25,2225,0,4,4,0,0.0,0.16,0.16
GER-Bundesliga,2324,Gladbach,Manu Koné,FRA,MF,22.0,22,18,1561,1,0,1,1,0.06,0.0,0.06
GER-Bundesliga,2324,Gladbach,Nathan N'Goumou,CMR,"MF,FW",23.0,32,14,1385,5,2,7,5,0.32,0.13,0.45
GER-Bundesliga,2324,Gladbach,Robin Hack,GER,"FW,MF",24.0,29,14,1348,10,2,12,10,0.67,0.13,0.8
GER-Bundesliga,2324,Gladbach,Rocco Reitz,GER,MF,21.0,34,24,2136,6,3,9,6,0.25,0.13,0.38
GER-Bundesliga,2324,Heidenheim,Adrian Beck,GER,MF,26.0,23,11,974,1,1,2,1,0.09,0.09,0.18
GER-Bundesliga,2324,Heidenheim,Eren Dinkçi,GER,MF,21.0,33,33,2650,10,5,15,10,0.34,0.17,0.51
GER-Bundesliga,2324,Heidenheim,Jan Schöppner,GER,MF,24.0,26,23,1998,2,2,4,2,0.09,0.09,0.18
GER-Bundesliga,2324,Heidenheim,Jan-Niklas Beste,GER,MF,24.0,31,31,2603,8,11,19,8,0.28,0.38,0.66
GER-Bundesliga,2324,Heidenheim,Kevin Sessa,GER,MF,23.0,30,7,1011,3,0,3,3,0.27,0.0,0.27
GER-Bundesliga,2324,Heidenheim,Lennard Maloney,USA,MF,23.0,29,27,2284,1,1,2,1,0.04,0.04,0.08
GER-Bundesliga,2324,Heidenheim,Marvin Pieringer,GER,"FW,MF",23.0,31,18,1513,3,3,6,3,0.18,0.18,0.36
GER-Bundesliga,2324,Heidenheim,Norman Theuerkauf,GER,"MF,DF",36.0,25,14,1259,0,1,1,0,0.0,0.07,0.07
GER-Bundesliga,2324,Heidenheim,Tim Kleindienst,GER,FW,27.0,33,33,2869,12,3,15,10,0.38,0.09,0.47
GER-Bundesliga,2324,Hoffenheim,Andrej Kramarić,CRO,"MF,FW",32.0,30,25,2199,15,6,21,10,0.61,0.25,0.86
GER-Bundesliga,2324,Hoffenheim,Anton Stach,GER,MF,24.0,31,26,2321,2,3,5,2,0.08,0.12,0.19
GER-Bundesliga,2324,Hoffenheim,Florian Grillitsch,AUT,"DF,MF",27.0,30,25,2295,1,6,7,1,0.04,0.24,0.27
GER-Bundesliga,2324,Hoffenheim,Grischa Prömel,GER,MF,28.0,28,27,2139,4,5,9,4,0.17,0.21,0.38
GER-Bundesliga,2324,Hoffenheim,Ihlas Bebou,TOG,"FW,MF",29.0,32,16,1636,7,5,12,7,0.39,0.28,0.66
GER-Bundesliga,2324,Hoffenheim,Marius Bülter,GER,MF,30.0,30,15,1351,1,4,5,1,0.07,0.27,0.33
GER-Bundesliga,2324,Hoffenheim,Maximilian Beier,GER,"FW,MF",20.0,33,29,2420,16,1,17,16,0.6,0.04,0.63
GER-Bundesliga,2324,Hoffenheim,Pavel Kadeřábek,CZE,"MF,DF",31.0,29,28,2412,3,4,7,3,0.11,0.15,0.26
GER-Bundesliga,2324,Hoffenheim,Robert Skov,DEN,MF,27.0,25,14,1260,3,4,7,3,0.21,0.29,0.5
GER-Bundesliga,2324,Hoffenheim,Umut Tohumcu,GER,MF,18.0,20,12,1011,0,2,2,0,0.0,0.18,0.18
GER-Bundesliga,2324,Hoffenheim,Wout Weghorst,NED,FW,30.0,28,24,1977,7,3,10,6,0.32,0.14,0.46
GER-Bundesliga,2324,Köln,Davie Selke,GER,FW,28.0,19,16,1265,6,0,6,6,0.43,0.0,0.43
GER-Bundesliga,2324,Köln,Dejan Ljubičić,AUT,MF,25.0,26,24,2048,0,2,2,0,0.0,0.09,0.09
GER-Bundesliga,2324,Köln,Denis Huseinbasic,BIH,MF,22.0,26,18,1627,0,3,3,0,0.0,0.17,0.17
GER-Bundesliga,2324,Köln,Eric Martel,GER,MF,21.0,30,29,2457,1,1,2,1,0.04,0.04,0.07
GER-Bundesliga,2324,Köln,Faride Alidou,GER,"MF,FW",22.0,26,14,1282,4,0,4,4,0.28,0.0,0.28
GER-Bundesliga,2324,Köln,Florian Kainz,AUT,MF,30.0,33,29,2197,5,4,9,0,0.2,0.16,0.37
GER-Bundesliga,2324,Köln,Jan Thielmann,GER,"FW,MF",21.0,22,20,1579,1,0,1,1,0.06,0.0,0.06
GER-Bundesliga,2324,Köln,Linton Maina,GER,MF,24.0,31,21,1901,1,3,4,1,0.05,0.14,0.19
GER-Bundesliga,2324,Köln,Luca Waldschmidt,GER,MF,27.0,22,14,1146,3,0,3,3,0.24,0.0,0.24
GER-Bundesliga,2324,Köln,Rasmus Carstensen,DEN,"DF,MF",22.0,23,18,1659,0,0,0,0,0.0,0.0,0.0
GER-Bundesliga,2324,Leverkusen,Exequiel Palacios,ARG,MF,24.0,24,21,1831,4,4,8,2,0.2,0.2,0.39
GER-Bundesliga,2324,Leverkusen,Florian Wirtz,GER,MF,20.0,32,26,2372,11,11,22,10,0.42,0.42,0.83
GER-Bundesliga,2324,Leverkusen,Granit Xhaka,SUI,MF,30.0,33,32,2821,3,0,3,3,0.1,0.0,0.1
GER-Bundesliga,2324,Leverkusen,Jeremie Frimpong,NED,MF,22.0,31,27,2251,9,7,16,9,0.36,0.28,0.64
GER-Bundesliga,2324,Leverkusen,Jonas Hofmann,GER,MF,31.0,32,26,2204,5,7,12,5,0.2,0.29,0.49
GER-Bundesliga,2324,Leverkusen,Josip Stanišić,CRO,"DF,MF",23.0,20,13,1261,3,1,4,3,0.21,0.07,0.29
GER-Bundesliga,2324,Leverkusen,Patrik Schick,CZE,FW,27.0,20,12,1063,7,0,7,6,0.59,0.0,0.59
GER-Bundesliga,2324,Leverkusen,Robert Andrich,GER,"MF,DF",28.0,28,18,1690,4,2,6,4,0.21,0.11,0.32
GER-Bundesliga,2324,Leverkusen,Victor Boniface,NGA,FW,22.0,23,18,1546,14,8,22,10,0.82,0.47,1.28
GER-Bundesliga,2324,Leverkusen,Álex Grimaldo,ESP,MF,27.0,33,31,2784,10,13,23,10,0.32,0.42,0.74
GER-Bundesliga,2324,Mainz 05,Anthony Caci,FRA,"MF,DF",26.0,31,29,2486,2,3,5,2,0.07,0.11,0.18
GER-Bundesliga,2324,Mainz 05,Brajan Gruda,GER,"MF,FW",19.0,28,19,1641,4,3,7,4,0.22,0.16,0.38
GER-Bundesliga,2324,Mainz 05,Dominik Kohr,GER,"DF,MF",29.0,31,27,2184,1,0,1,1,0.04,0.0,0.04
GER-Bundesliga,2324,Mainz 05,Jonathan Burkardt,GER,"FW,MF",23.0,21,18,1538,8,2,10,7,0.47,0.12,0.59
GER-Bundesliga,2324,Mainz 05,Karim Onisiwo,AUT,"FW,MF",31.0,24,17,1493,1,3,4,1,0.06,0.18,0.24
GER-Bundesliga,2324,Mainz 05,Leandro Barreiro Martins,LUX,MF,23.0,31,29,2606,4,1,5,4,0.14,0.03,0.17
GER-Bundesliga,2324,Mainz 05,Lee Jae-sung,KOR,MF,30.0,29,24,2113,6,3,9,6,0.26,0.13,0.38
GER-Bundesliga,2324,Mainz 05,Ludovic Ajorque,FRA,FW,29.0,26,15,1360,2,0,2,2,0.13,0.0,0.13
GER-Bundesliga,2324,Mainz 05,Nadiem Amiri,GER,MF,26.0,15,15,1315,1,4,5,1,0.07,0.27,0.34
GER-Bundesliga,2324,Mainz 05,Phillipp Mwene,AUT,"MF,DF",29.0,23,23,1996,1,2,3,1,0.05,0.09,0.14
GER-Bundesliga,2324,Mainz 05,Silvan Widmer,SUI,"MF,DF",30.0,20,13,1242,1,3,4,1,0.07,0.22,0.29
GER-Bundesliga,2324,Mainz 05,Tom Krauß,GER,MF,22.0,29,13,1346,1,2,3,1,0.07,0.13,0.2
GER-Bundesliga,2324,RB Leipzig,Amadou Haidara,MLI,MF,25.0,21,19,1526,2,1,3,2,0.12,0.06,0.18
GER-Bundesliga,2324,RB Leipzig,Benjamin Henrichs,GER,"DF,MF",26.0,33,28,2526,1,5,6,1,0.04,0.18,0.21
GER-Bundesliga,2324,RB Leipzig,Benjamin Šeško,SVN,FW,20.0,31,17,1526,14,2,16,14,0.83,0.12,0.94
GER-Bundesliga,2324,RB Leipzig,Christoph Baumgartner,AUT,"MF,FW",23.0,32,11,1158,5,1,6,5,0.39,0.08,0.47
GER-Bundesliga,2324,RB Leipzig,Dani Olmo,ESP,MF,25.0,21,17,1449,4,5,9,4,0.25,0.31,0.56
GER-Bundesliga,2324,RB Leipzig,Kevin Kampl,SVN,MF,32.0,26,14,1363,1,0,1,1,0.07,0.0,0.07
GER-Bundesliga,2324,RB Leipzig,Loïs Openda,BEL,FW,23.0,34,33,2697,24,7,31,22,0.8,0.23,1.03
GER-Bundesliga,2324,RB Leipzig,Xaver Schlager,AUT,MF,25.0,29,29,2477,0,5,5,0,0.0,0.18,0.18
GER-Bundesliga,2324,RB Leipzig,Xavi Simons,NED,MF,20.0,32,32,2653,8,11,19,7,0.27,0.37,0.64
GER-Bundesliga,2324,RB Leipzig,Yussuf Poulsen,DEN,FW,29.0,28,12,1217,5,2,7,5,0.37,0.15,0.52
GER-Bundesliga,2324,Stuttgart,Angelo Stiller,GER,MF,22.0,31,30,2694,1,5,6,1,0.03,0.17,0.2
GER-Bundesliga,2324,Stuttgart,Atakan Karazor,TUR,MF,26.0,33,31,2623,0,4,4,0,0.0,0.14,0.14
GER-Bundesliga,2324,Stuttgart,Chris Führich,GER,MF,25.0,34,33,2567,8,7,15,8,0.28,0.25,0.53
GER-Bundesliga,2324,Stuttgart,Deniz Undav,GER,"FW,MF",27.0,30,23,2089,18,10,28,18,0.78,0.43,1.21
GER-Bundesliga,2324,Stuttgart,Enzo Millot,FRA,MF,21.0,31,27,2241,5,4,9,4,0.2,0.16,0.36
GER-Bundesliga,2324,Stuttgart,Jamie Leweling,GER,MF,22.0,34,17,1523,4,4,8,4,0.24,0.24,0.47
GER-Bundesliga,2324,Stuttgart,Josha Vagnoman,GER,"MF,DF",22.0,18,12,1183,2,2,4,2,0.15,0.15,0.3
GER-Bundesliga,2324,Stuttgart,Maximilian Mittelstädt,GER,"DF,MF",26.0,31,23,2103,2,4,6,2,0.09,0.17,0.26
GER-Bundesliga,2324,Stuttgart,Serhou Guirassy,GUI,FW,27.0,28,25,2208,28,3,31,24,1.14,0.12,1.26
GER-Bundesliga,2324,Union Berlin,Alex Král,CZE,MF,25.0,24,13,1370,0,0,0,0,0.0,0.0,0.0
GER-Bundesliga,2324,Union Berlin,András Schäfer,HUN,MF,24.0,20,14,1214,1,2,3,1,0.07,0.15,0.22
GER-Bundesliga,2324,Union Berlin,Aïssa Laïdouni,TUN,MF,26.0,23,10,1071,0,3,3,0,0.0,0.25,0.25
GER-Bundesliga,2324,Union Berlin,Benedict Hollerbach,GER,"FW,MF",22.0,28,15,1282,5,0,5,5,0.35,0.0,0.35
GER-Bundesliga,2324,Union Berlin,Brenden Aaronson,USA,"MF,FW",22.0,30,14,1267,2,2,4,2,0.14,0.14,0.28
GER-Bundesliga,2324,Union Berlin,Christopher Trimmel,AUT,"MF,DF",36.0,26,19,1646,0,2,2,0,0.0,0.11,0.11
GER-Bundesliga,2324,Union Berlin,Janik Haberer,GER,MF,29.0,21,14,1221,1,1,2,1,0.07,0.07,0.15
GER-Bundesliga,2324,Union Berlin,Josip Juranović,CRO,"MF,DF",27.0,21,14,1294,0,2,2,0,0.0,0.14,0.14
GER-Bundesliga,2324,Union Berlin,Kevin Behrens,GER,FW,32.0,18,14,1262,4,0,4,4,0.29,0.0,0.29
GER-Bundesliga,2324,Union Berlin,Kevin Volland,GER,"FW,MF",31.0,26,17,1345,3,4,7,1,0.2,0.27,0.47
GER-Bundesliga,2324,Union Berlin,Lucas Tousart,FRA,MF,26.0,23,18,1572,0,0,0,0,0.0,0.0,0.0
GER-Bundesliga,2324,Union Berlin,Rani Khedira,TUN,MF,29.0,20,18,1343,0,0,0,0,0.0,0.0,0.0
GER-Bundesliga,2324,Union Berlin,Robin Gosens,GER,"MF,DF",29.0,30,27,2283,6,3,9,6,0.24,0.12,0.35
GER-Bundesliga,2324,Werder Bremen,Anthony Jung,GER,"DF,MF",31.0,31,30,2579,1,0,1,1,0.03,0.0,0.03
GER-Bundesliga,2324,Werder Bremen,Felix Agu,NGA,MF,23.0,24,19,1614,0,0,0,0,0.0,0.0,0.0
GER-Bundesliga,2324,Werder Bremen,Jens Stage,DEN,MF,26.0,30,26,2327,3,1,4,3,0.12,0.04,0.15
GER-Bundesliga,2324,Werder Bremen,Justin Njinmah,GER,FW,22.0,24,10,1016,6,2,8,6,0.53,0.18,0.71
GER-Bundesliga,2324,Werder Bremen,Leonardo Bittencourt,GER,MF,29.0,29,19,1578,1,2,3,1,0.06,0.11,0.17
GER-Bundesliga,2324,Werder Bremen,Marvin Ducksch,GER,FW,29.0,33,32,2696,12,9,21,7,0.4,0.3,0.7
GER-Bundesliga,2324,Werder Bremen,Mitchell Weiser,GER,MF,29.0,30,30,2636,3,7,10,3,0.1,0.24,0.34
GER-Bundesliga,2324,Werder Bremen,Nick Woltemade,GER,"FW,MF",21.0,30,12,1189,2,0,2,2,0.15,0.0,0.15
GER-Bundesliga,2324,Werder Bremen,Olivier Deman,BEL,MF,23.0,29,14,1365,2,1,3,2,0.13,0.07,0.2
GER-Bundesliga,2324,Werder Bremen,Rafael Borré,COL,FW,27.0,19,11,991,4,0,4,4,0.36,0.0,0.36
GER-Bundesliga,2324,Werder Bremen,Romano Schmid,AUT,"MF,FW",23.0,33,30,2601,4,6,10,4,0.14,0.21,0.35
GER-Bundesliga,2324,Werder Bremen,Senne Lynen,BEL,MF,24.0,32,20,1797,0,3,3,0,0.0,0.15,0.15
GER-Bundesliga,2324,Wolfsburg,Aster Vranckx,BEL,MF,20.0,24,12,1153,0,0,0,0,0.0,0.0,0.0
GER-Bundesliga,2324,Wolfsburg,Joakim Mæhle,DEN,"DF,MF",26.0,30,27,2452,2,3,5,2,0.07,0.11,0.18
GER-Bundesliga,2324,Wolfsburg,Jonas Wind,DEN,FW,24.0,34,31,2651,11,7,18,11,0.37,0.24,0.61
GER-Bundesliga,2324,Wolfsburg,Kevin Paredes,USA,"MF,DF",20.0,28,15,1432,3,0,3,3,0.19,0.0,0.19
GER-Bundesliga,2324,Wolfsburg,Lovro Majer,CRO,"MF,FW",25.0,32,25,2106,5,5,10,3,0.21,0.21,0.43
GER-Bundesliga,2324,Wolfsburg,Mattias Svanberg,SWE,MF,24.0,25,20,1715,1,3,4,1,0.05,0.16,0.21
GER-Bundesliga,2324,Wolfsburg,Maximilian Arnold,GER,MF,29.0,30,27,2506,2,1,3,2,0.07,0.04,0.11
GER-Bundesliga,2324,Wolfsburg,Ridle Baku,GER,"MF,DF",25.0,33,22,2013,1,0,1,1,0.04,0.0,0.04
GER-Bundesliga,2324,Wolfsburg,Rogério,BRA,"DF,MF",25.0,13,10,906,1,0,1,1,0.1,0.0,0.1
GER-Bundesliga,2324,Wolfsburg,Tiago Tomás,POR,"FW,MF",21.0,26,11,1032,1,1,2,1,0.09,0.09,0.17
GER-Bundesliga,2324,Wolfsburg,Václav Černý,CZE,"MF,FW",25.0,22,12,921,4,1,5,4,0.39,0.1,0.49
GER-Bundesliga,2324,Wolfsburg,Yannick Gerhardt,GER,MF,29.0,25,18,1630,2,1,3,2,0.11,0.06,0.17
GER-Bundesliga,2425,Augsburg,Alexis Claude-Maurice,FRA,"MF,FW",26.0,28,25,2109,9,2,11,9,0.38,0.09,0.47
GER-Bundesliga,2425,Augsburg,Arne Maier,GER,MF,25.0,28,7,938,0,0,0,0,0.0,0.0,0.0
GER-Bundesliga,2425,Augsburg,Dimitris Giannoulis,GRE,MF,28.0,31,31,2650,1,4,5,1,0.03,0.14,0.17
GER-Bundesliga,2425,Augsburg,Elvis Rexhbeçaj,KVX,MF,26.0,27,22,1785,1,1,2,1,0.05,0.05,0.1
GER-Bundesliga,2425,Augsburg,Frank Onyeka,NGA,MF,26.0,31,30,2586,0,1,1,0,0.0,0.03,0.03
GER-Bundesliga,2425,Augsburg,Kristijan Jakić,CRO,MF,27.0,31,27,2306,0,1,1,0,0.0,0.04,0.04
GER-Bundesliga,2425,Augsburg,Marius Wolf,GER,MF,29.0,32,28,2144,1,3,4,1,0.04,0.13,0.17
GER-Bundesliga,2425,Augsburg,Phillip Tietz,GER,FW,27.0,34,19,1686,7,2,9,6,0.37,0.11,0.48
GER-Bundesliga,2425,Augsburg,Samuel Essende,COD,FW,26.0,30,21,1636,7,2,9,7,0.39,0.11,0.5
GER-Bundesliga,2425,Bayern Munich,Aleksandar Pavlovic,GER,MF,20.0,21,18,1451,1,0,1,1,0.06,0.0,0.06
GER-Bundesliga,2425,Bayern Munich,Harry Kane,ENG,FW,31.0,31,28,2381,26,9,35,17,0.98,0.34,1.32
GER-Bundesliga,2425,Bayern Munich,Jamal Musiala,GER,MF,21.0,25,21,1798,12,2,14,12,0.6,0.1,0.7
GER-Bundesliga,2425,Bayern Munich,Joshua Kimmich,GER,MF,29.0,33,32,2847,3,7,10,3,0.09,0.22,0.32
GER-Bundesliga,2425,Bayern Munich,Kingsley Coman,FRA,MF,28.0,28,14,1282,5,4,9,5,0.35,0.28,0.63
GER-Bundesliga,2425,Bayern Munich,Leon Goretzka,GER,MF,29.0,26,13,1325,4,1,5,4,0.27,0.07,0.34
GER-Bundesliga,2425,Bayern Munich,Leroy Sané,GER,MF,28.0,30,17,1637,11,5,16,11,0.6,0.27,0.88
GER-Bundesliga,2425,Bayern Munich,Michael Olise,FRA,MF,22.0,34,28,2334,12,15,27,12,0.46,0.58,1.04
GER-Bundesliga,2425,Bayern Munich,Raphaël Guerreiro,POR,"DF,MF",30.0,23,19,1572,4,4,8,4,0.23,0.23,0.46
GER-Bundesliga,2425,Bayern Munich,Serge Gnabry,GER,"MF,FW",29.0,27,13,1242,7,5,12,7,0.51,0.36,0.87
GER-Bundesliga,2425,Bayern Munich,Thomas Müller,GER,"MF,FW",34.0,30,12,1225,1,4,5,1,0.07,0.29,0.37
GER-Bundesliga,2425,Bochum,Anthony Losilla,FRA,MF,38.0,21,13,1137,0,0,0,0,0.0,0.0,0.0
GER-Bundesliga,2425,Bochum,Dani de Wit,NED,"MF,FW",26.0,28,11,1153,2,1,3,2,0.16,0.08,0.23
GER-Bundesliga,2425,Bochum,Erhan Mašović,SRB,"DF,MF",25.0,16,10,910,1,1,2,1,0.1,0.1,0.2
GER-Bundesliga,2425,Bochum,Felix Passlack,GER,"MF,DF",26.0,31,30,2334,1,6,7,1,0.04,0.23,0.27
GER-Bundesliga,2425,Bochum,Gerrit Holtmann,PHI,"MF,DF",29.0,23,12,1136,2,1,3,2,0.16,0.08,0.24
GER-Bundesliga,2425,Bochum,Giorgos Masouras,GRE,FW,30.0,14,12,1055,2,1,3,2,0.17,0.09,0.26
GER-Bundesliga,2425,Bochum,Ibrahima Sissoko,MLI,MF,26.0,32,30,2610,2,1,3,2,0.07,0.03,0.1
GER-Bundesliga,2425,Bochum,Matúš Bero,SVK,MF,28.0,30,29,2565,5,2,7,5,0.18,0.07,0.25
GER-Bundesliga,2425,Bochum,Maximilian Wittek,GER,"DF,MF",28.0,33,32,2706,0,0,0,0,0.0,0.0,0.0
GER-Bundesliga,2425,Bochum,Moritz Broschinski,GER,"FW,MF",23.0,33,15,1390,1,3,4,1,0.06,0.19,0.26
GER-Bundesliga,2425,Bochum,Myron Boadu,NED,FW,23.0,19,11,1042,9,1,10,8,0.78,0.09,0.86
GER-Bundesliga,2425,Bochum,Philipp Hofmann,GER,FW,31.0,32,27,2277,3,3,6,3,0.12,0.12,0.24
GER-Bundesliga,2425,Bochum,Tom Krauß,GER,MF,23.0,14,13,1077,0,0,0,0,0.0,0.0,0.0
GER-Bundesliga,2425,Dortmund,Emre Can,GER,"DF,MF",30.0,31,23,2105,3,0,3,1,0.13,0.0,0.13
GER-Bundesliga,2425,Dortmund,Felix Nmecha,GER,MF,23.0,26,19,1509,4,1,5,4,0.24,0.06,0.3
GER-Bundesliga,2425,Dortmund,Jamie Gittens,ENG,MF,19.0,32,21,1776,8,3,11,8,0.41,0.15,0.56
GER-Bundesliga,2425,Dortmund,Julian Brandt,GER,MF,28.0,30,28,2303,5,10,15,5,0.2,0.39,0.59
GER-Bundesliga,2425,Dortmund,Julian Ryerson,NOR,"DF,MF",26.0,29,27,2259,2,3,5,2,0.08,0.12,0.2
GER-Bundesliga,2425,Dortmund,Karim Adeyemi,GER,"MF,FW",22.0,25,17,1433,7,6,13,7,0.44,0.38,0.82
GER-Bundesliga,2425,Dortmund,Marcel Sabitzer,AUT,MF,30.0,26,18,1616,1,0,1,1,0.06,0.0,0.06
GER-Bundesliga,2425,Dortmund,Maximilian Beier,GER,"MF,FW",21.0,29,17,1591,8,5,13,8,0.45,0.28,0.74
GER-Bundesliga,2425,Dortmund,Pascal Groß,GER,"MF,DF",33.0,30,28,2327,0,9,9,0,0.0,0.35,0.35
GER-Bundesliga,2425,Dortmund,Serhou Guirassy,GUI,FW,28.0,30,29,2598,21,4,25,18,0.73,0.14,0.87
GER-Bundesliga,2425,Frankfurt,Ansgar Knauff,GER,MF,22.0,30,18,1597,4,5,9,4,0.23,0.28,0.51
GER-Bundesliga,2425,Frankfurt,Ellyes Skhiri,TUN,MF,29.0,30,26,2231,1,2,3,1,0.04,0.08,0.12
GER-Bundesliga,2425,Frankfurt,Fares Chaïbi,ALG,MF,21.0,26,10,1013,1,3,4,1,0.09,0.27,0.36
GER-Bundesliga,2425,Frankfurt,Hugo Ekitike,FRA,FW,22.0,33,31,2563,15,8,23,14,0.53,0.28,0.81
GER-Bundesliga,2425,Frankfurt,Hugo Larsson,SWE,MF,20.0,33,28,2393,3,1,4,3,0.11,0.04,0.15
GER-Bundesliga,2425,Frankfurt,Jean Mattéo Bahoya,FRA,MF,19.0,24,10,921,2,3,5,2,0.2,0.29,0.49
GER-Bundesliga,2425,Frankfurt,Mario Götze,GER,MF,32.0,24,18,1542,3,2,5,3,0.18,0.12,0.29
GER-Bundesliga,2425,Frankfurt,Nathaniel Brown,GER,"MF,DF",21.0,26,22,1947,3,6,9,3,0.14,0.28,0.42
GER-Bundesliga,2425,Frankfurt,Nnamdi Collins,GER,"DF,MF",20.0,24,15,1489,1,1,2,1,0.06,0.06,0.12
GER-Bundesliga,2425,Frankfurt,Omar Marmoush,EGY,"FW,MF",25.0,17,17,1448,15,9,24,13,0.93,0.56,1.49
GER-Bundesliga,2425,Frankfurt,Rasmus Kristensen,DEN,"DF,MF",27.0,30,28,2513,5,3,8,5,0.18,0.11,0.29
GER-Bundesliga,2425,Frankfurt,Tuta,BRA,"DF,MF",25.0,30,26,2274,2,1,3,2,0.08,0.04,0.12
GER-Bundesliga,2425,Freiburg,Eren Dinkçi,GER,MF,22.0,23,13,1196,0,3,3,0,0.0,0.23,0.23
GER-Bundesliga,2425,Freiburg,Junior Adamu,AUT,FW,23.0,25,19,1545,2,2,4,2,0.12,0.12,0.23
GER-Bundesliga,2425,Freiburg,Lucas Höler,GER,"FW,MF",30.0,31,21,1867,6,4,10,6,0.29,0.19,0.48
GER-Bundesliga,2425,Freiburg,Maximilian Eggestein,GER,MF,27.0,33,33,2845,2,0,2,2,0.06,0.0,0.06
GER-Bundesliga,2425,Freiburg,Merlin Röhl,GER,MF,22.0,19,11,965,0,1,1,0,0.0,0.09,0.09
GER-Bundesliga,2425,Freiburg,Patrick Osterhage,GER,MF,24.0,30,27,2267,1,0,1,1,0.04,0.0,0.04
GER-Bundesliga,2425,Freiburg,Ritsu Doan,JPN,MF,26.0,34,33,2862,10,7,17,10,0.31,0.22,0.53
GER-Bundesliga,2425,Freiburg,Vincenzo Grifo,ITA,MF,31.0,34,31,2432,8,11,19,8,0.3,0.41,0.7
GER-Bundesliga,2425,Gladbach,Alassane Pléa,FRA,MF,31.0,30,24,1902,11,4,15,10,0.52,0.19,0.71
GER-Bundesliga,2425,Gladbach,Franck Honorat,FRA,MF,27.0,19,18,1439,4,7,11,4,0.25,0.44,0.69
GER-Bundesliga,2425,Gladbach,Julian Weigl,GER,MF,28.0,33,33,2881,0,2,2,0,0.0,0.06,0.06
GER-Bundesliga,2425,Gladbach,Kevin Stöger,AUT,MF,30.0,31,16,1551,3,3,6,1,0.17,0.17,0.35
GER-Bundesliga,2425,Gladbach,Philipp Sander,GER,MF,26.0,27,16,1400,1,0,1,1,0.06,0.0,0.06
GER-Bundesliga,2425,Gladbach,Robin Hack,GER,MF,25.0,33,27,2172,4,7,11,4,0.17,0.29,0.46
GER-Bundesliga,2425,Gladbach,Rocco Reitz,GER,MF,22.0,27,21,1830,2,1,3,2,0.1,0.05,0.15
GER-Bundesliga,2425,Gladbach,Tim Kleindienst,GER,FW,28.0,31,31,2737,16,7,23,15,0.53,0.23,0.76
GER-Bundesliga,2425,Heidenheim,Adrian Beck,GER,"MF,FW",27.0,32,18,1598,4,1,5,4,0.23,0.06,0.28
GER-Bundesliga,2425,Heidenheim,Budu Zivzivadze,GEO,FW,30.0,15,10,958,2,3,5,2,0.19,0.28,0.47
GER-Bundesliga,2425,Heidenheim,Frans Krätzig,GER,"MF,DF",21.0,16,15,1217,1,2,3,1,0.07,0.15,0.22
GER-Bundesliga,2425,Heidenheim,Jan Schöppner,GER,MF,25.0,33,32,2681,4,3,7,4,0.13,0.1,0.23
GER-Bundesliga,2425,Heidenheim,Jonas Föhrenbach,GER,"DF,MF",28.0,27,22,1832,0,1,1,0,0.0,0.05,0.05
GER-Bundesliga,2425,Heidenheim,Léo Scienza,BRA,"MF,FW",25.0,25,13,1153,3,3,6,3,0.23,0.23,0.47
GER-Bundesliga,2425,Heidenheim,Marnon Busch,GER,"DF,MF",29.0,23,15,1396,0,1,1,0,0.0,0.06,0.06
GER-Bundesliga,2425,Heidenheim,Marvin Pieringer,GER,FW,24.0,31,26,2206,7,4,11,4,0.29,0.16,0.45
GER-Bundesliga,2425,Heidenheim,Mathias Honsak,AUT,"MF,FW",27.0,22,12,1181,5,1,6,5,0.38,0.08,0.46
GER-Bundesliga,2425,Heidenheim,Niklas Dorsch,GER,MF,26.0,22,19,1335,2,2,4,2,0.13,0.13,0.27
GER-Bundesliga,2425,Heidenheim,Omar Traoré,GER,"DF,MF",26.0,30,30,2616,0,1,1,0,0.0,0.03,0.03
GER-Bundesliga,2425,Heidenheim,Paul Wanner,AUT,"MF,FW",18.0,29,20,1771,3,2,5,2,0.15,0.1,0.25
GER-Bundesliga,2425,Hoffenheim,Adam Hložek,CZE,"FW,MF",22.0,27,22,1871,8,4,12,8,0.38,0.19,0.58
GER-Bundesliga,2425,Hoffenheim,Alexander Prass,AUT,"MF,DF",23.0,23,19,1566,0,1,1,0,0.0,0.06,0.06
GER-Bundesliga,2425,Hoffenheim,Andrej Kramarić,CRO,MF,33.0,32,32,2767,11,8,19,8,0.36,0.26,0.62
GER-Bundesliga,2425,Hoffenheim,Anton Stach,GER,"MF,DF",25.0,30,29,2585,1,2,3,1,0.03,0.07,0.1
GER-Bundesliga,2425,Hoffenheim,Marius Bülter,GER,"MF,FW",31.0,25,22,1729,7,2,9,7,0.36,0.1,0.47
GER-Bundesliga,2425,Hoffenheim,Pavel Kadeřábek,CZE,"MF,DF",32.0,24,18,1576,2,0,2,2,0.11,0.0,0.11
GER-Bundesliga,2425,Hoffenheim,Tom Bischof,GER,MF,19.0,31,30,2559,5,2,7,5,0.18,0.07,0.25
GER-Bundesliga,2425,Hoffenheim,Valentin Gendrey,FRA,"DF,MF",24.0,22,14,1414,1,1,2,1,0.06,0.06,0.13
GER-Bundesliga,2425,Holstein Kiel,Alexander Bernhardsson,SWE,"FW,MF",25.0,19,15,1263,7,2,9,7,0.5,0.14,0.64
GER-Bundesliga,2425,Holstein Kiel,Armin Gigovic,BIH,MF,22.0,31,23,1895,5,1,6,5,0.24,0.05,0.28
GER-Bundesliga,2425,Holstein Kiel,Finn Porath,GER,MF,27.0,31,20,1970,2,3,5,2,0.09,0.14,0.23
GER-Bundesliga,2425,Holstein Kiel,Lasse Rosenboom,GER,MF,22.0,26,21,1734,2,2,4,2,0.1,0.1,0.21
GER-Bundesliga,2425,Holstein Kiel,Lewis Holtby,GER,MF,33.0,25,13,1238,0,1,1,0,0.0,0.07,0.07
GER-Bundesliga,2425,Holstein Kiel,Magnus Knudsen,NOR,MF,23.0,31,22,1850,0,1,1,0,0.0,0.05,0.05
GER-Bundesliga,2425,Holstein Kiel,Nicolai Remberg,GER,MF,24.0,32,26,2417,0,1,1,0,0.0,0.04,0.04
GER-Bundesliga,2425,Holstein Kiel,Phil Harres,GER,FW,22.0,26,17,1544,8,1,9,8,0.47,0.06,0.52
GER-Bundesliga,2425,Holstein Kiel,Shuto Machino,JPN,"FW,MF",24.0,32,23,1953,11,2,13,9,0.51,0.09,0.6
GER-Bundesliga,2425,Holstein Kiel,Steven Skrzybski,GER,"FW,MF",31.0,24,15,1323,6,3,9,5,0.41,0.2,0.61
GER-Bundesliga,2425,Holstein Kiel,Timo Becker,GER,"DF,MF",27.0,30,28,2445,0,2,2,0,0.0,0.07,0.07
GER-Bundesliga,2425,Leverkusen,Aleix García,ESP,MF,27.0,28,17,1455,3,4,7,3,0.19,0.25,0.43
GER-Bundesliga,2425,Leverkusen,Exequiel Palacios,ARG,MF,25.0,24,11,1155,1,6,7,1,0.08,0.47,0.55
GER-Bundesliga,2425,Leverkusen,Florian Wirtz,GER,MF,21.0,31,25,2351,10,12,22,8,0.38,0.46,0.84
GER-Bundesliga,2425,Leverkusen,Granit Xhaka,SUI,MF,31.0,33,33,2888,2,7,9,2,0.06,0.22,0.28
GER-Bundesliga,2425,Leverkusen,Jeremie Frimpong,NED,MF,23.0,33,25,2314,5,5,10,5,0.19,0.19,0.39
GER-Bundesliga,2425,Leverkusen,Nathan Tella,NGA,"MF,FW",25.0,27,17,1359,2,4,6,2,0.13,0.26,0.4
GER-Bundesliga,2425,Leverkusen,Patrik Schick,CZE,FW,28.0,31,19,1684,21,0,21,20,1.12,0.0,1.12
GER-Bundesliga,2425,Leverkusen,Robert Andrich,GER,"MF,DF",29.0,23,19,1598,2,2,4,2,0.11,0.11,0.23
GER-Bundesliga,2425,Leverkusen,Victor Boniface,NGA,FW,23.0,19,12,1008,8,1,9,8,0.71,0.09,0.8
GER-Bundesliga,2425,Leverkusen,Álex Grimaldo,ESP,MF,28.0,32,31,2636,2,7,9,2,0.07,0.24,0.31
GER-Bundesliga,2425,Mainz 05,Anthony Caci,FRA,MF,27.0,33,33,2684,1,7,8,1,0.03,0.23,0.27
GER-Bundesliga,2425,Mainz 05,Dominik Kohr,GER,"DF,MF",30.0,28,28,2295,2,0,2,2,0.08,0.0,0.08
GER-Bundesliga,2425,Mainz 05,Jonathan Burkardt,GER,FW,24.0,29,28,2109,18,2,20,16,0.77,0.09,0.85
GER-Bundesliga,2425,Mainz 05,Kaishū Sano,JPN,MF,23.0,34,34,3043,0,0,0,0,0.0,0.0,0.0
GER-Bundesliga,2425,Mainz 05,Lee Jae-sung,KOR,MF,31.0,33,31,2650,7,6,13,7,0.24,0.2,0.44
GER-Bundesliga,2425,Mainz 05,Nadiem Amiri,GER,MF,27.0,30,30,2473,7,5,12,5,0.25,0.18,0.44
GER-Bundesliga,2425,Mainz 05,Paul Nebel,GER,MF,21.0,31,26,2345,10,4,14,10,0.38,0.15,0.54
GER-Bundesliga,2425,Mainz 05,Phillipp Mwene,AUT,MF,30.0,32,32,2607,1,4,5,1,0.03,0.14,0.17
GER-Bundesliga,2425,RB Leipzig,Amadou Haidara,MLI,MF,26.0,28,16,1320,0,1,1,0,0.0,0.07,0.07
GER-Bundesliga,2425,RB Leipzig,Antonio Nusa,NOR,"MF,DF",19.0,25,16,1558,3,3,6,3,0.17,0.17,0.35
GER-Bundesliga,2425,RB Leipzig,Arthur Vermeeren,BEL,MF,19.0,28,18,1572,0,2,2,0,0.0,0.11,0.11
GER-Bundesliga,2425,RB Leipzig,Benjamin Henrichs,GER,"DF,MF",27.0,15,10,935,0,2,2,0,0.0,0.19,0.19
GER-Bundesliga,2425,RB Leipzig,Benjamin Šeško,SVN,"FW,MF",21.0,33,30,2380,13,5,18,11,0.49,0.19,0.68
GER-Bundesliga,2425,RB Leipzig,Christoph Baumgartner,AUT,"MF,FW",24.0,31,18,1610,2,1,3,2,0.11,0.06,0.17
GER-Bundesliga,2425,RB Leipzig,David Raum,GER,"MF,DF",26.0,22,21,1783,1,5,6,1,0.05,0.25,0.3
GER-Bundesliga,2425,RB Leipzig,Kevin Kampl,SVN,MF,33.0,26,18,1593,1,0,1,1,0.06,0.0,0.06
GER-Bundesliga,2425,RB Leipzig,Loïs Openda,BEL,FW,24.0,33,28,2453,9,5,14,9,0.33,0.18,0.51
GER-Bundesliga,2425,RB Leipzig,Nicolas Seiwald,AUT,"MF,DF",23.0,30,20,2084,0,0,0,0,0.0,0.0,0.0
GER-Bundesliga,2425,RB Leipzig,Ridle Baku,GER,MF,26.0,19,15,1275,2,3,5,2,0.14,0.21,0.35
GER-Bundesliga,2425,RB Leipzig,Xavi Simons,NED,MF,21.0,25,25,2150,10,6,16,10,0.42,0.25,0.67
GER-Bundesliga,2425,St Pauli,Carlo Boukhalfa,MAR,MF,25.0,25,19,1646,2,0,2,2,0.11,0.0,0.11
GER-Bundesliga,2425,St Pauli,Danel Sinani,LUX,"FW,MF",27.0,26,14,1250,2,2,4,2,0.14,0.14,0.29
GER-Bundesliga,2425,St Pauli,Dapo Afolayan,ENG,"FW,MF",26.0,32,17,1639,3,1,4,3,0.16,0.05,0.22
GER-Bundesliga,2425,St Pauli,Eric Smith,SWE,"DF,MF",27.0,32,32,2827,1,1,2,1,0.03,0.03,0.06
GER-Bundesliga,2425,St Pauli,Jackson Irvine,AUS,MF,31.0,29,29,2610,0,6,6,0,0.0,0.21,0.21
GER-Bundesliga,2425,St Pauli,Johannes Eggestein,GER,FW,26.0,27,22,1853,3,4,7,2,0.15,0.19,0.34
GER-Bundesliga,2425,St Pauli,Lars Ritzka,GER,"MF,DF",26.0,21,11,922,1,0,1,1,0.1,0.0,0.1
GER-Bundesliga,2425,St Pauli,Manolis Saliakas,GRE,MF,27.0,30,26,2314,2,1,3,2,0.08,0.04,0.12
GER-Bundesliga,2425,St Pauli,Morgan Guilavogui,GUI,"FW,MF",26.0,25,21,1807,6,2,8,6,0.3,0.1,0.4
GER-Bundesliga,2425,St Pauli,Noah Weißhaupt,GER,"FW,MF",22.0,19,13,1160,1,0,1,1,0.08,0.0,0.08
GER-Bundesliga,2425,St Pauli,Philipp Treu,GER,MF,23.0,33,33,2881,0,2,2,0,0.0,0.06,0.06
GER-Bundesliga,2425,Stuttgart,Angelo Stiller,GER,MF,23.0,32,31,2741,1,8,9,1,0.03,0.26,0.3
GER-Bundesliga,2425,Stuttgart,Atakan Karazor,TUR,MF,27.0,32,31,2618,2,4,6,2,0.07,0.14,0.21
GER-Bundesliga,2425,Stuttgart,Chris Führich,GER,MF,26.0,33,23,1981,2,3,5,2,0.09,0.14,0.23
GER-Bundesliga,2425,Stuttgart,Deniz Undav,GER,"FW,MF",28.0,27,20,1726,9,3,12,9,0.47,0.16,0.63
GER-Bundesliga,2425,Stuttgart,Enzo Millot,FRA,MF,22.0,29,22,1843,6,5,11,6,0.29,0.24,0.54
GER-Bundesliga,2425,Stuttgart,Ermedin Demirović,BIH,FW,26.0,34,20,1855,15,1,16,15,0.73,0.05,0.78
GER-Bundesliga,2425,Stuttgart,Jamie Leweling,GER,MF,23.0,27,22,1663,2,2,4,2,0.11,0.11,0.22
GER-Bundesliga,2425,Stuttgart,Josha Vagnoman,GER,"DF,MF",23.0,26,19,1834,1,1,2,1,0.05,0.05,0.1
GER-Bundesliga,2425,Stuttgart,Maximilian Mittelstädt,GER,"DF,MF",27.0,31,28,2469,1,7,8,1,0.04,0.26,0.29
GER-Bundesliga,2425,Stuttgart,Nick Woltemade,GER,"FW,MF",22.0,28,17,1622,12,2,14,10,0.67,0.11,0.78
GER-Bundesliga,2425,Union Berlin,Aljoscha Kemlein,GER,MF,19.0,15,11,922,1,0,1,1,0.1,0.0,0.1
GER-Bundesliga,2425,Union Berlin,Andrej Ilic,SRB,FW,24.0,16,11,937,7,0,7,6,0.67,0.0,0.67
GER-Bundesliga,2425,Union Berlin,András Schäfer,HUN,MF,25.0,26,17,1534,1,1,2,1,0.06,0.06,0.12
GER-Bundesliga,2425,Union Berlin,Benedict Hollerbach,GER,"FW,MF",23.0,34,30,2540,9,1,10,9,0.32,0.04,0.35
GER-Bundesliga,2425,Union Berlin,Christopher Trimmel,AUT,"MF,DF",37.0,26,20,1740,0,3,3,0,0.0,0.16,0.16
GER-Bundesliga,2425,Union Berlin,Janik Haberer,GER,MF,30.0,28,21,1696,0,0,0,0,0.0,0.0,0.0
GER-Bundesliga,2425,Union Berlin,Jeong Woo-yeong,KOR,"MF,FW",24.0,23,17,1263,3,2,5,3,0.21,0.14,0.36
GER-Bundesliga,2425,Union Berlin,Jordan Pefok,USA,FW,28.0,18,10,908,0,1,1,0,0.0,0.1,0.1
GER-Bundesliga,2425,Union Berlin,Josip Juranović,CRO,"MF,DF",28.0,17,13,1159,0,1,1,0,0.0,0.08,0.08
GER-Bundesliga,2425,Union Berlin,Rani Khedira,TUN,MF,30.0,32,31,2723,1,1,2,1,0.03,0.03,0.07
GER-Bundesliga,2425,Union Berlin,Tim Skarke,GER,"FW,MF",27.0,33,11,1164,0,2,2,0,0.0,0.15,0.15
GER-Bundesliga,2425,Union Berlin,Tom Rothe,GER,"MF,DF",19.0,26,19,1670,3,3,6,3,0.16,0.16,0.32
GER-Bundesliga,2425,Werder Bremen,Derrick Köhn,GHA,"MF,DF",25.0,27,14,1343,2,2,4,2,0.13,0.13,0.27
GER-Bundesliga,2425,Werder Bremen,Felix Agu,NGA,MF,24.0,22,21,1751,3,0,3,3,0.15,0.0,0.15
GER-Bundesliga,2425,Werder Bremen,Jens Stage,DEN,MF,27.0,28,26,2204,10,5,15,10,0.41,0.2,0.61
GER-Bundesliga,2425,Werder Bremen,Justin Njinmah,GER,"FW,MF",23.0,26,10,952,3,2,5,3,0.28,0.19,0.47
GER-Bundesliga,2425,Werder Bremen,Leonardo Bittencourt,GER,MF,30.0,27,10,982,2,1,3,2,0.18,0.09,0.27
GER-Bundesliga,2425,Werder Bremen,Marco Grüll,AUT,"FW,MF",26.0,30,13,1181,6,1,7,6,0.46,0.08,0.53
GER-Bundesliga,2425,Werder Bremen,Marvin Ducksch,GER,FW,30.0,32,30,2418,8,8,16,7,0.3,0.3,0.6
GER-Bundesliga,2425,Werder Bremen,Mitchell Weiser,GER,MF,30.0,32,32,2868,5,9,14,5,0.16,0.28,0.44
GER-Bundesliga,2425,Werder Bremen,Oliver Burke,SCO,FW,27.0,25,9,908,5,0,5,5,0.5,0.0,0.5
GER-Bundesliga,2425,Werder Bremen,Romano Schmid,AUT,MF,24.0,32,32,2834,5,4,9,4,0.16,0.13,0.29
GER-Bundesliga,2425,Werder Bremen,Senne Lynen,BEL,MF,25.0,32,32,2733,0,1,1,0,0.0,0.03,0.03
GER-Bundesliga,2425,Wolfsburg,Bence Dárdai,HUN,MF,18.0,21,16,1304,1,1,2,1,0.07,0.07,0.14
GER-Bundesliga,2425,Wolfsburg,Jakub Kamiński,POL,"MF,DF",22.0,22,12,1130,0,2,2,0,0.0,0.16,0.16
GER-Bundesliga,2425,Wolfsburg,Joakim Mæhle,DEN,"DF,MF",27.0,28,25,2188,3,4,7,3,0.12,0.16,0.29
GER-Bundesliga,2425,Wolfsburg,Jonas Wind,DEN,"FW,MF",25.0,31,21,1966,9,3,12,8,0.41,0.14,0.55
GER-Bundesliga,2425,Wolfsburg,Mattias Svanberg,SWE,MF,25.0,20,14,1219,3,1,4,3,0.22,0.07,0.3
GER-Bundesliga,2425,Wolfsburg,Maximilian Arnold,GER,MF,30.0,28,27,2356,3,5,8,3,0.11,0.19,0.31
GER-Bundesliga,2425,Wolfsburg,Mohamed Amoura,ALG,"FW,MF",24.0,31,29,2467,10,9,19,8,0.36,0.33,0.69
GER-Bundesliga,2425,Wolfsburg,Patrick Wimmer,AUT,"MF,FW",23.0,29,22,1770,3,4,7,3,0.15,0.2,0.36
GER-Bundesliga,2425,Wolfsburg,Ridle Baku,GER,MF,26.0,15,14,1170,2,1,3,2,0.15,0.08,0.23
GER-Bundesliga,2425,Wolfsburg,Tiago Tomás,POR,"MF,FW",22.0,32,23,1884,6,1,7,6,0.29,0.05,0.33
GER-Bundesliga,2425,Wolfsburg,Yannick Gerhardt,GER,"MF,DF",30.0,29,15,1518,1,1,2,1,0.06,0.06,0.12
GER-Bundesliga,2526,Augsburg,Alexis Claude-Maurice,FRA,"MF,FW",27.0,29,25,2097,5,4,9,4,0.21,0.17,0.39
GER-Bundesliga,2526,Augsburg,Anton Kade,GER,"MF,FW",21.0,28,18,1743,6,0,6,6,0.31,0.0,0.31
GER-Bundesliga,2526,Augsburg,Dimitris Giannoulis,GRE,MF,29.0,27,25,1888,2,5,7,2,0.1,0.24,0.33
GER-Bundesliga,2526,Augsburg,Elvis Rexhbeçaj,KVX,MF,27.0,26,10,1118,2,0,2,2,0.16,0.0,0.16
GER-Bundesliga,2526,Augsburg,Fabian Rieder,SUI,MF,23.0,32,28,2343,6,3,9,4,0.23,0.12,0.35
GER-Bundesliga,2526,Augsburg,Han-Noah Massengo,FRA,MF,24.0,33,29,2427,2,1,3,2,0.07,0.04,0.11
GER-Bundesliga,2526,Augsburg,Kristijan Jakić,CRO,"MF,DF",28.0,26,18,1653,2,1,3,2,0.11,0.05,0.16
GER-Bundesliga,2526,Augsburg,Marius Wolf,GER,MF,30.0,29,12,1019,1,1,2,1,0.09,0.09,0.18
GER-Bundesliga,2526,Augsburg,Mert Kömür,GER,"MF,FW",20.0,28,17,1464,2,4,6,2,0.12,0.25,0.37
GER-Bundesliga,2526,Augsburg,Michael Gregoritsch,AUT,FW,31.0,17,11,913,6,2,8,5,0.59,0.2,0.79
GER-Bundesliga,2526,Augsburg,Robin Fellhauer,GER,MF,27.0,34,31,2799,3,2,5,3,0.1,0.06,0.16
GER-Bundesliga,2526,Bayern Munich,Aleksandar Pavlovic,GER,MF,21.0,24,16,1462,3,1,4,3,0.18,0.06,0.25
GER-Bundesliga,2526,Bayern Munich,Harry Kane,ENG,"FW,MF",32.0,31,25,2377,36,5,41,26,1.36,0.19,1.55
GER-Bundesliga,2526,Bayern Munich,Joshua Kimmich,GER,MF,30.0,29,24,2280,2,8,10,2,0.08,0.32,0.39
GER-Bundesliga,2526,Bayern Munich,Lennart Karl,GER,MF,17.0,26,16,1281,5,5,10,5,0.35,0.35,0.7
GER-Bundesliga,2526,Bayern Munich,Leon Goretzka,GER,MF,30.0,31,25,1947,5,3,8,5,0.23,0.14,0.37
GER-Bundesliga,2526,Bayern Munich,Luis Díaz,COL,MF,28.0,32,27,2447,15,14,29,15,0.55,0.51,1.07
GER-Bundesliga,2526,Bayern Munich,Michael Olise,FRA,MF,23.0,32,23,2316,15,19,34,15,0.58,0.74,1.32
GER-Bundesliga,2526,Bayern Munich,Nicolas Jackson,SEN,FW,24.0,23,12,1007,8,1,9,8,0.71,0.09,0.8
GER-Bundesliga,2526,Bayern Munich,Serge Gnabry,GER,MF,30.0,21,16,1219,8,6,14,8,0.59,0.44,1.03
GER-Bundesliga,2526,Bayern Munich,Tom Bischof,GER,"DF,MF",20.0,26,14,1302,3,3,6,3,0.21,0.21,0.41
GER-Bundesliga,2526,Dortmund,Carney Chukwuemeka,AUT,"MF,FW",21.0,28,8,919,2,0,2,2,0.2,0.0,0.2
GER-Bundesliga,2526,Dortmund,Daniel Svensson,SWE,MF,23.0,33,27,2454,2,2,4,2,0.07,0.07,0.15
GER-Bundesliga,2526,Dortmund,Felix Nmecha,GER,MF,24.0,29,25,2176,2,3,5,2,0.08,0.12,0.21
GER-Bundesliga,2526,Dortmund,Jobe Bellingham,ENG,MF,19.0,32,20,1786,0,1,1,0,0.0,0.05,0.05
GER-Bundesliga,2526,Dortmund,Julian Brandt,GER,"MF,FW",29.0,29,17,1606,7,4,11,7,0.39,0.22,0.62
GER-Bundesliga,2526,Dortmund,Julian Ryerson,NOR,MF,27.0,31,26,2266,0,15,15,0,0.0,0.6,0.6
GER-Bundesliga,2526,Dortmund,Karim Adeyemi,GER,"MF,FW",23.0,28,15,1195,7,4,11,7,0.53,0.3,0.83
GER-Bundesliga,2526,Dortmund,Marcel Sabitzer,AUT,MF,31.0,26,21,1817,1,2,3,1,0.05,0.1,0.15
GER-Bundesliga,2526,Dortmund,Maximilian Beier,GER,"MF,FW",22.0,32,24,2026,9,6,15,9,0.4,0.27,0.67
GER-Bundesliga,2526,Dortmund,Serhou Guirassy,GUI,FW,29.0,33,27,2337,17,1,18,16,0.65,0.04,0.69
GER-Bundesliga,2526,Dortmund,Yan Couto,BRA,MF,23.0,19,11,997,2,2,4,2,0.18,0.18,0.36
GER-Bundesliga,2526,Frankfurt,Ansgar Knauff,GER,"MF,FW",23.0,28,12,1326,4,1,5,4,0.27,0.07,0.34
GER-Bundesliga,2526,Frankfurt,Arnaud Kalimuendo,FRA,"FW,MF",23.0,19,17,1417,6,1,7,6,0.38,0.06,0.44
GER-Bundesliga,2526,Frankfurt,Can Uzun,TUR,MF,19.0,21,15,1156,8,4,12,7,0.62,0.31,0.93
GER-Bundesliga,2526,Frankfurt,Ellyes Skhiri,TUN,"MF,DF",30.0,25,16,1444,0,0,0,0,0.0,0.0,0.0
GER-Bundesliga,2526,Frankfurt,Fares Chaïbi,ALG,MF,22.0,28,21,1792,2,9,11,2,0.1,0.45,0.55
GER-Bundesliga,2526,Frankfurt,Hugo Larsson,SWE,MF,21.0,25,21,1812,2,2,4,2,0.1,0.1,0.2
GER-Bundesliga,2526,Frankfurt,Jean Mattéo Bahoya,FRA,"MF,FW",20.0,27,15,1331,3,4,7,3,0.2,0.27,0.47
GER-Bundesliga,2526,Frankfurt,Jonathan Burkardt,GER,FW,25.0,22,15,1336,13,1,14,9,0.88,0.07,0.94
GER-Bundesliga,2526,Frankfurt,Nathaniel Brown,GER,"MF,DF",22.0,33,29,2656,4,4,8,4,0.14,0.14,0.27
GER-Bundesliga,2526,Frankfurt,Oscar Højlund,DEN,MF,20.0,24,12,1089,1,1,2,1,0.08,0.08,0.17
GER-Bundesliga,2526,Frankfurt,Rasmus Kristensen,DEN,"DF,MF",28.0,22,19,1538,2,0,2,2,0.12,0.0,0.12
GER-Bundesliga,2526,Frankfurt,Ritsu Doan,JPN,MF,27.0,31,28,2364,5,5,10,5,0.19,0.19,0.38
GER-Bundesliga,2526,Freiburg,Derry Scherhant,GER,MF,22.0,31,12,1301,5,1,6,5,0.35,0.07,0.42
GER-Bundesliga,2526,Freiburg,Igor Matanović,CRO,FW,22.0,31,14,1571,11,2,13,10,0.63,0.11,0.74
GER-Bundesliga,2526,Freiburg,Jan-Niklas Beste,GER,MF,26.0,28,20,1704,2,2,4,2,0.11,0.11,0.21
GER-Bundesliga,2526,Freiburg,Johan Manzambi,SUI,MF,19.0,27,26,2077,5,4,9,5,0.22,0.17,0.39
GER-Bundesliga,2526,Freiburg,Lucas Höler,GER,"FW,MF",31.0,33,25,2037,3,1,4,3,0.13,0.04,0.18
GER-Bundesliga,2526,Freiburg,Maximilian Eggestein,GER,MF,28.0,34,34,3060,3,1,4,3,0.09,0.03,0.12
GER-Bundesliga,2526,Freiburg,Patrick Osterhage,GER,MF,25.0,20,13,1189,1,0,1,1,0.08,0.0,0.08
GER-Bundesliga,2526,Freiburg,Philipp Treu,GER,"DF,MF",24.0,28,24,2186,1,2,3,1,0.04,0.08,0.12
GER-Bundesliga,2526,Freiburg,Vincenzo Grifo,ITA,MF,32.0,33,21,1710,7,4,11,3,0.37,0.21,0.58
GER-Bundesliga,2526,Freiburg,Yuito Suzuki,JPN,MF,23.0,25,18,1632,4,2,6,4,0.22,0.11,0.33
GER-Bundesliga,2526,Gladbach,Florian Neuhaus,GER,"MF,FW",28.0,17,11,930,0,1,1,0,0.0,0.1,0.1
GER-Bundesliga,2526,Gladbach,Franck Honorat,FRA,"MF,FW",28.0,28,24,1977,2,6,8,2,0.09,0.27,0.36
GER-Bundesliga,2526,Gladbach,Haris Tabaković,BIH,FW,31.0,32,28,2382,13,3,16,13,0.49,0.11,0.6
GER-Bundesliga,2526,Gladbach,Jens Castrop,KOR,MF,22.0,26,20,1584,3,1,4,3,0.17,0.06,0.23
GER-Bundesliga,2526,Gladbach,Joe Scally,USA,"DF,MF",22.0,32,29,2608,2,3,5,2,0.07,0.1,0.17
GER-Bundesliga,2526,Gladbach,Kevin Stöger,AUT,MF,31.0,29,15,1324,1,1,2,1,0.07,0.07,0.14
GER-Bundesliga,2526,Gladbach,Luca Netz,GER,"MF,DF",22.0,15,10,940,0,2,2,0,0.0,0.19,0.19
GER-Bundesliga,2526,Gladbach,Lukas Ullrich,GER,"DF,MF",21.0,23,14,1305,0,0,0,0,0.0,0.0,0.0
GER-Bundesliga,2526,Gladbach,Philipp Sander,GER,"DF,MF",27.0,30,29,2445,2,0,2,2,0.07,0.0,0.07
GER-Bundesliga,2526,Gladbach,Rocco Reitz,GER,MF,23.0,31,31,2627,0,4,4,0,0.0,0.14,0.14
GER-Bundesliga,2526,Gladbach,Shuto Machino,JPN,"FW,MF",25.0,32,9,1076,3,1,4,3,0.25,0.08,0.33
GER-Bundesliga,2526,Gladbach,Yannik Engelhardt,GER,MF,24.0,31,29,2487,2,2,4,2,0.07,0.07,0.14
GER-Bundesliga,2526,Hamburger SV,Albert Sambi Lokonga,BEL,MF,25.0,26,20,1710,5,0,5,5,0.26,0.0,0.26
GER-Bundesliga,2526,Hamburger SV,Bakery Jatta,GAM,MF,27.0,15,12,911,1,1,2,1,0.1,0.1,0.2
GER-Bundesliga,2526,Hamburger SV,Fabio Vieira,POR,"MF,FW",25.0,29,25,2206,7,5,12,6,0.29,0.2,0.49
GER-Bundesliga,2526,Hamburger SV,Giorgi Gocholeishvili,GEO,MF,24.0,24,9,940,0,2,2,0,0.0,0.19,0.19
GER-Bundesliga,2526,Hamburger SV,Jean-Luc Dompé,FRA,"FW,MF",29.0,20,12,1138,3,0,3,2,0.24,0.0,0.24
GER-Bundesliga,2526,Hamburger SV,Miro Muheim,SUI,"MF,DF",27.0,29,27,2435,0,4,4,0,0.0,0.15,0.15
GER-Bundesliga,2526,Hamburger SV,Nicolai Remberg,GER,MF,25.0,32,32,2880,0,2,2,0,0.0,0.06,0.06
GER-Bundesliga,2526,Hamburger SV,Nicolás Capaldo,ARG,"DF,MF",26.0,26,24,2001,1,3,4,1,0.04,0.13,0.18
GER-Bundesliga,2526,Hamburger SV,Ransford Königsdörffer,GHA,"FW,MF",23.0,33,29,2329,5,1,6,5,0.19,0.04,0.23
GER-Bundesliga,2526,Hamburger SV,Rayan Philippe,FRA,"FW,MF",24.0,28,13,1285,5,0,5,5,0.35,0.0,0.35
GER-Bundesliga,2526,Hamburger SV,William Mikelbrencis,FRA,"MF,DF",21.0,26,15,1372,0,4,4,0,0.0,0.26,0.26
GER-Bundesliga,2526,Heidenheim,Arijon Ibrahimović,GER,"MF,FW",19.0,32,25,2169,2,4,6,1,0.08,0.17,0.25
GER-Bundesliga,2526,Heidenheim,Budu Zivzivadze,GEO,FW,31.0,20,14,1142,6,0,6,6,0.47,0.0,0.47
GER-Bundesliga,2526,Heidenheim,Eren Dinkçi,GER,"MF,FW",23.0,14,13,1131,3,1,4,3,0.24,0.08,0.32
GER-Bundesliga,2526,Heidenheim,Hannes Behrens,GER,"DF,MF",20.0,16,15,1318,1,2,3,1,0.07,0.14,0.2
GER-Bundesliga,2526,Heidenheim,Jan Schöppner,GER,MF,26.0,31,29,2252,3,3,6,3,0.12,0.12,0.24
GER-Bundesliga,2526,Heidenheim,Jonas Föhrenbach,GER,"DF,MF",29.0,27,25,2325,1,1,2,1,0.04,0.04,0.08
GER-Bundesliga,2526,Heidenheim,Julian Niehues,GER,MF,24.0,24,17,1383,3,0,3,3,0.2,0.0,0.2
GER-Bundesliga,2526,Heidenheim,Marnon Busch,GER,"DF,MF",30.0,29,20,1915,1,5,6,1,0.05,0.23,0.28
GER-Bundesliga,2526,Heidenheim,Marvin Pieringer,GER,"FW,MF",25.0,27,20,1650,4,1,5,3,0.22,0.05,0.27
GER-Bundesliga,2526,Heidenheim,Mathias Honsak,AUT,"MF,FW",28.0,27,15,1249,2,1,3,2,0.14,0.07,0.22
GER-Bundesliga,2526,Heidenheim,Niklas Dorsch,GER,MF,27.0,32,27,2258,0,1,1,0,0.0,0.04,0.04
GER-Bundesliga,2526,Heidenheim,Omar Traoré,GER,"DF,MF",27.0,26,16,1501,0,2,2,0,0.0,0.12,0.12
GER-Bundesliga,2526,Hoffenheim,Alexander Prass,AUT,MF,24.0,32,12,1308,3,2,5,3,0.21,0.14,0.34
GER-Bundesliga,2526,Hoffenheim,Andrej Kramarić,CRO,"MF,FW",34.0,34,26,2207,14,6,20,9,0.57,0.24,0.82
GER-Bundesliga,2526,Hoffenheim,Bazoumana Touré,CIV,"MF,FW",19.0,30,29,2308,5,9,14,5,0.19,0.35,0.55
GER-Bundesliga,2526,Hoffenheim,Fisnik Asllani,KVX,"FW,MF",22.0,33,31,2335,10,7,17,10,0.39,0.27,0.66
GER-Bundesliga,2526,Hoffenheim,Grischa Prömel,GER,MF,30.0,33,16,1758,7,2,9,7,0.36,0.1,0.46
GER-Bundesliga,2526,Hoffenheim,Leon Avdullahu,KVX,MF,21.0,33,32,2834,0,1,1,0,0.0,0.03,0.03
GER-Bundesliga,2526,Hoffenheim,Tim Lemperle,GER,FW,23.0,29,24,1944,8,2,10,7,0.37,0.09,0.46
GER-Bundesliga,2526,Hoffenheim,Vladimír Coufal,CZE,"DF,MF",32.0,34,34,3012,1,8,9,1,0.03,0.24,0.27
GER-Bundesliga,2526,Hoffenheim,Wouter Burger,NED,MF,24.0,30,30,2430,4,5,9,4,0.15,0.19,0.33
GER-Bundesliga,2526,Köln,Eric Martel,GER,"MF,DF",23.0,31,30,2559,2,2,4,2,0.07,0.07,0.14
GER-Bundesliga,2526,Köln,Jakub Kamiński,POL,"MF,FW",23.0,34,34,3016,7,3,10,7,0.21,0.09,0.3
GER-Bundesliga,2526,Köln,Jan Thielmann,GER,"MF,FW",23.0,26,20,1540,3,1,4,3,0.18,0.06,0.23
GER-Bundesliga,2526,Köln,Kristoffer Lund,USA,"DF,MF",23.0,33,26,2276,0,2,2,0,0.0,0.08,0.08
GER-Bundesliga,2526,Köln,Linton Maina,GER,"MF,FW",26.0,24,9,1023,2,0,2,2,0.18,0.0,0.18
GER-Bundesliga,2526,Köln,Marius Bülter,GER,"FW,MF",32.0,32,18,1597,5,4,9,5,0.28,0.23,0.51
GER-Bundesliga,2526,Köln,Ragnar Ache,GER,FW,27.0,29,18,1718,7,4,11,7,0.37,0.21,0.58
GER-Bundesliga,2526,Köln,Said El Mala,GER,"FW,MF",18.0,34,20,1956,13,4,17,12,0.6,0.18,0.78
GER-Bundesliga,2526,Köln,Sebastian Sebulonsen,NOR,"DF,MF",25.0,31,28,2498,0,0,0,0,0.0,0.0,0.0
GER-Bundesliga,2526,Köln,Tom Krauß,GER,"MF,DF",24.0,26,19,1780,0,2,2,0,0.0,0.1,0.1
GER-Bundesliga,2526,Köln,Ísak Jóhannesson,ISL,MF,22.0,31,21,1809,1,2,3,1,0.05,0.1,0.15
GER-Bundesliga,2526,Leverkusen,Aleix García,ESP,MF,28.0,33,31,2667,3,8,11,3,0.1,0.27,0.37
GER-Bundesliga,2526,Leverkusen,Arthur,BRA,MF,22.0,20,13,1136,1,3,4,1,0.08,0.24,0.32
GER-Bundesliga,2526,Leverkusen,Christian Kofane,CMR,FW,19.0,29,12,1239,5,4,9,5,0.36,0.29,0.65
GER-Bundesliga,2526,Leverkusen,Ernest Poku,NED,MF,21.0,29,16,1482,5,5,10,5,0.3,0.3,0.61
GER-Bundesliga,2526,Leverkusen,Exequiel Palacios,ARG,MF,26.0,18,12,1099,0,1,1,0,0.0,0.08,0.08
GER-Bundesliga,2526,Leverkusen,Ezequiél Fernández,ARG,MF,23.0,20,12,984,0,1,1,0,0.0,0.09,0.09
GER-Bundesliga,2526,Leverkusen,Ibrahim Maza,ALG,MF,19.0,28,20,1849,3,4,7,3,0.15,0.19,0.34
GER-Bundesliga,2526,Leverkusen,Jonas Hofmann,GER,MF,33.0,23,11,1013,2,2,4,2,0.18,0.18,0.36
GER-Bundesliga,2526,Leverkusen,Malik Tillman,USA,MF,23.0,29,18,1674,6,1,7,6,0.32,0.05,0.38
GER-Bundesliga,2526,Leverkusen,Patrik Schick,CZE,FW,29.0,28,23,1988,16,3,19,12,0.72,0.14,0.86
GER-Bundesliga,2526,Leverkusen,Robert Andrich,GER,"DF,MF",30.0,32,29,2546,2,0,2,2,0.07,0.0,0.07
GER-Bundesliga,2526,Leverkusen,Álex Grimaldo,ESP,MF,29.0,29,29,2521,8,7,15,5,0.29,0.25,0.54
GER-Bundesliga,2526,Mainz 05,Danny da Costa,GER,"DF,MF",32.0,34,30,2695,2,3,5,2,0.07,0.1,0.17
GER-Bundesliga,2526,Mainz 05,Kaishū Sano,JPN,MF,24.0,34,34,3059,1,2,3,1,0.03,0.06,0.09
GER-Bundesliga,2526,Mainz 05,Lee Jae-sung,KOR,"MF,FW",32.0,28,26,2185,4,2,6,4,0.16,0.08,0.25
GER-Bundesliga,2526,Mainz 05,Nadiem Amiri,GER,MF,28.0,26,24,2083,12,2,14,4,0.52,0.09,0.6
GER-Bundesliga,2526,Mainz 05,Paul Nebel,GER,MF,22.0,30,24,2073,5,2,7,5,0.22,0.09,0.3
GER-Bundesliga,2526,Mainz 05,Phillip Tietz,GER,FW,28.0,19,19,1610,5,2,7,5,0.28,0.11,0.39
GER-Bundesliga,2526,Mainz 05,Phillipp Mwene,AUT,MF,31.0,29,24,2069,1,2,3,1,0.04,0.09,0.13
GER-Bundesliga,2526,Mainz 05,Sheraldo Becker,SUR,FW,30.0,14,11,946,3,3,6,3,0.29,0.29,0.57
GER-Bundesliga,2526,Mainz 05,Silvan Widmer,SUI,MF,32.0,27,22,1810,2,1,3,2,0.1,0.05,0.15
GER-Bundesliga,2526,RB Leipzig,Antonio Nusa,NOR,"FW,MF",20.0,31,24,2027,4,3,7,4,0.18,0.13,0.31
GER-Bundesliga,2526,RB Leipzig,Assan Ouédraogo,GER,MF,19.0,19,13,948,4,3,7,4,0.38,0.28,0.66
GER-Bundesliga,2526,RB Leipzig,Christoph Baumgartner,AUT,MF,25.0,33,32,2780,13,8,21,13,0.42,0.26,0.68
GER-Bundesliga,2526,RB Leipzig,Conrad Harder,DEN,FW,20.0,29,8,932,3,3,6,3,0.29,0.29,0.58
GER-Bundesliga,2526,RB Leipzig,Nicolas Seiwald,AUT,MF,24.0,33,31,2694,0,2,2,0,0.0,0.07,0.07
GER-Bundesliga,2526,RB Leipzig,Rômulo,BRA,FW,23.0,30,27,2188,9,4,13,9,0.37,0.16,0.53
GER-Bundesliga,2526,RB Leipzig,Xaver Schlager,AUT,MF,27.0,26,21,1837,3,1,4,3,0.15,0.05,0.2
GER-Bundesliga,2526,RB Leipzig,Yan Diomandé,CIV,"FW,MF",18.0,33,28,2472,12,8,20,12,0.44,0.29,0.73
GER-Bundesliga,2526,St Pauli,Andreas Hountondji,BEN,FW,23.0,21,15,1067,4,0,4,4,0.34,0.0,0.34
GER-Bundesliga,2526,St Pauli,Arkadiusz Pyrka,POL,MF,22.0,31,30,2576,0,1,1,0,0.0,0.03,0.03
GER-Bundesliga,2526,St Pauli,Danel Sinani,LUX,"MF,FW",28.0,30,23,2069,5,3,8,2,0.22,0.13,0.35
GER-Bundesliga,2526,St Pauli,Eric Smith,SWE,"DF,MF",28.0,27,26,2311,2,2,4,2,0.08,0.08,0.16
GER-Bundesliga,2526,St Pauli,Jackson Irvine,AUS,MF,32.0,24,18,1624,0,1,1,0,0.0,0.06,0.06
GER-Bundesliga,2526,St Pauli,James Sands,USA,MF,25.0,24,23,1934,1,0,1,1,0.05,0.0,0.05
GER-Bundesliga,2526,St Pauli,Joel Fujita,JPN,MF,23.0,32,31,2665,1,3,4,1,0.03,0.1,0.14
GER-Bundesliga,2526,St Pauli,Lars Ritzka,GER,"MF,DF",27.0,21,12,966,0,0,0,0,0.0,0.0,0.0
GER-Bundesliga,2526,St Pauli,Louis Oppie,GER,MF,23.0,23,17,1620,1,0,1,1,0.06,0.0,0.06
GER-Bundesliga,2526,St Pauli,Manolis Saliakas,GRE,MF,28.0,17,12,1106,1,3,4,1,0.08,0.24,0.33
GER-Bundesliga,2526,St Pauli,Martijn Kaars,NED,FW,26.0,29,14,1348,3,1,4,2,0.2,0.07,0.27
GER-Bundesliga,2526,St Pauli,Mathias Pereira Lage,POR,"MF,FW",28.0,28,25,2018,2,2,4,2,0.09,0.09,0.18
GER-Bundesliga,2526,Stuttgart,Angelo Stiller,GER,MF,24.0,34,30,2743,2,5,7,2,0.07,0.16,0.23
GER-Bundesliga,2526,Stuttgart,Atakan Karazor,TUR,MF,28.0,28,22,1884,0,1,1,0,0.0,0.05,0.05
GER-Bundesliga,2526,Stuttgart,Bilal El Khannouss,MAR,"MF,FW",21.0,25,19,1630,4,5,9,4,0.22,0.28,0.5
GER-Bundesliga,2526,Stuttgart,Chema,ESP,MF,20.0,25,14,1310,3,0,3,3,0.21,0.0,0.21
GER-Bundesliga,2526,Stuttgart,Chris Führich,GER,MF,27.0,33,20,1698,7,7,14,7,0.37,0.37,0.74
GER-Bundesliga,2526,Stuttgart,Deniz Undav,GER,"FW,MF",29.0,29,25,2241,19,7,26,19,0.76,0.28,1.04
GER-Bundesliga,2526,Stuttgart,Ermedin Demirović,BIH,FW,27.0,25,17,1497,12,3,15,11,0.72,0.18,0.9
GER-Bundesliga,2526,Stuttgart,Jamie Leweling,GER,MF,24.0,32,26,2367,7,9,16,7,0.27,0.34,0.61
GER-Bundesliga,2526,Stuttgart,Josha Vagnoman,GER,"DF,MF",24.0,27,18,1587,1,3,4,1,0.06,0.17,0.23
GER-Bundesliga,2526,Stuttgart,Lorenz Assignon,TOG,"DF,MF",25.0,24,12,1094,0,0,0,0,0.0,0.0,0.0
GER-Bundesliga,2526,Stuttgart,Maximilian Mittelstädt,GER,"DF,MF",28.0,32,24,2186,6,4,10,2,0.25,0.16,0.41
GER-Bundesliga,2526,Stuttgart,Nikolas Nartey,DEN,MF,25.0,28,14,1256,4,3,7,4,0.29,0.21,0.5
GER-Bundesliga,2526,Stuttgart,Tiago Tomás,POR,"MF,FW",23.0,27,10,1020,5,3,8,5,0.44,0.26,0.71
GER-Bundesliga,2526,Union Berlin,Aljoscha Kemlein,GER,MF,20.0,30,23,1959,0,2,2,0,0.0,0.09,0.09
GER-Bundesliga,2526,Union Berlin,Andrej Ilic,SRB,FW,25.0,32,24,2257,5,10,15,5,0.2,0.4,0.6
GER-Bundesliga,2526,Union Berlin,András Schäfer,HUN,MF,26.0,28,16,1421,2,1,3,2,0.13,0.06,0.19
GER-Bundesliga,2526,Union Berlin,Christopher Trimmel,AUT,"MF,DF",38.0,29,22,1861,0,3,3,0,0.0,0.15,0.15
GER-Bundesliga,2526,Union Berlin,Derrick Köhn,GHA,"MF,DF",26.0,29,21,1899,1,2,3,0,0.05,0.09,0.14
GER-Bundesliga,2526,Union Berlin,Ilyas Ansah,GER,"MF,FW",20.0,33,23,1892,5,1,6,5,0.24,0.05,0.29
GER-Bundesliga,2526,Union Berlin,Janik Haberer,GER,MF,31.0,28,20,1646,0,1,1,0,0.0,0.05,0.05
GER-Bundesliga,2526,Union Berlin,Jeong Woo-yeong,KOR,"MF,FW",25.0,28,13,1197,4,1,5,4,0.3,0.08,0.38
GER-Bundesliga,2526,Union Berlin,Oliver Burke,SCO,"FW,MF",28.0,29,21,1664,6,2,8,6,0.32,0.11,0.43
GER-Bundesliga,2526,Union Berlin,Rani Khedira,TUN,MF,31.0,32,32,2830,5,1,6,5,0.16,0.03,0.19
GER-Bundesliga,2526,Union Berlin,Tom Rothe,GER,"MF,DF",20.0,21,10,1029,2,0,2,2,0.17,0.0,0.17
GER-Bundesliga,2526,Werder Bremen,Cameron Puertas,SUI,MF,26.0,28,22,1846,1,2,3,1,0.05,0.1,0.15
GER-Bundesliga,2526,Werder Bremen,Jens Stage,DEN,MF,28.0,29,29,2460,10,2,12,10,0.37,0.07,0.44
GER-Bundesliga,2526,Werder Bremen,Justin Njinmah,GER,"FW,MF",24.0,33,22,1947,5,0,5,5,0.23,0.0,0.23
GER-Bundesliga,2526,Werder Bremen,Marco Grüll,AUT,"MF,FW",27.0,33,23,2006,3,1,4,3,0.13,0.04,0.18
GER-Bundesliga,2526,Werder Bremen,Olivier Deman,BEL,"DF,MF",25.0,16,14,1254,1,2,3,1,0.07,0.14,0.22
GER-Bundesliga,2526,Werder Bremen,Romano Schmid,AUT,"MF,FW",25.0,34,34,2982,4,8,12,1,0.12,0.24,0.36
GER-Bundesliga,2526,Werder Bremen,Samuel Mbangula,BEL,"MF,FW",21.0,26,12,1171,3,2,5,3,0.23,0.15,0.38
GER-Bundesliga,2526,Werder Bremen,Senne Lynen,BEL,MF,26.0,31,31,2752,0,0,0,0,0.0,0.0,0.0
GER-Bundesliga,2526,Werder Bremen,Yukinari Sugawara,JPN,"DF,MF",25.0,31,29,2428,0,6,6,0,0.0,0.22,0.22
GER-Bundesliga,2526,Wolfsburg,Aaron Zehnter,GER,"DF,MF",20.0,20,17,1456,2,0,2,2,0.12,0.0,0.12
GER-Bundesliga,2526,Wolfsburg,Adam Daghim,DEN,"MF,FW",19.0,27,12,1364,2,3,5,2,0.13,0.2,0.33
GER-Bundesliga,2526,Wolfsburg,Christian Eriksen,DEN,MF,33.0,31,27,2410,3,9,12,0,0.11,0.34,0.45
GER-Bundesliga,2526,Wolfsburg,Dženan Pejčinović,GER,FW,20.0,30,16,1460,8,0,8,8,0.49,0.0,0.49
GER-Bundesliga,2526,Wolfsburg,Joakim Mæhle,DEN,"MF,DF",28.0,16,14,1222,1,2,3,1,0.07,0.15,0.22
GER-Bundesliga,2526,Wolfsburg,Lovro Majer,CRO,MF,27.0,28,16,1371,2,3,5,2,0.13,0.2,0.33
GER-Bundesliga,2526,Wolfsburg,Maximilian Arnold,GER,MF,31.0,25,20,1859,1,4,5,1,0.05,0.19,0.24
GER-Bundesliga,2526,Wolfsburg,Mohamed Amoura,ALG,"FW,MF",25.0,30,23,1919,8,3,11,7,0.38,0.14,0.52
GER-Bundesliga,2526,Wolfsburg,Patrick Wimmer,AUT,MF,24.0,25,21,1621,4,3,7,4,0.22,0.17,0.39
GER-Bundesliga,2526,Wolfsburg,Sael Kumbedi,FRA,"DF,MF",20.0,24,20,1804,0,5,5,0,0.0,0.25,0.25
GER-Bundesliga,2526,Wolfsburg,Vinicius Souza,BRA,MF,26.0,24,22,1764,0,0,0,0,0.0,0.0,0.0
GER-Bundesliga,2526,Wolfsburg,Yannick Gerhardt,GER,MF,31.0,19,12,1068,1,0,1,1,0.08,0.0,0.08
